name,latitude,longitude
AGA International S.A. Niederlassung für Deutschland,48.11,11.57
AK Heidberg,53.67,10.03
AK Ochsenzoll,53.67,10.00
AKS - Arbeitskreis Kultursponsoring,52.51,13.41
ALSTOM Power Generation Aktiengesellschaft,49.51,8.51
ARAG,51.25,6.80
ARAL Aktiengesellschaft,51.48,7.23
ARGE Land,49.44,7.77
ARGE Landkreis Kaiserslautern,49.44,7.77
ARGE Stadt Kaiserslautern,49.44,7.77
ASmediaSystems/DCS,51.45,7.02
AVG,49.51,8.52
AVM,52.52,13.34
AVU Aktiengesellschaft für Versorgungs- Unternehmen,51.33,7.35
Aach,47.84,8.85
Aach,49.78,6.60
Aachen,50.72,6.15
Aachen,50.75,6.05
Aachen,50.78,6.09
Aachen,50.78,6.16
Aalen,48.84,10.09
Aalen,48.86,10.10
Aarbergen,50.25,8.07
Aasbüttel,54.07,9.43
Abbenrode,51.93,10.63
Abberode,51.62,11.29
Abele-Optik,50.11,8.54
Abenberg,49.24,10.96
Abensberg,48.82,11.85
Abentheuer,49.65,7.10
Abfallwirtschaft Landkreis Breisgau Hochschwarzwald,48.00,7.84
Absberg,49.14,10.88
Abstatt,49.07,9.29
Abtlöbnitz,51.08,11.72
Abtsbessingen,51.26,10.76
Abtsdorf,51.89,12.73
Abtsgmünd,48.90,10.00
Abtsteinach,49.54,8.79
Abtswind,49.77,10.37
Abtweiler,49.75,7.65
Achberg,47.63,9.72
Achern,48.63,8.08
Achim,52.06,10.61
Achim,53.01,9.03
Achslach,48.97,12.94
Achstetten,48.26,9.90
Acht,50.37,7.07
Achtelsbach,49.63,7.09
Achterwehr,54.31,9.97
Achtrup,54.79,9.03
Ackendorf,52.22,11.44
Adamshoffnung,53.45,12.36
Adecco,48.03,7.86
Adelberg,48.76,9.60
Adelebsen,51.58,9.75
Adelheidsdorf,52.56,10.06
Adelmannsfelden,48.95,10.00
Adelschlag,48.84,11.22
Adelsdorf,49.71,10.89
Adelsheim,49.40,9.39
Adelshofen,48.18,11.12
Adelshofen,49.43,10.17
Adelsried,48.42,10.72
Adelzhausen,48.36,11.14
Adenau,50.38,6.93
Adenbach,49.67,7.65
Adenbüttel,52.38,10.45
Adendorf,53.28,10.44
Adenstedt,52.00,9.94
Aderstedt,51.78,11.70
Aderstedt,52.03,11.00
Adlershorst Baugenossenschaft,53.68,9.99
Adlkofen,48.55,12.27
Admannshagen-Bargeshagen,54.13,12.00
Adorf,50.32,12.26
Aebtissinwisch,53.97,9.28
Aerzen,52.05,9.26
Affalterbach,48.92,9.32
Affing,48.47,10.98
Affinghausen,52.78,8.88
Affler,50.02,6.15
Agathenburg,53.56,9.53
Agentur f. Arbeit Berlin Mitte,52.51,13.39
Agentur für Arbeit,54.07,13.38
Agentur für Arbeit Aachen,50.81,6.06
Agentur für Arbeit Aalen,48.83,10.09
Agentur für Arbeit Annaberg-Buchholz,50.59,13.01
Agentur für Arbeit Ansbach,49.30,10.57
Agentur für Arbeit Aschaffenburg,49.98,9.16
Agentur für Arbeit Augsburg,48.38,10.89
Agentur für Arbeit Bad Hersfeld,50.87,9.70
Agentur für Arbeit Bad Homburg,50.21,8.65
Agentur für Arbeit Bad Kreuznach,49.84,7.87
Agentur für Arbeit Bad Neustadt,50.32,10.22
Agentur für Arbeit Bad Oldesloe,53.81,10.38
Agentur für Arbeit Balingen,48.27,8.85
Agentur für Arbeit Bamberg,49.90,10.91
Agentur für Arbeit Bautzen,51.16,14.43
Agentur für Arbeit Bergisch Gladbach,50.99,7.13
Agentur für Arbeit Berlin Mitte,52.51,13.39
Agentur für Arbeit Berlin Mitte Gst. Mahrzahn-Hellersdorf,52.54,13.61
Agentur für Arbeit Berlin Nord,52.52,13.28
Agentur für Arbeit Berlin Süd,52.47,13.46
Agentur für Arbeit Berlin Süd Gst. Tempelhof-Schöneberg,52.45,13.38
Agentur für Arbeit Bielefeld,52.02,8.54
Agentur für Arbeit Bochum,51.47,7.23
Agentur für Arbeit Bonn,50.71,7.06
Agentur für Arbeit Braunschweig,52.25,10.51
Agentur für Arbeit Bremen,53.09,8.80
Agentur für Arbeit Brühl,50.83,6.90
Agentur für Arbeit Böblingen,48.68,9.00
Agentur für Arbeit Celle,52.63,10.08
Agentur für Arbeit Chemnitz,50.81,12.91
Agentur für Arbeit Coburg,50.27,10.96
Agentur für Arbeit Coesfeld,51.95,7.17
Agentur für Arbeit Cottbus,51.76,14.33
Agentur für Arbeit Darmstadt,49.86,8.64
Agentur für Arbeit Deggendorf,48.84,12.96
Agentur für Arbeit Detmold,51.94,8.86
Agentur für Arbeit Donauwörth,48.72,10.79
Agentur für Arbeit Dortmund,51.52,7.46
Agentur für Arbeit Dresden,51.04,13.72
Agentur für Arbeit Duisburg,51.44,6.78
Agentur für Arbeit Düsseldorf,51.24,6.82
Agentur für Arbeit Eberswalde,52.84,13.81
Agentur für Arbeit Elmshorn,53.76,9.66
Agentur für Arbeit Essen,51.46,7.00
Agentur für Arbeit Flensburg,54.79,9.42
Agentur für Arbeit Frankfurt (Oder),52.33,14.53
Agentur für Arbeit Frankfurt am Main,50.11,8.69
Agentur für Arbeit Freiberg,50.91,13.34
Agentur für Arbeit Freiburg,48.00,7.83
Agentur für Arbeit Freising,48.40,11.75
Agentur für Arbeit Fulda,50.55,9.68
Agentur für Arbeit Gelsenkirchen,51.51,7.09
Agentur für Arbeit Gelsenkirchen-Buer,51.57,7.06
Agentur für Arbeit Gießen,50.59,8.68
Agentur für Arbeit Göppingen,48.70,9.66
Agentur für Arbeit Göttingen,51.54,9.92
Agentur für Arbeit Hagen,51.35,7.44
Agentur für Arbeit Hainichen,50.97,13.12
Agentur für Arbeit Hamburg,53.55,10.02
Agentur für Arbeit Hameln,52.11,9.36
Agentur für Arbeit Hamm,51.68,7.82
Agentur für Arbeit Hanau,50.12,8.93
Agentur für Arbeit Hannover,52.38,9.73
Agentur für Arbeit Heide,54.20,9.10
Agentur für Arbeit Heidelberg,49.40,8.68
Agentur für Arbeit Heilbronn,49.13,9.21
Agentur für Arbeit Helmstedt,52.22,11.02
Agentur für Arbeit Herford,52.12,8.67
Agentur für Arbeit Hildesheim,52.16,9.96
Agentur für Arbeit Hof,50.31,11.91
Agentur für Arbeit Hünfeld,50.67,9.76
Agentur für Arbeit Ingolstadt,48.77,11.43
Agentur für Arbeit Iserlohn,51.37,7.71
Agentur für Arbeit Jena,50.92,11.59
Agentur für Arbeit Kaiserslautern,49.44,7.77
Agentur für Arbeit Karlsruhe,49.00,8.39
Agentur für Arbeit Kempten,47.73,10.32
Agentur für Arbeit Kiel,54.31,10.13
Agentur für Arbeit Koblenz,50.36,7.57
Agentur für Arbeit Konstanz,47.67,9.16
Agentur für Arbeit Korbach,51.27,8.86
Agentur für Arbeit Krefeld,51.33,6.57
Agentur für Arbeit Köln,50.98,6.90
Agentur für Arbeit Landau in der Pfalz,49.20,8.13
Agentur für Arbeit Landshut,48.54,12.14
Agentur für Arbeit Leer,53.23,7.46
Agentur für Arbeit Leipzig,51.37,12.32
Agentur für Arbeit Limburg an der Lahn,50.39,8.05
Agentur für Arbeit Ludwigsburg,48.89,9.20
Agentur für Arbeit Ludwigshafen am Rhein,49.48,8.44
Agentur für Arbeit Lörrach,47.61,7.67
Agentur für Arbeit Lübeck,53.85,10.68
Agentur für Arbeit Lüneburg,53.25,10.41
Agentur für Arbeit Mainz,50.00,8.25
Agentur für Arbeit Mannheim,49.49,8.47
Agentur für Arbeit Marburg,50.82,8.77
Agentur für Arbeit Mayen,50.33,7.24
Agentur für Arbeit Mettmann,51.26,6.99
Agentur für Arbeit Montabaur,50.44,7.84
Agentur für Arbeit Mönchengladbach,51.20,6.45
Agentur für Arbeit München,48.13,11.56
Agentur für Arbeit Münster,51.93,7.65
Agentur für Arbeit Nagold,48.55,8.73
Agentur für Arbeit Nebenstelle Fürth,49.46,11.00
Agentur für Arbeit Neubrandenburg,53.57,13.27
Agentur für Arbeit Neumünster,54.07,9.99
Agentur für Arbeit Neuruppin,52.89,12.81
Agentur für Arbeit Neuwied,50.43,7.47
Agentur für Arbeit Nordhorn,52.43,7.06
Agentur für Arbeit Nürnberg,49.45,11.08
Agentur für Arbeit Oberhausen,51.48,6.86
Agentur für Arbeit Offenbach,50.11,8.75
Agentur für Arbeit Offenburg,48.47,7.98
Agentur für Arbeit Oldenburg,53.14,8.23
Agentur für Arbeit Oschatz,51.30,13.12
Agentur für Arbeit Osnabrück,52.27,8.05
Agentur für Arbeit Paderborn,51.71,8.74
Agentur für Arbeit Passau,48.57,13.46
Agentur für Arbeit Pirna,50.95,13.94
Agentur für Arbeit Plauen,50.50,12.12
Agentur für Arbeit Potsdam,52.38,13.09
Agentur für Arbeit Ravensburg,47.79,9.62
Agentur für Arbeit Recklinghausen,51.62,7.20
Agentur für Arbeit Regensburg,49.00,12.10
Agentur für Arbeit Reutlingen,48.49,9.22
Agentur für Arbeit Rheine,52.27,7.42
Agentur für Arbeit Riesa,51.31,13.29
Agentur für Arbeit Rosenheim,47.86,12.11
Agentur für Arbeit Rostock,54.09,12.09
Agentur für Arbeit Saarbrücken,49.24,6.99
Agentur für Arbeit Sachsen-Anhalt Nord,52.14,11.65
Agentur für Arbeit Sachsen-Anhalt Ost,51.84,12.23
Agentur für Arbeit Sachsen-Anhalt Süd,51.51,11.96
Agentur für Arbeit Sachsen-Anhalt West,51.90,11.06
Agentur für Arbeit Schwandorf,49.33,12.11
Agentur für Arbeit Schweinfurt,50.04,10.22
Agentur für Arbeit Schwerin,53.66,11.36
Agentur für Arbeit Schwäbisch Gmünd,48.79,9.79
Agentur für Arbeit Schwäbisch Hall,49.11,9.73
Agentur für Arbeit Siegen,50.88,8.03
Agentur für Arbeit Soest,51.57,8.10
Agentur für Arbeit Stade,53.60,9.48
Agentur für Arbeit Stralsund,54.31,13.07
Agentur für Arbeit Stuttgart,48.79,9.19
Agentur für Arbeit Thüringen Mitte,50.96,11.04
Agentur für Arbeit Thüringen Nord,51.50,10.79
Agentur für Arbeit Thüringen Ost,50.87,12.08
Agentur für Arbeit Thüringen Südwest,50.61,10.68
Agentur für Arbeit Titisee-Neustadt,47.91,8.21
Agentur für Arbeit Traunstein,47.87,12.62
Agentur für Arbeit Trier,49.77,6.67
Agentur für Arbeit Uelzen Interner Dienstbetrieb Lüneburg,52.97,10.56
Agentur für Arbeit Ulm,48.40,10.00
Agentur für Arbeit Vechta,52.72,8.28
Agentur für Arbeit Verden,52.92,9.24
Agentur für Arbeit Villingen-Schwenningen,48.05,8.46
Agentur für Arbeit Waiblingen,48.83,9.31
Agentur für Arbeit Weiden i. d. OPf.,49.67,12.16
Agentur für Arbeit Weilheim i. OB,47.83,11.15
Agentur für Arbeit Weißenburg i. Bay.,49.03,10.97
Agentur für Arbeit Wesel,51.67,6.61
Agentur für Arbeit Wetzlar,50.56,8.50
Agentur für Arbeit Wiesbaden,50.08,8.22
Agentur für Arbeit Worms,49.63,8.35
Agentur für Arbeit Wuppertal,51.26,7.17
Agentur für Arbeit Würzburg,49.78,9.93
Agentur für Arbeit Zwickau,50.72,12.48
Agethorst,54.02,9.44
Aglasterhausen,49.36,8.99
Aham,48.53,12.46
Ahaus,52.09,6.97
Ahausen,53.07,9.32
Ahlbeck,53.67,14.19
Ahlbeck,53.93,14.20
Ahlden (Aller),52.77,9.55
Ahlefeld,54.40,9.68
Ahlen,51.76,7.88
Ahlerstedt,53.40,9.45
Ahlsdorf,51.55,11.47
Ahlstädt,50.53,10.68
Ahlum,52.69,11.01
Ahnatal,51.35,9.38
Ahneby,54.72,9.73
Ahnsbeck,52.61,10.29
Ahnsen,52.25,9.10
Aholfing,48.94,12.47
Aholming,48.74,12.91
Ahorn,49.51,9.53
Ahorn,50.24,10.95
Ahorntal,49.85,11.43
Ahrbrück,50.48,6.99
Ahrens + Sieberz,50.79,7.28
Ahrensburg,53.68,10.23
Ahrensbök,54.01,10.57
Ahrensfelde,52.58,13.58
Ahrenshagen-Daskow,54.25,12.57
Ahrenshoop,54.38,12.43
Ahrenshöft,54.55,9.07
Ahrenviöl,54.53,9.21
Ahrenviölfeld,54.53,9.27
Aicha vorm Wald,48.68,13.30
Aichach,48.46,11.13
Aichelberg,48.64,9.56
Aichen,48.23,10.54
Aichhalden,48.27,8.40
Aichstetten,47.89,10.08
Aichtal,48.63,9.27
Aichwald,48.75,9.39
Aidenbach,48.57,13.09
Aidhausen,50.15,10.43
Aidlingen,48.68,8.90
Aiglsbach,48.69,11.71
Ailertchen,50.60,7.94
Aindling,48.51,10.95
Ainring,47.81,12.94
Airbus Group,48.04,11.62
Airbus Industrie,53.62,10.00
Airtours International,50.12,8.63
Aislingen,48.51,10.46
Aiterhofen,48.84,12.62
Aitern,47.80,7.90
Aitrach,47.93,10.08
Aitrang,47.82,10.53
Aken,51.85,12.04
Aktion Mensch,50.70,7.14
Albaching,48.12,12.12
Albbruck,47.59,8.13
Albersdorf,50.90,11.77
Albersdorf,54.15,9.28
Albershausen,48.69,9.56
Albersroda,51.28,11.72
Alberstedt,51.45,11.63
Albersweiler,49.22,8.03
Albert Eisele,53.68,10.00
Albertinen Krankenhaus,53.63,9.91
Albertshofen,49.77,10.17
Albessen,49.52,7.33
Albig,49.77,8.12
Albisheim (Pfrimm),49.65,8.10
Albsfelde,53.68,10.70
Albstadt,48.21,9.03
Albstadt,48.25,9.02
Aldenhoven,50.90,6.28
Aldersbach,48.59,13.09
Aldingen,48.10,8.70
Alerheim,48.85,10.62
Alesheim,49.05,10.87
Aletshausen,48.20,10.39
Alf,50.05,7.12
Alfdorf,48.84,9.72
Alfeld,49.43,11.55
Alfeld (Leine),51.99,9.82
Alfhausen,52.50,7.95
Alflen,50.18,7.04
Alfstedt,53.55,9.07
Alfter,50.73,7.02
Algenstedt,52.60,11.44
Algermissen,52.25,9.97
Alheim,51.03,9.67
Alikendorf,51.99,11.28
Alken,50.25,7.45
Alkersleben,50.85,11.03
Alkersum,54.71,8.51
Allenbach,49.75,7.17
Allendorf,50.27,8.00
Allendorf,50.65,11.16
Allendorf (Eder),51.03,8.68
Allendorf (Eder) Battenfeld,51.03,8.67
Allendorf (Eder) Haine,51.03,8.72
Allendorf (Eder) Osterfeld,51.05,8.65
Allendorf (Eder) Rennertehausen,51.02,8.68
Allendorf (Lumda),50.68,8.83
Allenfeld,49.87,7.67
Allensbach,47.72,9.07
Alleringersleben,52.21,11.14
Allersberg,49.25,11.24
Allershausen,48.43,11.60
Alleshausen,48.10,9.62
Allgemeine Zeitung,52.96,10.58
Allianz Global Assistance International S.A. Deutschland,48.15,11.68
Alling,48.14,11.30
Allmannshofen,48.61,10.81
Allmannsweiler,48.03,9.59
Allmendingen,48.33,9.72
Allmersbach im Tal,48.91,9.47
Allrode,51.68,10.97
Allstedt,51.40,11.39
Almdorf,54.58,9.02
Almersbach,50.68,7.63
Almstedt,52.03,9.96
Alpen,51.58,6.52
Alpenrod,50.63,7.87
Alperstedt,51.09,11.05
Alpirsbach,48.35,8.40
Alsbach,50.46,7.66
Alsbach-Hähnlein,49.74,8.60
Alsdorf,49.89,6.47
Alsdorf,50.78,7.89
Alsdorf,50.88,6.16
Alsenbrück-Langmeil,49.57,7.88
Alsenz,49.72,7.82
Alsfeld,50.75,9.27
Alsheim,49.77,8.34
Alsleben (Saale),51.70,11.67
Alstom LHB,52.14,10.41
Alt Bennebek,54.38,9.43
Alt Bukow,54.00,11.61
Alt Duvenstedt,54.37,9.65
Alt Krenzlin,53.32,11.31
Alt Krüssow,53.15,12.27
Alt Kätwin,53.96,12.32
Alt Meteln,53.75,11.34
Alt Mölln,53.62,10.66
Alt Rehse,53.50,13.16
Alt Ruppin,52.95,12.85
Alt Schwerin,53.51,12.35
Alt Schönau,53.58,12.73
Alt Sührkow,53.80,12.65
Alt Tellin,53.84,13.24
Alt Tucheband,52.54,14.51
Alt Tucheband Alt Tucheband,52.54,14.51
Alt Tucheband Hathenow,52.50,14.54
Alt Tucheband Ratstock,52.52,14.54
Alt Zachun,53.49,11.34
Alt Zauche,51.92,14.01
Alt-Schadow,52.13,13.95
Alta Dienstleistungsgesellschaft,52.25,10.52
Altbach,48.72,9.38
Altbrandsleben,52.07,11.25
Altdorf,48.56,12.11
Altdorf,48.59,9.27
Altdorf,48.63,9.00
Altdorf,49.29,8.22
Altdorf,49.39,11.36
Altdöbern,51.65,14.03
Alte Hansestadt Lemgo Der Bürgermeister,52.03,8.90
Alte Leipziger,50.21,8.57
Altefähr,54.33,13.13
Alteglofsheim,48.92,12.20
Altena,51.29,7.67
Altenahr,50.52,6.99
Altenau,51.80,10.44
Altenbamberg,49.78,7.83
Altenbeken,51.76,8.94
Altenberg,50.77,13.75
Altenberga,50.83,11.53
Altenberge,52.05,7.47
Altenbeuthen,50.59,11.60
Altenbrak,51.73,10.94
Altenbuch,49.83,9.40
Altenburg,50.99,12.44
Altendiez,50.37,7.98
Altendorf,49.41,12.28
Altendorf,49.80,11.02
Altenfeld,50.57,10.97
Altenglan,49.55,7.47
Altengottern,51.16,10.58
Altenhagen,53.76,13.11
Altenhagen,54.03,11.80
Altenhausen,52.26,11.25
Altenhof,52.91,13.71
Altenhof,53.35,12.36
Altenhof,54.43,9.87
Altenholz,54.40,10.13
Altenkirchen,49.44,7.32
Altenkirchen,50.69,7.64
Altenkirchen,54.64,13.34
Altenkrempe,54.13,10.83
Altenkunstadt,50.12,11.25
Altenmarkt an der Alz,48.00,12.54
Altenmedingen,53.13,10.60
Altenmoor,53.77,9.57
Altenmünster,48.47,10.59
Altenpleen,54.35,12.96
Altenriet,48.59,9.22
Altenroda,51.24,11.56
Altensalzwedel,52.77,11.18
Altenstadt,47.82,10.87
Altenstadt,48.16,10.11
Altenstadt,50.29,8.94
Altenstadt an der Waldnaab,49.72,12.16
Altensteig,48.59,8.60
Altenthann,49.10,12.30
Altentreptow,53.69,13.27
Altenzaun,52.74,12.02
Altenzentrum -Elim-,53.62,9.94
Alterkülz,50.03,7.47
Alterode,51.68,11.38
Altersbach,50.70,10.53
Altertheim,49.72,9.75
Altfraunhofen,48.45,12.17
Altglietzen,52.83,14.09
Althegnenberg,48.23,11.07
Altheim,48.15,9.45
Altheim,48.33,9.77
Altheim (Alb),48.58,10.03
Althengstett,48.72,8.79
Althornbach,49.20,7.37
Althütte,48.92,9.57
Althüttendorf,52.96,13.81
Altjeßnitz,51.69,12.32
Altkalen,53.90,12.74
Altkirchen,50.93,12.35
Altlandsberg,52.56,13.73
Altlay,49.99,7.27
Altleiningen,49.51,8.07
Altlußheim,49.30,8.50
Altmannstein,48.90,11.65
Altmersleben,52.69,11.42
Altmittweida,50.97,12.95
Altomünster,48.39,11.26
Altrich,49.96,6.91
Altrip,49.44,8.49
Altscheid,50.02,6.40
Altshausen,47.93,9.53
Altstrimmig,50.10,7.30
Altthymen,53.24,13.16
Altusried,47.80,10.21
Altwarp,53.74,14.27
Altweidelbach,49.98,7.57
Altwigshagen,53.70,13.84
Altötting,48.23,12.68
Alusuisse,47.76,8.85
Alveslohe,53.78,9.92
Alzenau in Unterfranken,50.09,9.06
Alzey,49.75,8.12
Am Großen Bruch,52.06,11.07
Am Großen Bruch Gunsleben,52.05,11.03
Am Großen Bruch Hamersleben,52.07,11.08
Am Großen Bruch Neuwegersleben,52.05,11.10
Amazon,49.39,11.18
Amberg,48.07,10.68
Amberg,49.44,11.86
Amelinghausen,53.12,10.21
Amerang,47.99,12.31
Amerdingen,48.73,10.49
American Express Europe S.A (Germany branch),50.12,8.63
American Express Reisescheck,50.12,8.63
Amerikanische Botschaft,52.45,13.27
Amesdorf,51.78,11.60
Ammeldingen an der Our,49.90,6.25
Ammeldingen bei Neuerburg,50.05,6.28
Ammerbuch,48.55,8.97
Ammerndorf,49.42,10.85
Ammersbek,53.70,10.20
Ammerthal,49.44,11.76
Amorbach,49.64,9.22
Ampfing,48.25,12.42
Ampfurth,52.06,11.31
Amsdorf,51.46,11.73
Amstetten,48.58,9.87
Amtsberg,50.75,13.01
Amtsgericht,47.61,7.66
Amtsgericht,47.76,8.84
Amtsgericht,48.05,10.87
Amtsgericht,48.72,8.73
Amtsgericht,48.74,9.31
Amtsgericht,48.77,11.42
Amtsgericht,49.13,8.60
Amtsgericht,49.30,10.57
Amtsgericht,49.32,12.12
Amtsgericht,49.59,11.01
Amtsgericht,49.60,8.47
Amtsgericht,49.63,8.36
Amtsgericht,49.69,8.62
Amtsgericht,49.72,11.06
Amtsgericht,49.84,7.86
Amtsgericht,49.92,7.07
Amtsgericht,49.97,7.94
Amtsgericht,49.99,8.43
Amtsgericht,49.99,8.67
Amtsgericht,50.17,8.73
Amtsgericht,50.20,9.19
Amtsgericht,50.23,8.64
Amtsgericht,50.29,9.11
Amtsgericht,50.32,10.22
Amtsgericht,50.33,7.23
Amtsgericht,50.33,8.75
Amtsgericht,50.37,8.01
Amtsgericht,50.43,7.46
Amtsgericht,50.44,7.41
Amtsgericht,50.44,7.82
Amtsgericht,50.56,7.97
Amtsgericht,50.63,6.95
Amtsgericht,50.63,9.40
Amtsgericht,50.66,6.79
Amtsgericht,50.67,9.76
Amtsgericht,50.69,7.65
Amtsgericht,50.79,7.88
Amtsgericht,50.80,6.48
Amtsgericht,50.83,6.90
Amtsgericht,50.87,9.71
Amtsgericht,50.97,7.16
Amtsgericht,51.13,9.28
Amtsgericht,51.26,7.16
Amtsgericht,51.27,8.87
Amtsgericht,51.39,8.06
Amtsgericht,51.40,7.18
Amtsgericht,51.43,6.88
Amtsgericht,51.43,7.33
Amtsgericht,51.47,11.99
Amtsgericht,51.52,7.48
Amtsgericht,51.54,9.93
Amtsgericht,51.56,7.31
Amtsgericht,51.59,7.67
Amtsgericht,51.61,7.52
Amtsgericht,51.62,7.19
Amtsgericht,51.66,7.10
Amtsgericht,51.68,7.82
Amtsgericht,51.68,8.35
Amtsgericht,51.75,8.04
Amtsgericht,51.76,7.89
Amtsgericht,51.83,9.45
Amtsgericht,51.84,6.61
Amtsgericht,51.84,8.31
Amtsgericht,51.85,6.86
Amtsgericht,51.91,8.38
Amtsgericht,52.02,8.92
Amtsgericht,52.07,7.01
Amtsgericht,52.13,11.63
Amtsgericht,52.15,7.33
Amtsgericht,52.16,10.54
Amtsgericht,52.20,8.80
Amtsgericht,52.21,7.03
Amtsgericht,52.27,7.72
Amtsgericht,52.28,7.43
Amtsgericht,52.29,8.91
Amtsgericht,52.41,12.53
Amtsgericht,52.49,10.54
Amtsgericht,52.73,8.29
Amtsgericht,52.85,8.05
Amtsgericht,52.91,8.82
Amtsgericht,52.96,10.56
Amtsgericht,53.05,8.63
Amtsgericht,53.08,7.39
Amtsgericht,53.22,8.81
Amtsgericht,53.25,7.93
Amtsgericht,53.76,9.65
Amtsgericht,53.93,10.32
Amtsgericht -Mahnabteilung-,48.79,9.19
Amtsgericht Augsburg,48.37,10.89
Amtsgericht Bielefeld,52.02,8.53
Amtsgericht Bochum,51.48,7.22
Amtsgericht Bonn,50.74,7.10
Amtsgericht Bremen,53.07,8.81
Amtsgericht Burgdorf,52.45,10.01
Amtsgericht Bückeburg,52.26,9.05
Amtsgericht Bünde,52.20,8.59
Amtsgericht Charlottenburg,52.51,13.30
Amtsgericht Coburg Zentrales Mahngericht für Bayern,50.26,10.97
Amtsgericht Coesfeld,51.94,7.18
Amtsgericht Duisburg-Ruhrort,51.45,6.74
Amtsgericht Essen,51.44,7.00
Amtsgericht Frankfurt am Main,50.12,8.69
"Amtsgericht Fürstenwalde, Spree",52.36,14.06
Amtsgericht Geesthacht,53.43,10.38
Amtsgericht Geilenkirchen,50.97,6.12
Amtsgericht Gelsenkirchen,51.50,7.11
Amtsgericht Gießen,50.59,8.68
Amtsgericht Grevenbroich,51.09,6.60
Amtsgericht Groß-Gerau,49.91,8.48
Amtsgericht Güstrow,53.79,12.18
Amtsgericht Hagen,51.36,7.48
Amtsgericht Hagen -Mahnabteilung-,51.38,7.48
Amtsgericht Halle,52.06,8.36
Amtsgericht Hamburg,53.56,9.98
Amtsgericht Hamburg Zweigstelle Altona,53.56,9.94
Amtsgericht Hamburg-Altona,53.56,9.94
Amtsgericht Hamburg-Wandsbek,53.57,10.08
Amtsgericht Heidelberg,49.41,8.69
Amtsgericht Heilbronn,49.13,9.22
Amtsgericht Herford,52.12,8.67
Amtsgericht Karlsruhe,49.01,8.40
Amtsgericht Krefeld,51.34,6.55
Amtsgericht Köln,50.92,6.94
Amtsgericht Königswinter,50.67,7.20
Amtsgericht Köpenick,52.46,13.58
Amtsgericht Leonberg,48.80,9.01
Amtsgericht Leverkusen,51.07,7.00
Amtsgericht Lichtenberg,52.51,13.49
Amtsgericht Lichtenberg Zweigstelle Hohenschönhausen,52.57,13.51
Amtsgericht Lindau (Bodensee),47.55,9.69
Amtsgericht Ludwigsburg,48.90,9.21
Amtsgericht Lübbecke,52.30,8.61
Amtsgericht Lüdenscheid,51.22,7.62
Amtsgericht Mannheim,49.49,8.46
Amtsgericht Mitte,52.52,13.41
Amtsgericht München,48.14,11.57
Amtsgericht München,48.16,11.56
Amtsgericht München Strafabteilung,48.15,11.55
Amtsgericht Münster,51.96,7.62
Amtsgericht Neukölln,52.48,13.43
Amtsgericht Neuss,51.20,6.69
Amtsgericht Neustadt am Rübenberge,52.50,9.46
Amtsgericht Nürnberg,49.45,11.09
Amtsgericht Offenbach,50.10,8.76
Amtsgericht Paderborn,51.72,8.76
Amtsgericht Pankow-Weißensee,52.56,13.46
Amtsgericht Pankow-Weißensee -Familiengericht-,52.57,13.42
Amtsgericht Passau,48.57,13.47
Amtsgericht Regensburg,49.01,12.09
Amtsgericht Reinbek,53.51,10.25
Amtsgericht Remscheid,51.18,7.18
Amtsgericht Rheinberg,51.55,6.60
Amtsgericht Schwabach,49.33,11.03
Amtsgericht Schweinfurt,50.04,10.23
Amtsgericht Schwelm,51.29,7.29
Amtsgericht Schwetzingen,49.39,8.57
Amtsgericht Schöneberg,52.44,13.31
Amtsgericht Schöneberg,52.49,13.35
Amtsgericht Siegburg,50.80,7.20
Amtsgericht Soest,51.57,8.10
Amtsgericht Solingen,51.17,7.09
Amtsgericht Stadthagen,52.32,9.20
Amtsgericht Stranberg,48.01,11.34
Amtsgericht Tempelhof-Kreuzberg,52.50,13.38
Amtsgericht Tempelhof-Kreuzberg -Familiengericht-,52.50,13.38
Amtsgericht Tiergarten,52.53,13.35
Amtsgericht Verden,52.92,9.23
Amtsgericht Waiblingen,48.83,9.31
Amtsgericht Weimar,50.99,11.32
Amtsgericht Weißenburg i. Bay.,49.03,10.98
Amtsgericht Werl,51.55,7.92
Amtsgericht Wermelskirchen,51.14,7.21
Amtsgericht Wunsiedel,50.04,12.00
Amtsgericht und Jugendarrestanstalt,51.38,7.39
Amtzell,47.70,9.75
Amöneburg,50.80,8.92
Andechs,47.97,11.18
Andenhausen,50.67,10.07
Anderbeck,51.98,10.93
Anderlingen,53.37,9.30
Andernach,50.43,7.40
Andervenne,52.50,7.58
Andisleben,51.08,10.93
Angelbachtal,49.23,8.77
Angelburg,50.81,8.42
Angelroda,50.75,10.87
Anger,47.80,12.86
Angermünde,53.02,14.00
Angern,52.35,11.73
Angersdorf,51.46,11.91
Anhausen,50.50,7.55
Ankershagen,53.48,12.97
Anklam,53.86,13.69
Ankum,52.55,7.88
Annaberg-Buchholz,50.58,13.01
Annaburg,51.73,13.05
Annarode,51.55,11.40
"Anning bei Sankt Georgen, Chiemgau",47.98,12.57
Annweiler am Trifels,49.21,7.98
Anrode,51.27,10.33
Anröchte,51.57,8.33
Ansbach,49.30,10.59
Anschau,50.30,7.10
Antdorf,47.75,11.31
Antrifttal,50.77,9.18
Antweiler,50.40,6.83
Anwaltsgericht für den Bezirk der RAK im OLG,48.14,11.56
Anwaltsgerichtshof Berlin,52.49,13.36
Anwaltskanzlei Andreas Schneider,51.88,8.48
Anwaltskanzlei Ehlers-Godron,53.07,8.87
Anzeigenabteilung Bild Ruhrgebiet und Westfalen,51.45,7.02
Anzing,48.15,11.85
Apelern,52.29,9.34
Apelern Apelern,52.29,9.33
Apelern Groß Hegesdorf,52.31,9.31
Apelern Kleinhegesdorf,52.32,9.32
Apelern Lyhren,52.30,9.32
Apelern Reinsdorf,52.29,9.29
Apelern Soldorf,52.31,9.32
Apen,53.23,7.75
Apensen,53.43,9.62
Apfeldorf,47.90,10.93
Apfelstädt,50.90,10.89
Apfeltrach,48.02,10.50
Apolda,51.03,11.52
Apotheke Zur Rose Offizin,51.47,11.99
Appart-Hotel Damp,54.59,10.02
Appel,53.39,9.75
Appeln,53.45,8.90
Appen,53.66,9.75
Appenheim,49.93,8.03
Appenweier,48.53,7.98
Arbach,50.28,7.05
Arbeiter-Samariter Bund,50.92,6.92
Arbeitsgemeinschaft für Krebsbekämpfung,51.44,7.26
Arbeitsgericht,51.50,7.11
Arbeitsgericht,51.51,7.47
Arbeitsgericht,52.02,8.53
Arbeitsgericht,52.29,8.91
Arbeitsgericht Koblenz Neues Justizzentrum,50.36,7.60
Arbeitsgericht Münster,51.94,7.59
Arbeitsgericht Wiesbaden,50.06,8.25
Arbeitsring Ausland für kulturelle Aufgaben,52.51,13.41
Arberg,49.14,10.62
Architekturbüro Wund,47.66,9.47
Aremberg,50.42,6.80
Arendsee,52.87,11.48
Arenrath,49.95,6.73
Arensdorf,51.71,12.01
Arenshausen,51.38,9.97
Arenzhain,51.67,13.51
Aresing,48.53,11.30
Arft,50.38,7.08
Argenbühl,47.67,9.93
Argenschwang,49.88,7.70
Argentalklinik I Fachklinik für konser- vative Orthopädie und Rheumatologie,47.70,10.04
Argentalklinik II Fachklinik für konservative Orthopädie u. Rheumatologie,47.70,10.04
Argenthal,49.97,7.60
Arholzen,51.87,9.57
Arkebek,54.17,9.25
Arlewatt,54.53,9.08
Armsheim,49.81,8.06
Armstedt,53.97,9.85
Armstorf,53.60,9.07
Arnbruck,49.13,13.00
Arneburg,52.68,12.01
Arnis,54.63,9.92
Arnsberg,51.38,8.08
Arnsberg,51.43,7.99
Arnschwang,49.28,12.82
Arnsdorf,51.09,13.99
Arnsgereuth,50.61,11.32
Arnshöfen,50.54,7.87
Arnstadt,50.84,10.95
Arnstedt,51.69,11.50
Arnstein,49.98,9.97
Arnstorf,48.56,12.82
Arpsdorf,54.03,9.87
Arrach,49.19,12.99
Artern,51.36,11.29
Artlenburg,53.37,10.49
Arzbach,50.38,7.75
Arzberg,50.06,12.19
Arzberg,51.53,13.13
Arzfeld,50.09,6.27
Asbach,49.82,7.28
Asbach,50.67,7.42
Asbach-Bäumenheim,48.68,10.82
Asbach-Sickenberg,51.28,10.03
Ascha,49.00,12.63
Aschaffenburg,49.96,9.16
Aschaffenburg,49.98,9.15
Aschau am Inn,48.20,12.35
Aschau im Chiemgau,47.78,12.32
Aschbach,49.60,7.58
Ascheberg,51.78,7.62
Ascheberg,54.15,10.35
Ascheffel,54.43,9.70
Aschenhausen,50.60,10.20
Aschersleben,51.76,11.46
Aschersleben Aschersleben,51.75,11.46
Aschersleben Klein Schierstedt,51.75,11.55
Aschersleben Winningen,51.83,11.45
Aschheim,48.17,11.72
Asea Brown Boveri (ABB),49.51,8.51
Aseleben,51.49,11.67
Asendorf,52.77,9.00
Asendorf,53.29,9.98
Asklepios Klinik Bad Oldesloe,53.81,10.36
Asklepios Klinik Barmbek,53.61,10.04
Aspach,48.97,9.40
Aspach,50.95,10.60
Aspenstedt,51.94,10.95
Asperg,48.91,9.13
Aspisheim,49.90,7.98
Assamstadt,49.43,9.69
Asselfingen,48.53,10.19
"Ast, Gemeinde Frauenneuharting",48.02,12.02
Astert,50.70,7.78
Ateritz,51.74,12.63
Athenstedt,51.94,10.91
Atlas Reisen,48.14,11.57
Attendorn,51.13,7.90
Attenhausen,50.29,7.88
Attenhofen,48.65,11.85
Attenkirchen,48.51,11.76
Attenweiler,48.13,9.70
Atterwasch,51.93,14.63
Atting,48.89,12.49
Atzelgift,50.70,7.83
Atzendorf,51.92,11.60
Au,47.95,7.83
Au am Rhein,48.95,8.23
Au in der Hallertau,48.56,11.74
Aub,49.55,10.07
Aubstadt,50.33,10.43
Auderath,50.18,7.00
Aue,50.59,12.71
Auel,50.17,7.77
Auen,49.83,7.60
Auengrund,50.47,10.85
Auenwald,48.93,9.50
Auerbach,48.80,13.10
Auerbach,50.68,12.92
Auerbach in der Oberpfalz,49.69,11.62
Auerbach/Vogtland,50.49,12.42
Auerstedt,51.10,11.59
Auetal,52.24,9.25
Auetal Altenhagen,52.26,9.06
Auetal Antendorf,52.24,9.29
Auetal Bernsen,52.22,9.17
Auetal Borstel,52.23,9.19
Auetal Escher,52.24,9.27
Auetal Hattendorf,52.23,9.28
Auetal Kathrinhagen,52.24,9.21
Auetal Klein Holtensen,52.26,9.29
Auetal Poggenhagen,52.23,9.21
Auetal Raden,52.23,9.31
Auetal Rannenberg,52.22,9.25
Auetal Rehren A.O.,52.23,9.24
Auetal Rolfshagen,52.23,9.14
Auetal Schoholtensen,52.27,9.29
Auetal Westerwald,52.25,9.24
Auetal Wiersen,52.27,9.31
Aufhausen,48.87,12.28
Aufseß,49.88,11.23
Aufsichts - und Dienstleistungsdirektion Lohnstelle ausländische Streitkräfte,49.46,7.80
Auggen,47.78,7.60
Augsburg,48.31,10.90
Augsburg,48.37,10.89
Augsdorf,51.60,11.57
Augusta Kranken Anstalt,51.49,7.22
Augustdorf,51.91,8.73
Auguste Viktoria Klinik,52.21,8.79
Augustenkoog,54.38,8.73
Augustusburg,50.81,13.10
Auhagen,52.40,9.29
Auhagen Auhagen,52.40,9.30
Auhagen Düdinghausen,52.41,9.30
Auhausen,49.01,10.62
Aukrug,54.08,9.78
Auleben,51.43,10.93
Aulendorf,47.95,9.64
Aull,50.39,8.00
Aulosen,52.99,11.58
Auma,50.70,11.90
Aumühle,53.53,10.32
Aura an der Saale,50.16,10.01
Aura im Sinngrund,50.18,9.58
Aurach,49.25,10.42
Aurachtal,49.58,10.83
Aurich,53.47,7.48
Aurich Brockzetel,53.48,7.63
Aurich Egels,53.47,7.52
Aurich Haxtum,53.46,7.46
Ausacker,54.73,9.57
Ausleben,52.09,11.11
Autovermietung Sixt,48.04,11.51
Auufer,53.92,9.68
Auw an der Kyll,49.90,6.62
Auw bei Prüm,50.30,6.33
Außernzell,48.72,13.20
Avad,53.47,9.99
Aventoft,54.88,8.77
Averlak,53.94,9.18
Axien,51.70,12.89
Axstedt,53.35,8.77
Aying,47.97,11.78
Ayl,49.63,6.55
Aystetten,48.41,10.78
Aßlar,50.59,8.46
Aßling,47.99,12.01
BAG Belegmanagement,52.17,9.99
BAHN-BKK-Regionalgeschäftsstelle Nord-Ost,52.52,13.49
BARMER,48.14,11.49
BARMER,48.36,10.90
BARMER,48.78,9.85
BARMER,50.94,6.95
BARMER,51.23,6.71
BARMER,51.24,7.18
BARMER,51.36,7.47
BARMER,51.48,7.22
BARMER,51.95,7.63
BARMER,52.43,10.79
BARMER,53.16,8.17
BARMER,53.87,10.67
BARMER Zentrum Häusliche Krankenpflege,51.52,7.46
BASF Lampertheim,49.61,8.45
BG BAU Berufsgen. der Bauwirtschaft Geschäftsstelle Wuppertal (Tiefbau),51.24,7.13
BG Bau Berufsgenossenschaft der Bauwirtschaft,52.49,13.33
BG Energie Textil Elektro Medienerzeugnisse ( BG ETEM),50.91,6.98
BGHW Berufsgenossenschaft Handel und Warendistribution,53.08,8.81
BGW Berufsgenossenschaft für Gesundheitsdienst und Wohlfahrtspflege,49.03,8.36
BIG direkt gesund,50.78,6.13
BILANZ,53.55,9.98
BILD Hamburg,53.55,9.98
BKK - Landesverband Nordwest,51.41,6.98
BKK Abrechnungszentrum,48.13,7.83
BKK Diakonie,52.01,8.52
BKK FTE,52.44,10.86
BKK Gildemeister Seidensticker,51.98,8.48
BKK Mittelhessen Geschäftsstelle Buderus Wetzlar,50.56,8.50
BKK ProVita,48.24,11.35
BKK Scheufelen,48.65,9.44
BKK ZF & Partner,47.66,9.50
BKK exklusiv,52.39,9.97
BKK firmus,53.14,8.70
BKK für Heilberufe,51.24,6.72
BKK für Heilberufe,51.49,12.00
BMW,51.41,12.45
BMW Design Studio,48.19,11.60
BMW Entwicklungszentrum,48.20,11.57
BMW FIZ Strolche,48.19,11.57
BMW Geschäftsleitung,48.19,11.61
BMW Group,48.19,11.60
BMW Innovation,48.20,11.57
BMW Motorrad,48.19,11.60
BMW Motorsport,48.19,11.58
BMW Museum,48.18,11.56
BMW Vincita,48.19,11.60
BMW Welt,48.18,11.56
BMW- Bavaria,48.19,11.60
BMW-Wirtschaft,48.19,11.60
BNP Paribas S.A. Niederlassung Deutschland,48.14,11.48
BNP Paribas S.A. Niederlassung Deutschland,49.45,11.09
BOESCHE Staatliche Lotterieeinnahme,53.58,10.12
Baabe,54.35,13.70
Baalberge,51.76,11.80
Baar,48.58,10.97
Baar,50.35,7.05
Baar-Ebenhausen,48.67,11.47
Baasdorf,51.71,11.98
Babben,51.71,13.79
Baben,52.70,11.89
Babenhausen,48.15,10.25
Babenhausen,49.97,8.95
Babensham,48.08,12.27
Bach an der Donau,49.02,12.30
Bacharach,50.06,7.77
Bachenau,49.28,9.19
Bachenberg,50.72,7.65
Bachfeld,50.42,10.98
Bachhagel,48.63,10.32
Backnang,48.95,9.44
Bad Abbach,48.94,12.04
Bad Aibling,47.86,12.01
Bad Alexandersbad,50.02,12.02
Bad Arolsen,51.38,9.01
Bad Bayersoien,47.68,11.00
Bad Bederkesa,53.63,8.85
Bad Bellingen,47.73,7.56
Bad Bentheim,52.30,7.16
Bad Bergzabern,49.10,7.96
Bad Berka,50.90,11.28
Bad Berleburg,51.05,8.39
Bad Berleburg Alertshausen,51.06,8.52
Bad Berleburg Arfeld,51.02,8.43
Bad Berleburg Aue,51.06,8.29
Bad Berleburg Bad Berleburg,51.06,8.40
Bad Berleburg Beddelhausen,51.00,8.49
Bad Berleburg Berghausen,51.04,8.36
Bad Berleburg Diedenshausen,51.07,8.50
Bad Berleburg Dotzlar,51.02,8.41
Bad Berleburg Elsoff,51.03,8.51
Bad Berleburg Girkhausen,51.12,8.46
Bad Berleburg Hemschlar,51.02,8.37
Bad Berleburg Raumland,51.03,8.39
Bad Berleburg Richstein,50.99,8.46
Bad Berleburg Rinthe,51.01,8.35
Bad Berleburg Sassenhausen,50.99,8.40
Bad Berleburg Schwarzenau,51.03,8.47
Bad Berleburg Schüllar,51.08,8.41
Bad Berleburg Stünzel,50.98,8.37
Bad Berleburg Weidenhausen,50.99,8.36
Bad Berleburg Wemlighausen,51.08,8.42
Bad Berleburg Wingeshausen,51.07,8.29
Bad Berleburg Wunderthausen,51.10,8.52
Bad Berneck im Fichtelgebirge,50.05,11.67
Bad Bertrich,50.07,7.03
Bad Bevensen,53.08,10.58
Bad Bibra,51.21,11.59
Bad Birnbach,48.44,13.09
Bad Blankenburg,50.68,11.27
Bad Bocklet,50.27,10.08
Bad Bodenteich,52.83,10.68
Bad Brambach,50.22,12.32
Bad Bramstedt,53.92,9.88
Bad Breisig,50.51,7.29
Bad Brückenau,50.31,9.79
Bad Buchau,48.06,9.61
Bad Camberg,50.30,8.27
Bad Colberg-Heldburg,50.27,10.77
Bad Ditzenbach,48.59,9.70
Bad Doberan,54.11,11.90
Bad Driburg,51.73,9.02
Bad Düben,51.59,12.64
Bad Dürkheim,49.46,8.08
Bad Dürrenberg,51.30,12.07
Bad Dürrheim,48.02,8.53
Bad Eilsen,52.24,9.10
Bad Elster,50.28,12.23
Bad Ems,50.34,7.71
Bad Emstal,51.23,9.25
Bad Endbach,50.75,8.50
Bad Endorf,47.91,12.30
Bad Essen,52.32,8.41
Bad Feilnbach,47.77,12.01
Bad Frankenhausen,51.36,11.10
Bad Freienwalde,52.79,14.03
Bad Friedrichshall,49.23,9.21
Bad Füssing,48.35,13.31
Bad Gandersheim,51.87,10.03
Bad Gottleuba-Berggießhübel,50.86,13.95
Bad Griesbach im Rottal,48.46,13.19
Bad Grund (Harz),51.82,10.23
Bad Grönenbach,47.88,10.22
Bad Harzburg,51.88,10.56
Bad Harzburg Bad Harzburg,51.89,10.56
Bad Harzburg Bettingerode,51.90,10.57
Bad Harzburg Bündheim/Schlewecke,51.90,10.55
"Bad Harzburg Bündheim/Schlewecke, Bündheim",51.89,10.55
"Bad Harzburg Bündheim/Schlewecke, Schlewecke",51.90,10.54
Bad Harzburg Eckertal,51.90,10.65
Bad Harzburg Göttingerode,51.90,10.52
Bad Harzburg Harlingerode,51.91,10.52
Bad Harzburg Westerode,51.90,10.57
Bad Heilbrunn,47.75,11.46
Bad Herrenalb,48.80,8.44
Bad Hersfeld,50.87,9.71
Bad Hindelang,47.51,10.37
Bad Homburg vor der Höhe,50.23,8.61
Bad Honnef,50.64,7.23
Bad Hönningen,50.52,7.31
Bad Iburg,52.15,8.04
Bad Karlshafen,51.64,9.45
Bad Kissingen,50.20,10.08
Bad Kleinen,53.77,11.47
Bad Klosterlausnitz,50.92,11.87
Bad Kohlgrub,47.67,11.05
Bad Kreuznach,49.84,7.86
Bad Kreuznach,49.85,7.84
Bad Krozingen,47.92,7.70
Bad König,49.74,9.01
Bad Königshofen im Grabfeld,50.30,10.47
Bad Kösen,51.13,11.72
Bad Köstritz,50.93,12.01
Bad Laasphe,50.94,8.33
Bad Laer,52.10,8.08
Bad Langensalza,51.11,10.65
Bad Lauchstädt,51.39,11.87
Bad Lausick,51.15,12.64
Bad Lauterberg im Harz,51.63,10.47
Bad Liebenstein,50.82,10.35
Bad Liebenwerda,51.52,13.39
Bad Liebenzell,48.77,8.73
Bad Lippspringe,51.78,8.82
Bad Marienberg,50.65,7.95
Bad Mergentheim,49.49,9.77
Bad Muskau,51.55,14.71
Bad Münder am Deister,52.20,9.46
Bad Münster am Stein-Ebernburg,49.81,7.85
Bad Münstereifel,50.56,6.76
Bad Nauheim,50.36,8.74
Bad Nenndorf,52.34,9.38
Bad Nenndorf Bad Nenndorf,52.34,9.38
Bad Nenndorf Horsten,52.34,9.35
Bad Nenndorf Riepen,52.34,9.33
Bad Nenndorf Waltringhausen,52.34,9.41
Bad Neuenahr-Ahrweiler,50.54,7.11
Bad Neustadt an der Saale,50.32,10.21
Bad Oeynhausen,52.19,8.81
Bad Oldesloe,53.81,10.37
Bad Orb,50.23,9.35
Bad Peterstal-Griesbach,48.43,8.22
Bad Pyrmont,51.99,9.25
Bad Rappenau,49.24,9.10
Bad Reichenhall,47.73,12.88
Bad Rippoldsau-Schapbach,48.40,8.33
Bad Rodach,50.33,10.78
Bad Rothenfelde,52.12,8.17
Bad Saarow,52.28,14.07
Bad Saarow Bad Saarow,52.28,14.07
Bad Saarow Neu Golm,52.30,14.10
Bad Saarow Petersdorf,52.32,14.08
Bad Sachsa,51.59,10.56
Bad Salzdetfurth,52.06,10.01
Bad Salzschlirf,50.62,9.51
Bad Salzuflen,52.06,8.73
Bad Salzuflen,52.08,8.75
Bad Salzungen,50.81,10.24
Bad Sassendorf,51.58,8.17
Bad Saulgau,48.01,9.50
Bad Schandau,50.92,14.15
Bad Schmiedeberg,51.69,12.73
Bad Schussenried,48.00,9.66
Bad Schussenried Dunzenhausen,48.02,9.68
Bad Schwalbach,50.14,8.07
Bad Schwartau,53.92,10.70
Bad Schönborn,49.21,8.64
Bad Segeberg,53.94,10.30
Bad Sobernheim,49.79,7.65
Bad Soden am Taunus,50.14,8.50
Bad Soden-Salmünster,50.28,9.37
Bad Sooden-Allendorf,51.27,9.97
Bad Staffelstein,50.10,11.00
Bad Steben,50.37,11.64
Bad Suderode,51.73,11.12
Bad Sulza,51.09,11.62
Bad Säckingen,47.55,7.95
Bad Sülze,54.11,12.66
Bad Teinach-Zavelstein,48.69,8.69
Bad Tennstedt,51.15,10.84
Bad Tölz,47.76,11.56
Bad Urach,48.49,9.40
Bad Vilbel,50.18,8.74
Bad Waldsee,47.92,9.75
Bad Wiessee,47.72,11.72
Bad Wildbad im Schwarzwald,48.75,8.55
Bad Wildungen,51.12,9.12
Bad Wilsnack,52.96,11.95
Bad Wimpfen,49.23,9.16
Bad Windsheim,49.50,10.42
Bad Wurzach,47.91,9.90
Bad Wörishofen,48.01,10.60
Bad Wünnenberg,51.52,8.70
Bad Zwesten,51.05,9.18
Bad Zwischenahn,53.17,8.04
Bad Überkingen,48.60,9.80
Badbergen,52.63,7.98
Baddeckenstedt,52.08,10.23
Badel,52.73,11.32
Badem,50.00,6.62
Baden-Baden,48.72,8.14
Baden-Baden,48.77,8.20
Baden-Baden,48.80,8.13
Badendorf,53.87,10.57
Badenhard,50.12,7.63
Badenhausen,51.77,10.20
Badenheim,49.83,7.97
Badenweiler,47.80,7.67
Badersleben,51.99,10.89
Badingen,52.61,11.64
Badingen,53.00,13.25
Badische Landesbibliothek,49.01,8.40
Badischer Sportbund,49.03,8.45
Badisches Staatstheater,49.00,8.41
Badow,53.61,11.12
Badra,51.41,10.97
Baek,53.16,11.92
Baesweiler,50.91,6.19
Bagenz,51.64,14.43
Bahlingen am Kaiserstuhl,48.12,7.74
Bahn-BKK PostCenter,51.96,7.63
Bahrdorf,52.39,11.00
Bahren,51.70,13.72
Bahrenborstel,52.57,8.81
Bahrenfleth,53.87,9.44
Bahrenhof,53.88,10.38
Bahretal,50.89,13.90
Baienfurt,47.83,9.65
Baierbach,48.42,12.20
Baierbrunn,48.02,11.49
Baiern,47.95,11.90
Baiersbronn,48.50,8.38
Baiersdorf,49.66,11.04
Baindt,47.85,9.67
Baisweil,47.94,10.54
Bakum,52.74,8.20
Balderschwang,47.47,10.10
Baldham,48.11,11.80
Baldringen,49.62,6.68
Balduinstein,50.35,7.97
Balesfeld,50.10,6.53
Balge,52.72,9.17
Balgheim,48.07,8.77
Balgstädt,51.21,11.73
Balingen,48.28,8.85
Balje,53.83,9.13
Ballendorf,48.55,10.08
Ballenstedt,51.66,11.16
Ballerstedt,52.73,11.71
Ballhausen,51.15,10.88
Ballrechten-Dottingen,47.86,7.69
Ballstedt,51.05,11.22
Ballstädt,51.03,10.72
Balow,53.27,11.72
Baltmannsweiler,48.74,9.45
Baltrum,53.73,7.37
Balve,51.33,7.86
Balzhausen,48.24,10.49
Balzheim,48.18,10.08
Bamberg,49.89,10.89
Bamme,52.58,12.43
Bammental,49.36,8.78
Bandau,52.67,11.11
Bandelin,53.96,13.37
Bandenitz,53.47,11.16
Bann,49.38,7.62
Bannberscheid,50.47,7.84
Bannewitz,50.99,13.72
Banque PSA Finance S.A.,50.04,8.68
Bansin,53.97,14.15
Banteln,52.07,9.75
Bantin,53.55,10.97
Banzin,53.41,10.91
Banzkow,53.52,11.52
Barbelroth,49.10,8.07
Barbing,49.00,12.20
Barby,51.97,11.88
Barchfeld,50.80,10.30
Bardowick,53.29,10.39
Bardtke & Scherer,48.28,11.47
Barenburg,52.62,8.80
Barendorf,53.23,10.52
Barenthin,52.92,12.23
Bargenstedt,54.10,9.15
Bargfeld-Stegen,53.77,10.19
Bargischow,53.83,13.76
Bargstall,54.27,9.47
Bargstedt,53.47,9.45
Bargstedt,54.17,9.77
Bargteheide,53.73,10.27
Bargum,54.70,8.95
Bark,53.91,10.18
Barkelsby,54.50,9.83
Barkenholm,54.23,9.18
Barkow,53.47,12.18
Barleben,52.19,11.59
Barleben Barleben,52.20,11.63
Barleben Ebendorf,52.18,11.57
Barleben Meitzendorf,52.20,11.57
Barlt,54.02,9.05
Barmer GEK,50.56,8.50
Barmissen,54.20,10.18
Barmstedt,53.79,9.77
Barneberg,52.12,11.08
Barnekow,53.87,11.37
Barnin,53.60,11.70
Barnitz,53.80,10.50
Barnstedt,53.13,10.37
Barnstorf,52.71,8.50
Barnstädt,51.34,11.64
Barntrup,51.99,9.12
Barsbek,54.40,10.32
Barsbüttel,53.57,10.17
Barsdorf,53.10,13.29
Barsinghausen,52.30,9.45
Bartelshagen II,54.30,12.58
Bartenshagen-Parkentin,54.08,11.98
Bartensleben,52.24,11.13
Barth,54.36,12.72
Bartholomä,48.75,9.99
Bartow,53.82,13.35
Barum,53.05,10.52
Barum,53.35,10.40
Baruth/Mark,52.05,13.50
Barver,52.62,8.59
Barwedel,52.52,10.77
Barweiler,50.37,6.87
Barßel,53.17,7.75
Basberg,50.30,6.60
Basdahl,53.45,9.00
Basdorf,52.71,13.44
Basdorf,53.09,12.73
Basedow,53.42,10.58
Basedow,53.70,12.68
Bassenheim,50.36,7.46
Bassum,52.85,8.73
Bastheim,50.40,10.20
Basthorst,53.58,10.47
Bastorf,54.13,11.70
Bathildiskrankenhaus Bad Pyrmont,51.99,9.27
Battenberg (Eder),51.01,8.65
Battenberg (Pfalz),49.53,8.14
Battweiler,49.28,7.46
Bau-Berufsgenossenschaft,50.14,8.71
Bau-Berufsgenossenschaft Wuppertal,51.25,7.13
Bau-und Liegenschaftsbetrieb NRW Zentrale,51.25,6.80
Baudenbach,49.63,10.54
Bauerbach,50.50,10.39
Baugesellschaft Sparrenberg,52.02,8.53
Bauhaus,49.50,8.50
Bauler,49.97,6.20
Bauler,50.33,6.88
Baumersroda,51.26,11.76
Baumgarten,53.81,11.88
Baumholder,49.65,7.40
Baunach,49.99,10.85
Baunatal,51.25,9.41
Baur Versand,50.14,11.25
Bausendorf,50.02,7.00
Baustert,49.98,6.39
Bautzen,51.18,14.43
Bawinkel,52.60,7.40
Bayer. Versorgungskammer,48.15,11.62
Bayerbach,48.41,13.14
Bayerbach,48.70,12.30
Bayerfeld-Steckweiler,49.68,7.80
Bayerisch Eisenstein,49.12,13.20
Bayerisch Gmain,47.72,12.90
Bayerische Staatsbibliothek ZA/IDB-IGB-Post,48.15,11.58
Bayerische Staatskanzlei,48.14,11.58
Bayerische Ärzteversorgung,48.15,11.62
Bayerischer Bahnengolf-Verband,48.18,11.52
Bayerischer Landespersonalausschuss,48.14,11.58
Bayerischer Landtag,48.14,11.59
Bayerischer Landtag CSU Fraktion der Christlich Sozialen Union,48.14,11.59
Bayerischer Landtag Freie Wähler Landtagsfraktion,48.14,11.59
Bayerischer Landtag SPD Fraktion der Sozialdemokratischen Partei Deutschland,48.14,11.59
Bayerischer Motorsport-Verband,48.18,11.52
Bayerischer Skiverband,48.18,11.52
Bayerisches Oberstes Landgericht,48.15,11.55
Bayreuth,49.95,11.58
Bayrischzell,47.67,12.01
Bebensee,53.88,10.30
Bebertal,52.23,11.35
Bebra,50.97,9.80
Becheln,50.29,7.72
Bechenheim,49.73,8.00
Becherbach,49.65,7.68
Becherbach bei Kirn,49.75,7.50
Bechhofen,49.16,10.56
Bechhofen,49.35,7.40
Bechstedt,50.67,11.17
Bechstedtstraß,50.95,11.20
Bechtheim,49.73,8.29
Bechtolsheim,49.80,8.19
Bechtsrieth,49.64,12.21
Beckdorf,53.42,9.62
Beckedorf,52.35,9.32
Beckeln,52.87,8.58
Becker u. Kries,52.50,13.33
Beckingen,49.40,6.70
Beckum,51.76,8.04
Bedburg,50.99,6.57
Bedburg-Hau,51.77,6.17
Bedesbach,49.57,7.46
Beedenbostel,52.64,10.26
Beelen,51.93,8.11
Beelitz,52.24,12.97
Beelitz,52.69,11.95
Beendorf,52.24,11.09
Beerfelden,49.57,8.97
Beesenlaublingen,51.71,11.70
Beesenstedt,51.57,11.73
Beeskow,52.17,14.25
Beeskow Bornow,52.17,14.20
Beeskow Kohlsdorf,52.17,14.20
Beeskow Krügersdorf,52.15,14.33
Beeskow Neuendorf,52.18,14.23
Beeskow Oegeln,52.18,14.28
Beeskow Radinkendorf,52.22,14.27
Beeskow Schneeberg,52.17,14.33
Beesten,52.43,7.50
Beestland,53.93,12.93
Beetzendorf,52.70,11.09
Beetzendorf Gischau,52.73,11.10
Beetzsee,52.48,12.56
Beetzseeheide,52.49,12.61
Beggerow,53.83,13.05
Behlendorf,53.70,10.67
Behnkendorf,54.20,13.14
Behnsdorf,52.32,11.15
Behren-Lübchin,54.03,12.66
Behrendorf,52.83,11.96
Behrendorf,54.57,9.22
Behrenhoff,54.01,13.39
Behrensdorf,54.35,10.60
Behringen,51.02,10.51
Behrungen,50.41,10.41
Beichlingen,51.23,11.26
Beidendorf,53.83,11.39
Beidenfleth,53.88,9.41
Beierfeld,50.57,12.79
Beiersdorf,51.07,14.54
Beiersdorf-Freudenberg,52.70,13.80
Beiersdorf-Freudenberg Beiersdorf,52.69,13.78
Beiersdorf-Freudenberg Freudenberg,52.70,13.82
Beierstedt,52.07,10.86
Beilingen,49.95,6.67
Beilngries,49.03,11.47
Beilrode,51.57,13.07
Beilstein,49.04,9.31
Beilstein,50.12,7.25
Beimerstetten,48.48,9.98
Beindersheim,49.56,8.32
Beinerstadt,50.47,10.60
Beinhausen,50.27,6.88
Bekdorf,53.94,9.42
Bekmünde,53.92,9.45
Bekond,49.85,6.80
Belau,54.10,10.26
Beldorf,54.13,9.35
Belg,49.98,7.30
Belgern,51.48,13.12
Belgershain,51.23,12.55
Belgweiler,49.95,7.48
Bell,50.06,7.42
Bell,50.38,7.23
Belleben,51.67,11.63
Bellenberg,48.26,10.09
Bellheim,49.20,8.28
Bellin,53.71,12.19
Belling,53.55,13.97
Bellingen,50.60,7.90
Bellingen,52.51,11.83
Bellstedt,51.27,10.78
Belm,52.30,8.13
Belrieth,50.53,10.50
Belsch,53.33,11.21
Belsdorf,52.34,11.15
Beltheim,50.11,7.46
Belum,53.82,9.00
Belzig,52.13,12.60
Bempflingen,48.57,9.27
Bendeleben,51.37,11.01
Bendelin,52.91,12.17
Bender Buchhandel,49.49,8.47
Bendestorf,53.34,9.96
Bendfeld,54.37,10.42
Bendorf,50.42,7.58
Bendorf,54.08,9.38
Benediktbeuern,47.71,11.42
Bengel,50.02,7.07
Benitz,53.98,12.10
Benkendorf,52.79,11.27
Benndorf,51.57,11.49
Benneckenstein,51.67,10.72
Bennewitz,51.36,12.71
Bennhausen,49.62,7.98
Bennin,53.45,10.89
Benningen,47.97,10.22
Benningen am Neckar,48.95,9.24
Bennstedt,51.48,11.83
Bennungen,51.46,11.12
Bensdorf,52.42,12.33
Benshausen,50.65,10.60
Bensheim,49.68,8.62
Bentwisch,54.12,12.20
Bentzin,53.95,13.27
Benz,53.91,11.59
Benz,53.94,14.07
Benzweiler,50.02,7.60
Beratzhausen,49.10,11.81
Berching,49.11,11.44
Berchtesgaden,47.63,13.00
Bereborn,50.28,6.97
Berenbach,50.23,6.95
Berenbrock,52.42,11.31
Berg,47.82,9.60
Berg,47.97,11.35
Berg,50.25,7.81
Berg,50.37,11.78
Berg,50.56,6.95
Berg (Pfalz),48.98,8.20
Berg bei Neumarkt in der Oberpfalz,49.33,11.44
Berg im Gau,48.63,11.25
Berg-Apotheke Apotheker P.-Christoph Dörr e. K.,52.26,7.78
Berga,51.46,11.01
Berga/Elster,50.75,12.17
Bergatreute,47.85,9.75
Berge,52.55,11.37
Berge,52.62,12.80
Berge,52.62,7.75
Berge,53.23,11.87
Bergedorfer Zeitung,53.48,10.21
Bergen,47.80,12.58
Bergen,49.07,11.11
Bergen,49.78,7.42
Bergen,50.47,12.27
Bergen,52.81,9.96
Bergen (Dumme),52.89,10.94
Bergen (Dumme) Banzau,52.89,10.94
Bergen (Dumme) Belau,52.88,10.95
Bergen (Dumme) Bergen,52.89,10.96
Bergen (Dumme) Brüchauer Mühle,52.91,10.95
Bergen (Dumme) Jiggel,52.91,10.96
Bergen (Dumme) Malsleben,52.87,10.92
Bergen (Dumme) Nienbergen,52.86,10.94
Bergen (Dumme) Spithal,52.90,10.91
Bergen (Dumme) Wöhningen,52.90,10.93
Bergen auf Rügen,54.42,13.43
Bergenhausen,50.02,7.57
Bergenhusen,54.38,9.32
Bergerdamm,52.66,12.80
Bergewöhrden,54.32,9.22
Bergfeld,52.54,10.85
Bergfelde,52.67,13.32
Berghaupten,48.41,7.99
Berghausen,50.26,8.01
Bergheim,48.76,11.26
Bergheim,50.94,6.66
Bergheim,50.96,6.63
Bergheim,50.97,6.68
Bergholz,53.44,14.17
Bergholz-Rehbrücke,52.35,13.11
Berghülen,48.46,9.76
Berghülen Bühlenhausen,48.46,9.78
Berghülen Treffensbuch,48.48,9.79
Bergisch Gladbach,50.95,7.11
Bergisch Gladbach,50.97,7.18
Bergisdorf,51.03,12.12
Bergkamen,51.62,7.64
Bergkirchen,48.26,11.36
Berglangenbach,49.60,7.25
Berglen,48.87,9.47
Berglern,48.38,11.93
Berglicht,49.79,6.97
Bergneustadt,51.02,7.66
Bergrheinfeld,50.01,10.18
Bergtheim,49.90,10.07
Bergweiler,49.97,6.82
Beringstedt,54.12,9.53
Berka vor der Hainich,51.05,10.38
Berka/Werra,50.95,10.08
Berkach,50.44,10.40
Berkatal,51.23,9.92
Berkau,52.64,11.49
Berkenbrück,52.35,14.15
Berkenthin,53.73,10.65
Berkheim,48.04,10.08
Berkholz-Meyenburg,53.05,14.22
Berkoth,50.04,6.34
Berlin,52.40,13.56
Berlin,52.41,13.66
Berlin,52.42,13.14
Berlin,52.43,13.46
Berlin,52.45,13.20
Berlin,52.45,13.33
Berlin,52.45,13.37
Berlin,52.46,13.58
Berlin,52.51,13.51
Berlin,52.53,13.14
Berlin,52.53,13.18
Berlin,52.53,13.34
Berlin,52.53,13.38
Berlin,52.55,13.41
Berlin,52.55,13.57
Berlin,52.56,13.35
Berlin,52.58,13.49
Berlin,52.61,13.25
Berlin Friedrichshain,52.50,13.46
Berlin Friedrichshain,52.51,13.44
Berlin Kreuzberg,52.49,13.40
Berliner Feuerwehr,52.52,13.41
Berliner Pilsner Brauerei,52.54,13.47
Berliner Verkehrsbetriebe (BVG) Anstalt des öffentlichen Rechts,52.51,13.42
Berliner Wasserbetriebe Anstalt des Öffentlichen Rechts,52.52,13.41
Berlingen,50.24,6.72
Berlingerode,51.46,10.24
Berlstedt,51.06,11.24
Bermatingen,47.73,9.35
Bermbach,50.68,10.60
Bermel,50.28,7.08
Bermersheim,49.68,8.22
Bermersheim vor der Höhe,49.78,8.10
Bernau,47.80,8.04
Bernau,52.68,13.60
Bernau am Chiemsee,47.81,12.38
Bernbeuren,47.74,10.78
Bernburg,51.79,11.74
Berndorf,50.31,6.70
Berndroth,50.24,7.97
Berne,53.18,8.48
Berngau,49.25,11.40
Bernhardswald,49.09,12.25
Bernitt,53.90,11.89
Bernkastel-Kues,49.92,7.08
Bernried,47.87,11.29
Bernried,48.92,12.88
Bernsbach,50.58,12.77
Bernsdorf,50.77,12.67
Bernsdorf,51.37,14.07
Bernstadt,48.50,10.03
Bernstadt auf dem Eigen,51.05,14.85
Bernstorf,53.83,11.12
Bernterode (bei Heilbad Heiligenstadt),51.30,10.15
"Bernterode, Untereichsfeld",51.38,10.47
Berod bei Höchstenbach,50.65,7.69
Berod bei Wallmerod,50.48,7.93
Berscheid,49.98,6.23
Berschweiler,49.58,7.29
Berschweiler,49.77,7.39
Bersenbrück,52.55,7.95
Bersteland,51.94,13.78
Bersteland Freiwalde,51.96,13.75
Bersteland Niewitz,51.94,13.79
Bersteland Reichwalde,51.93,13.73
Berthelsdorf,51.03,14.76
Bertingen,52.35,11.84
Bertkow,52.72,11.91
Bertsdorf-Hörnitz,50.89,14.74
Berufsakademie,47.78,9.61
Berufsförderungsdienst,53.54,8.13
Berufsförderungswerk Frankfurt am Main,50.18,8.73
Berufsgenossenschaft Energie Textil Elektro Medienerzeugnisse,48.37,10.91
Berufsgenossenschaft Handel und Warendistribution,51.46,7.00
Berufsgenossenschaft Handel und Warenlogistik (BGHW),49.48,8.47
Berufsgenossenschaft Handel und Warenlogistik (BGHW),50.71,7.11
"Berufsgenossenschaft Handel und Warenlogistik, Regionaldirektion Südost",48.15,11.51
Berufsgenossenschaft Nahrungsmittel und Gastgewerbe,49.47,8.49
Berufsgenossenschaft Nahrungsmittel und Gastgewerbe,51.50,7.48
"Berufsgenossenschaft Rohstoffe u. chemische Industrie, Scanzentrum",52.33,9.77
Berufsgenossenschaft Rohstoffe und chemische Industrie,49.41,8.68
Berufsgenossenschaft Rohstoffe und chemische Industrie,51.46,7.22
Berufsgenossenschaft der Bauwirtschaft BV Wuppertal Geschäftsstelle Dortmund,51.51,7.48
Berufsgenossenschaft für Fahrzeughaltungen,50.08,8.21
Berufsgenossenschaft für Gesundheitsdienst und Wohlfahrtspflege,53.57,9.97
Berufsgenossenschaftliche Unfallklinik Frankfurt am Main,50.15,8.71
Berufsgenossenschaftliches Unfallkrankenhaus Hamburg,53.51,10.18
Berumbur,53.60,7.32
Berzhahn,50.54,8.01
Berzhausen,50.67,7.57
Berßel,51.95,10.76
Besandten,53.09,11.29
Bescheid,49.75,6.88
Beschendorf,54.18,10.87
Besdorf,54.05,9.36
Beselich,50.46,8.15
Besenthal,53.53,10.73
Beseritz,53.70,13.46
Besigheim,49.00,9.14
Besitz,53.34,10.86
Bessenbach,49.97,9.27
Bestensee,52.24,13.64
Bestwig,51.36,8.40
Bethau,51.67,13.00
Betheln,52.11,9.79
Bethenhausen,50.93,12.20
Bethlehem-Krankenhaus,50.77,6.23
Betteldorf,50.25,6.75
Betten,51.63,13.77
Bettendorf,50.23,7.87
Bettenfeld,50.09,6.76
Bettenring eG,48.68,9.20
Bettingen,49.94,6.40
Betzdorf,50.79,7.87
Betzendorf,53.14,10.31
Betzenstein,49.68,11.42
Betzenweiler,48.12,9.57
Betzigau,47.73,10.38
Betzweiler-Wälde,48.37,8.48
Beucha,51.32,12.56
Beulich,50.18,7.45
Beuna,51.32,11.95
Beuren,48.57,9.40
Beuren,50.10,7.08
Beuren (Hochwald),49.73,6.92
Beuron,48.05,8.97
Beuster,52.94,11.79
Beutel,53.11,13.39
Beutelsbach,48.55,13.12
Beveringen,53.15,12.22
Bevern,51.86,9.49
Bevern,53.76,9.77
Beverstedt,53.43,8.82
Beverungen,51.67,9.37
Bexbach,49.35,7.26
Beyernaumburg,51.47,11.39
Bezirk Schwaben,48.37,10.89
Bezirkskrankenhaus Bayreuth,49.96,11.57
Bezirksregierung Arnsberg,51.40,8.07
Bezirksregierung Detmold,51.93,8.88
Bezirksregierung Köln,50.94,6.95
Bezirksregierung Münster,51.96,7.62
Bezirksregierung Rheinhessen-Pfalz,49.35,8.15
Bezirksstelle für Naturschutz,49.01,8.41
Bezirksverband Pfalz,49.44,7.77
Bezirksärztekammer,50.35,7.59
BfA Kurklinik Lipperland,52.09,8.76
Bias,51.93,12.09
Biberach,48.33,8.03
Biberach an der Riß,48.09,9.79
Biberach an der Riß Bergerhausen,48.10,9.81
Biberbach,48.52,10.81
Bibertal,48.40,10.20
Biblis,49.69,8.46
Bibow,53.78,11.64
Bibra,50.47,10.44
Bibra,50.80,11.55
Biburg,48.79,11.86
"Biburg, Gemeinde Gars am Inn",48.18,12.30
Bichl,47.72,11.41
Bickenbach,49.76,8.62
Bickenbach,50.13,7.53
Bickendorf,50.03,6.50
Bidingen,47.83,10.73
Biebelnheim,49.80,8.17
Biebelried,49.77,10.08
Biebelsheim,49.87,7.93
Bieberehren,49.52,10.01
Biebergemünd,50.18,9.29
Biebern,49.98,7.45
Biebersdorf,51.98,13.97
Biebertal,50.62,8.60
Biebesheim am Rhein,49.78,8.47
Biebrich,50.30,7.95
Biedenkopf,50.91,8.53
Biederbach,48.20,8.03
Biederitz,52.15,11.72
Biedershausen,49.32,7.48
Biedesheim,49.60,8.11
Bielefeld,52.00,8.57
Bielefeld,52.03,8.53
Bielefeld,52.07,8.60
Biendorf,51.75,11.85
Biendorf,54.08,11.70
Bienenbüttel,53.14,10.49
Bienstädt,51.02,10.85
Biere,51.97,11.65
Biersdorf,50.01,6.45
Bierstedt,52.73,11.03
Biesdorf,49.88,6.30
Biesenbrow,53.12,14.01
Biesendahlshof,53.20,14.21
Biesenrode,51.61,11.39
Biesenthal,52.77,13.64
Biessenhofen,47.83,10.64
Bietigheim,48.91,8.25
Bietigheim-Bissingen,48.94,9.12
Bilkheim,50.50,7.95
Billensbach,49.06,9.37
Billerbeck,51.98,7.29
Billigheim,49.35,9.25
Billigheim-Ingenheim,49.14,8.09
Billroda,51.20,11.46
Bilsen,53.77,9.88
Bilshausen,51.63,10.16
Bilzingsleben,51.28,11.07
Bimöhlen,53.93,9.95
Binau,49.37,9.06
Binde,52.85,11.38
Bindlach,49.98,11.61
Bindow,52.28,13.74
Bingen,48.11,9.27
Bingen am Rhein,49.97,7.90
Binnen,52.62,9.13
Binningen,50.21,7.25
Binsfeld,49.97,6.72
Binswangen,48.56,10.64
Binz,54.38,13.62
Binzen,47.63,7.62
Bippen,52.58,7.73
Birenbach,48.75,9.66
Birgel,50.32,6.62
Birgland,49.42,11.63
Birken-Honigsessen,50.82,7.73
Birkenau,49.56,8.71
Birkenbeul,50.73,7.62
Birkenfeld,48.87,8.63
Birkenfeld,49.65,7.17
Birkenfeld,49.86,9.70
Birkenfelde,51.35,10.02
Birkenheide,49.48,8.26
Birkenhördt,49.12,7.93
Birkenhügel,50.43,11.75
Birkenwerder,52.68,13.28
Birkheim,50.12,7.62
Birkholz,52.42,11.84
Birkigt,50.67,11.48
Birkweiler,49.20,8.04
Birlenbach,50.36,8.00
Birnbach,50.70,7.58
Birresborn,50.18,6.63
Birstein,50.35,9.30
Birtlingen,49.95,6.48
Birx,50.53,10.05
Bischberg,49.91,10.83
Bischbrunn,49.87,9.49
Bischdorf,51.80,13.97
Bischheim,49.67,8.03
Bischoffen,50.70,8.45
Bischofferode,51.50,10.44
Bischofrod,50.55,10.65
Bischofroda,51.06,10.36
Bischofrode,51.49,11.53
Bischofsgrün,50.05,11.80
Bischofsheim,49.99,8.37
Bischofsheim an der Rhön,50.40,10.01
Bischofsmais,48.92,13.08
Bischofswerda,51.13,14.18
Bischofswiesen,47.63,12.98
Bischweier,48.84,8.28
Bischöfliche Administration,49.02,12.10
Bischöfliches Generalvikariat,51.46,7.01
Bischöfliches Generalvikariat,51.96,7.62
Bischöfliches Ordinariat,48.37,10.90
Bischöfliches Ordinariat,48.89,11.18
Bischöfliches Ordinariat,49.32,8.44
Bischöfliches Ordinariat,50.39,8.07
Bischöfliches Ordinariat Passau,48.57,13.46
Bisingen,48.31,8.92
Bismark,53.46,14.32
Bismark (Altmark),52.67,11.57
Bispingen,53.08,10.00
Bissee,54.18,10.12
Bissendorf,52.23,8.17
Bissersheim,49.54,8.20
Bissingen,48.72,10.62
Bissingen an der Teck,48.60,9.49
Bistensee,54.40,9.70
Bisterschied,49.65,7.75
Bitburg,49.97,6.53
Bitterfeld,51.62,12.31
Bitterfeld-Wolfen,51.62,12.27
Bittkau,52.41,11.96
Bitz,48.24,9.09
Bitzen,50.80,7.68
Blaibach,49.17,12.82
Blaichach,47.54,10.26
Blankenbach,50.07,9.23
Blankenberg,50.40,11.72
Blankenberg,53.77,11.71
Blankenburg,51.20,10.75
Blankenburg,51.79,10.96
Blankenfelde,52.34,13.41
Blankenhagen,54.17,12.34
Blankenhain,50.86,11.34
Blankenheim,50.43,6.65
Blankenheim,51.51,11.43
Blankenhof,53.58,13.13
Blankenrath,50.04,7.30
Blankensee,53.40,13.27
Blankensee,53.51,14.31
Blankenstein,50.40,11.70
Blaubach,49.57,7.40
Blaubeuren,48.41,9.78
Blaubeuren Asch,48.44,9.82
Blaubeuren Gerhausen,48.40,9.80
Blaubeuren Seißen,48.42,9.74
Blaubeuren Sonderbuch,48.42,9.81
Blaubeuren Wennenden,48.44,9.74
Blaufelden,49.30,9.97
Blaustein,48.42,9.91
Bleckede,53.29,10.73
Bleckhausen,50.13,6.78
Bleialf,50.23,6.28
Blekendorf,54.28,10.66
Blender,52.92,9.13
Blesewitz,53.82,13.62
Bleyen-Genschmar,52.60,14.56
Bleyen-Genschmar Bleyen,52.59,14.61
Bleyen-Genschmar Genschmar,52.62,14.52
Bliedersdorf,53.48,9.57
Bliesdorf,52.69,14.16
Bliesdorf Bliesdorf,52.70,14.15
Bliesdorf Kunersdorf,52.67,14.16
Bliesdorf Metzdorf,52.66,14.18
Blieskastel,49.24,7.26
Bliestorf,53.77,10.60
Blievenstorf,53.36,11.67
Blindheim,48.63,10.62
Blomberg,51.97,9.05
Blomberg,53.58,7.56
Blomesche Wildnis,53.80,9.42
Blossin,52.26,13.80
Blowatz,53.99,11.53
Blumberg,47.84,8.53
Blumberg,52.64,13.68
Blumberg,53.21,14.15
Blumenhagen,53.53,13.87
Blumenholz,53.41,13.12
Blumenow,53.10,13.25
Blumenthal,54.23,10.00
Blunk,54.01,10.31
Bobbau,51.69,12.27
Bobeck,50.90,11.79
Bobenheim am Berg,49.52,8.15
Bobenheim-Roxheim,49.59,8.36
Bobenthal,49.07,7.87
Boberow,53.15,11.61
Bobingen,48.27,10.83
Bobitz,53.80,11.36
Boblitz,51.84,13.98
Bobritzsch,50.90,13.44
Bobzin,53.48,11.15
Bocholt,51.82,6.61
Bocholter Borkener Volksblatt,51.84,6.61
Bochow,52.38,12.79
Bochum,51.43,7.24
Bochum,51.48,7.15
Bochum,51.48,7.22
Bochum,51.52,7.27
Bocka,50.82,11.97
Bockau,50.54,12.69
Bockelnhagen,51.56,10.42
Bockelwitz,51.20,12.96
Bockenau,49.83,7.68
Bockenem,52.01,10.13
Bockenheim,49.61,8.18
Bockhorn,48.31,11.99
Bockhorn,53.40,8.02
Bockhorn Adelheidsgroden,53.45,8.06
Bockhorn Blauhand,53.44,8.02
Bockhorn Bockhorn,53.39,8.02
Bockhorn Bockhornerfeld,53.35,8.02
Bockhorn Bredehorn,53.34,7.96
Bockhorn Ellenserdammersiel,53.43,8.05
Bockhorn Goelriehenfeld,53.31,8.00
Bockhorn Grabstede,53.37,7.99
Bockhorn Jührdenerfeld,53.33,8.00
Bockhorn Kranenkamp,53.40,8.03
Bockhorn Moorwinkelsdamm,53.32,7.96
Bockhorn Osterforde,53.38,8.03
Bockhorn Petersgroden,53.45,8.06
Bockhorn Steinhausen,53.41,8.03
Bockhorst,53.03,7.58
Boddin,53.58,11.10
Boddin,53.94,12.65
Boddin-Langnow,53.10,12.28
Bodelschwingh-Krankenhaus,52.28,7.71
Bodelshausen,48.39,8.98
Bodelwitz,50.69,11.62
Boden,50.39,7.82
Bodenbach,50.32,6.85
Bodenfelde,51.64,9.56
Bodenheim,49.94,8.32
Bodenkirchen,48.38,12.38
Bodenmais,49.07,13.10
Bodenrode-Westhausen,51.40,10.20
Bodensee,51.61,10.13
Bodenwerder,51.97,9.52
Bodenwöhr,49.27,12.30
Bodman-Ludwigshafen,47.82,9.06
Bodnegg,47.71,9.69
Bodolz,47.57,9.67
Boen,53.15,7.27
Boesche Staatliche Lotterieeinnahme,48.16,11.58
Boffzen,51.75,9.38
Bogel,50.19,7.80
Bogen,48.91,12.69
Bohmstedt,54.58,9.05
Bohmte,52.37,8.32
Boiensdorf,54.02,11.56
Boitze,53.15,10.75
Boitzenburger Land,53.26,13.59
Boizenburg,53.38,10.72
Bokel,53.39,8.77
Bokel,53.87,9.73
Bokel,54.21,9.80
Bokelrehm,54.04,9.39
Bokensdorf,52.50,10.72
Bokholt-Hanredder,53.79,9.74
Bokhorst,54.07,9.40
Boksee,54.23,10.13
Bolanden,49.64,8.01
Boldekow,53.72,13.59
Boll,48.64,9.61
Bollberg,50.88,11.80
Bollenbach,49.83,7.35
Bollendorf,49.85,6.36
Bollewick,53.35,12.58
Bollingstedt,54.59,9.42
Bollschweil,47.92,7.79
Bolschwitz,51.75,14.03
Bolsterlang,47.47,10.23
Boltenhagen,53.98,11.22
Bomlitz,52.90,9.65
Boms,47.98,9.52
Bondelum,54.57,9.27
Bondorf,48.52,8.84
Bonefeld,50.52,7.49
Bonerath,49.68,6.77
Bonese,52.82,10.84
Bongard,50.30,6.83
Bonn,50.69,7.17
Bonn,50.71,7.05
Bonn,50.74,7.10
Bonn,50.76,7.06
Bonndorf im Schwarzwald,47.82,8.34
Bonstetten,48.44,10.71
Boock,52.79,11.54
Boock,53.49,14.25
Boos,48.08,10.20
Boos,49.80,7.72
Boos,50.32,7.02
Boostedt,54.02,10.03
Bopfingen,48.86,10.35
Boppard,50.23,7.59
Borchen,51.67,8.72
Bordelum,54.63,8.93
Bordesholm,54.18,10.03
Boren,54.62,9.82
Borgdorf-Seedorf,54.17,9.88
Borgentreich,51.57,9.24
Borgholzhausen,52.10,8.30
Borgsdorf,52.71,13.28
Borgstedt,54.33,9.71
Borgsum,54.70,8.46
Borgwedel,54.50,9.67
Bork-Lellichow,53.03,12.45
Borken,51.06,9.22
Borken,51.84,6.86
Borkheide,52.22,12.85
Borkow,53.66,11.95
Borkum,53.58,6.69
Borkwalde,52.25,12.83
Borler,50.32,6.83
Born,52.38,11.47
Born a. Darß,54.43,12.55
Borna,51.12,12.50
Borne,51.95,11.56
Bornhagen,51.33,9.95
Bornheim,49.22,8.16
Bornheim,49.78,8.06
Bornheim,50.76,6.99
Bornholt,54.10,9.33
Bornhöved,54.07,10.23
Bornich,50.13,7.77
Bornitz,51.09,12.17
Bornsen,52.72,10.92
Bornstedt,51.48,11.48
Bornstedt,52.18,11.36
Bornum,51.98,12.20
Borod,50.67,7.71
Borrentin,53.81,12.97
Borromäusverein,50.73,7.09
Borsdorf,51.35,12.53
Borsfleth,53.83,9.43
Borstel,52.66,9.02
Borstel,53.97,9.80
Borstel-Hohenraden,53.68,9.82
Borstendorf,50.77,13.18
Borstorf,53.62,10.57
Borxleben,51.40,11.23
Bosau,54.10,10.44
Bosbüll,54.82,8.87
Bosch,48.69,8.12
Bosch Communication Security & Imaging,51.28,9.50
Bosenbach,49.54,7.53
Botanischer Garten und Botanisches Museum Berlin-Dahlem,52.46,13.31
Botenheim,49.07,9.06
Bothel,53.07,9.50
Bothenheilingen,51.18,10.62
Bothkamp,54.20,10.13
Botschaft USA,50.67,7.18
Bottenbach,49.18,7.50
Bottmersdorf,52.03,11.43
Bottrop,51.52,6.93
Bottrop,51.53,6.97
Bottrop,51.61,6.92
Bous,49.28,6.80
Bovenau,54.33,9.83
Bovenden,51.59,9.92
Boxberg,49.48,9.64
Boxberg,50.27,6.88
Boxberg/Oberlausitz,51.40,14.57
Boßdorf,51.99,12.69
Braak,53.61,10.25
Brachbach,50.82,7.93
Brachstedt,51.57,12.05
Brachtendorf,50.23,7.23
Brachttal,50.32,9.28
Brachwitz,51.54,11.87
Brackel,53.30,10.05
Brackenheim,49.08,9.07
Braderup,54.84,8.89
Brahlstorf,53.36,10.95
Brahmenau,50.92,12.16
Brake,53.33,8.46
Brakel,51.72,9.19
Bralitz,52.84,14.01
Brambach,51.88,12.15
Brammer,54.20,9.77
Bramsche,52.41,7.97
Bramstedt,53.37,8.69
Bramstedtlund,54.85,9.07
Brand,49.96,11.91
Brand-Erbisdorf,50.81,13.31
Brande-Hörnerkirchen,53.85,9.72
Brandenburg an der Havel,52.39,12.41
Brandenburg an der Havel,52.40,12.57
Brandenburg an der Havel,52.42,12.52
Brandenburgisches Oberlandesgericht,52.41,12.54
Branderoda,51.27,11.77
Brandhorst,51.81,12.41
Brandis,51.34,12.61
Brandscheid,50.22,6.31
Brandscheid,50.56,7.92
Brandshagen,54.24,13.17
Brannenburg,47.74,12.09
Braschwitz,51.52,12.06
Braubach,50.27,7.65
Brauneberg,49.91,6.98
Braunfels,50.52,8.39
Braunfels Altenkirchen,50.47,8.41
Braunfels Bonbaden,50.50,8.43
Braunfels Braunfels,50.52,8.38
Braunfels Neukirchen,50.48,8.44
Braunfels Philippstein,50.49,8.38
Braunfels Tiefenbach,50.53,8.33
Braunichswalde,50.80,12.22
Braunlage,51.73,10.61
Braunsbach,49.20,9.79
Braunsbedra,51.29,11.89
Braunschweig,52.22,10.50
Braunschweig,52.24,10.56
Braunschweig,52.26,10.54
Braunschweig,52.28,10.58
Braunschwende,51.59,11.24
Braunsdorf,50.74,11.91
Braunshorn,50.08,7.52
Braunweiler,49.87,7.75
Brauweiler,49.82,7.50
Brebel,54.63,9.75
Brechen,50.36,8.18
Brecht,49.98,6.43
Breckerfeld,51.26,7.47
Breddenberg,52.95,7.61
Breddin,52.89,12.22
Breddorf,53.29,9.08
Bredenbek,54.32,9.87
Bredenfelde,53.60,12.96
Bredereiche,53.14,13.24
Bredow,52.59,12.93
Bredstedt,54.62,8.96
Breechen,53.93,13.35
Breege,54.61,13.36
Breese,53.00,11.80
Breesen,53.63,13.17
Breesen,54.05,12.69
Breest,53.79,13.33
Bregenstedt,52.25,11.22
Brehme,51.49,10.36
Brehna,51.56,12.21
Breidenbach,50.89,8.46
Breiholz,54.21,9.52
Breisach am Rhein,48.03,7.58
Breit,49.78,6.91
Breitbrunn,50.02,10.70
Breitbrunn am Chiemsee,47.89,12.40
Breitenau,50.50,7.69
Breitenau,51.69,13.72
Breitenbach,49.43,7.27
Breitenbach,51.00,12.07
Breitenbach,51.40,10.34
Breitenbach,51.54,11.12
Breitenbach am Herzberg,50.78,9.52
Breitenberg,48.70,13.79
Breitenberg,53.92,9.64
Breitenbrunn,48.13,10.40
Breitenbrunn,49.08,11.62
Breitenbrunn/Erzgebirge,50.47,12.77
Breitenburg,53.91,9.57
Breitenfeld,51.40,12.34
Breitenfeld,52.57,11.25
Breitenfelde,53.61,10.63
Breitengüßbach,49.97,10.89
Breitenhagen,51.92,11.95
Breitenheim,49.70,7.63
Breitenstein,51.62,10.95
Breitenthal,48.24,10.30
Breitenthal,49.80,7.33
Breitenworbis,51.45,10.34
Breitingen,48.52,9.99
Breitnau,47.93,8.08
Breitscheid,50.05,7.70
Breitscheid,50.58,7.44
Breitscheid,50.69,8.19
Breitscheidt,50.75,7.65
Breitungen,50.76,10.33
Breitungen,51.50,11.05
Brekendorf,54.42,9.63
Breklum,54.60,8.98
Bremberg,50.31,7.92
Bremen,53.04,8.96
Bremen,53.05,8.84
Bremen,53.07,8.87
Bremen,53.09,8.75
Bremen,53.09,8.79
Bremen,53.17,8.70
Bremerhaven,53.53,8.59
Bremerhaven,53.57,8.57
Bremervörde,53.48,9.14
Bremm,50.10,7.12
Bremsnitz,50.80,11.77
Brenitz,51.70,13.60
Brenk,50.43,7.18
Brennberg,49.07,12.40
Brensbach,49.77,8.88
Brenz,53.38,11.67
Bresegard,53.25,11.37
Bresegard,53.35,11.30
Brest,53.45,9.38
Bretleben,51.33,11.23
Bretnig-Hauswalde,51.15,14.08
Bretsch,52.84,11.63
Bretten,49.04,8.71
Bretthausen,50.67,8.07
Brettin,52.43,12.18
Bretzenheim,49.88,7.90
Bretzfeld,49.18,9.44
Breuberg,49.80,9.07
Breuna,51.42,9.19
Breunigweiler,49.57,7.97
Brevörde,51.92,9.42
Brey,50.27,7.63
Breydin,52.77,13.82
Brickeln,54.02,9.23
Briedel,50.02,7.15
Brieden,50.18,7.27
Briedern,50.10,7.20
Brieselang,52.58,13.00
Briesen,51.82,14.24
Briesen,52.05,13.71
Briesen (Mark),52.33,14.30
Briesen (Mark) Biegen,52.32,14.37
Briesen (Mark) Briesen (Mark),52.33,14.28
Briesensee,51.96,14.00
Brieskow-Finkenheerd,52.25,14.57
Brietlingen,53.33,10.45
Brietzig,53.47,13.90
Brigachtal,48.02,8.47
Briggow,53.62,12.98
Brigitta Winter (Mutter und Kind Dienst),53.66,10.10
Brilon,51.39,8.57
Brimingen,49.97,6.36
Brinjahe,54.17,9.63
Brinkum,53.27,7.57
Bristow,53.71,12.63
Britz,52.89,13.81
Brockel,53.10,9.52
Brockscheid,50.13,6.85
Brockum,52.47,8.42
Brodenbach,50.23,7.45
Brodersby,54.53,9.72
Brodersby,54.63,9.98
Brodersdorf,54.38,10.25
Broderstorf,54.11,12.30
Brogsitter Grundstücksgesellschaft Gelsdorf GbR,50.57,7.03
Brohl,50.22,7.28
Brohl-Lützing,50.48,7.33
Brohm,53.61,13.60
Brokdorf,53.86,9.32
Brokstedt,53.98,9.82
Brombachtal,49.73,8.96
Brome,52.60,10.94
Bromskirchen,51.09,8.63
Bronkow,51.67,13.92
Broock,53.47,12.11
Brotterode,50.82,10.44
Brown-Forman Beverages Europe Ltd.,53.56,9.99
Bruch,49.96,6.78
Bruchertseifen,50.75,7.72
Bruchhagen,53.08,13.97
Bruchhausen,50.60,7.25
Bruchhausen-Vilsen,52.83,8.99
Bruchköbel,50.18,8.92
Bruchmühlbach-Miesau,49.38,7.43
Bruchsal,49.12,8.60
Bruchstedt,51.18,10.78
Bruchweiler,49.80,7.23
Bruchweiler-Bärenbach,49.12,7.80
Bruck,48.02,11.91
Bruck in der Oberpfalz,49.25,12.31
Bruckberg,48.52,11.99
Bruckberg,49.36,10.70
Bruckmühl,47.88,11.91
Brudersdorf,53.95,12.88
Brumby,51.90,11.72
Brunau,52.75,11.47
Brunn,49.10,11.90
Brunn,53.67,13.37
Brunnen,48.63,11.31
Brunnhartshausen,50.68,10.12
Brunnthal,48.01,11.68
Brunow,53.26,11.81
Brunsbek,53.60,10.27
Brunsbüttel,53.90,9.10
Brunsmark,53.62,10.73
Brunstorf,53.49,10.43
Brunswiek-Klinik der LVA Braunschweig,51.99,9.25
Bruschied,49.83,7.40
Brusendorf,52.31,13.51
Bruttig-Fankel,50.13,7.23
Brädikow,52.69,12.65
Bräsen,51.96,12.38
Bräunlingen,47.93,8.45
Bräunrode,51.64,11.40
Bröbberow,53.96,12.05
Bröckau,50.96,12.21
Bröckel,52.52,10.22
Bröthen,53.48,10.67
Brück,52.20,12.77
Brücken,49.43,7.36
Brücken,49.63,7.12
Brücken,51.44,11.20
Brücktal,50.32,6.98
Brüel,53.74,11.71
Brügge,54.18,10.07
Brüggen,51.24,6.18
Brüggen,52.04,9.77
Brüheim,51.00,10.58
Brühl,49.40,8.53
Brühl,50.83,6.91
Brünn,50.45,10.86
Brünzow,54.10,13.56
Brüsewitz,53.68,11.24
Brüssow,53.40,14.13
Bubach,50.07,7.55
Bubenheim,49.63,8.12
Bubenheim,49.92,8.08
Bubenreuth,49.63,11.02
Bubesheim,48.43,10.25
Buborn,49.63,7.55
Bubsheim,48.12,8.83
Buch,48.22,10.18
Buch,50.08,7.39
Buch,50.20,7.87
Buch,52.49,11.95
Buch am Buchrain,48.22,12.00
Buch am Erlbach,48.45,12.04
Buch am Wald,49.33,10.33
Bucha,50.63,11.70
Bucha,50.88,11.52
Bucha,51.24,11.51
Buchbach,48.31,12.27
Buchbrunn,49.76,10.14
Buchdorf,48.78,10.83
Buchen (Odenwald),49.52,9.32
Buchenbach,47.96,8.01
Buchenberg,47.70,10.24
Buchet,50.23,6.32
Buchfart,50.92,11.33
Buchhain,51.65,13.39
Buchheim,48.01,8.99
Buchhofen,48.70,12.92
Buchholz,51.53,10.87
Buchholz,52.23,9.13
Buchholz,52.54,11.79
Buchholz,53.12,12.18
Buchholz,53.27,12.64
Buchholz,53.73,10.75
Buchholz,53.99,9.22
Buchholz (Aller),52.68,9.67
Buchholz (Westerwald),50.69,7.40
Buchholz in der Nordheide,53.33,9.87
Buchhorst,53.39,10.57
Buchloe,48.04,10.73
Buckautal,52.23,12.32
Buckenhof,49.59,11.05
Buckow,52.57,14.07
Buddenhagen,54.00,13.69
Budenbach,50.03,7.57
Budenheim,50.02,8.17
Bufleben,51.00,10.73
Bugewitz,53.79,13.83
Buggenhagen,53.92,13.86
Buggingen,47.85,7.64
Buhla,51.43,10.43
Buhlenberg,49.66,7.12
Buhlendorf,52.03,12.04
Buko,51.94,12.41
Bullay,50.05,7.14
Bullenkuhlen,53.77,9.75
Bunde,53.18,7.27
Bundenbach,49.84,7.38
Bundenthal,49.10,7.81
Bunderhee,53.22,7.30
Bundorf,50.22,10.52
Bunsoh,54.16,9.32
Burbach,50.11,6.52
Burbach,50.75,8.08
Burg,49.97,6.35
Burg,52.27,11.86
Burg (Dithmarschen),54.00,9.27
Burg (Mosel),50.02,7.12
Burg (Spreewald),51.83,14.15
Burg Stargard,53.50,13.31
Burgau,48.43,10.41
Burgberg im Allgäu,47.54,10.28
Burgbernheim,49.45,10.32
Burgbrohl,50.45,7.28
Burgdorf,52.14,10.22
Burgdorf,52.45,10.01
Burgebrach,49.83,10.74
Burgen,49.88,7.00
Burgen,50.21,7.39
Burggen,47.78,10.82
Burghaslach,49.73,10.60
Burghaun,50.70,9.72
Burghausen,48.17,12.83
Burghausen,51.36,12.26
Burgheim,48.70,11.02
Burgholzhausen,51.14,11.52
Burgkemnitz,51.68,12.40
Burgkirchen an der Alz,48.17,12.73
Burgkunstadt,50.14,11.25
Burglahr,50.62,7.50
Burglauer,50.28,10.18
Burglengenfeld,49.20,12.04
Burgoberbach,49.23,10.58
Burgpreppach,50.14,10.65
Burgrieden,48.23,9.93
Burgsalach,49.03,11.10
Burgscheidungen,51.25,11.64
Burgschwalbach,50.28,8.08
Burgsdorf,51.58,11.65
Burgsinn,50.15,9.65
Burgsponheim,49.83,7.72
Burgstall,52.41,11.70
Burgstein,50.42,12.02
Burgstetten,48.93,9.37
Burgstädt,50.91,12.81
Burgthann,49.35,11.31
Burgwald,51.00,8.75
Burgwalde,51.38,10.05
Burgwall,53.05,13.30
Burgwedel,52.50,9.86
Burgwerben,51.22,11.98
Burgwindheim,49.83,10.60
Burk,49.13,10.48
Burkardroth,50.27,9.99
Burkau,51.18,14.17
Burkersroda,51.18,11.64
Burkhardtsdorf,50.73,12.92
Burladingen,48.29,9.11
Burow,53.77,13.27
Burrweiler,49.25,8.08
Burscheid,50.04,6.35
Burscheid,51.08,7.11
Burtenbach,48.34,10.45
Burtscheid,49.73,6.95
Burweg,53.62,9.27
Buschkuhnsdorf,51.81,13.15
Buschvitz,54.43,13.47
Busdorf,54.49,9.55
Buseck,50.61,8.78
Busenberg,49.13,7.83
Busenhausen,50.72,7.63
Busenwurth,54.04,9.04
Butjadingen,53.55,8.34
Buttelstedt,51.08,11.34
Buttenheim,49.80,11.03
Buttenwiesen,48.60,10.72
Butting,52.67,10.68
Buttlar,50.76,9.95
Buttstädt,51.12,11.42
Butzbach,50.43,8.67
Butzen,51.93,14.17
Butzow,53.83,13.65
Buxheim,48.00,10.13
Buxheim,48.81,11.29
Buxtehude,53.47,9.69
Bußgeldstelle,51.37,11.29
Byhleguhre,51.88,14.17
Byhlen,51.91,14.19
Bächingen an der Brenz,48.55,10.31
Bäk,53.72,10.78
Bälau,53.62,10.62
Bärenbach,49.75,7.45
Bärenbach,49.95,7.30
Bärenklau,51.94,14.57
Bärenstein,50.50,13.03
Bärenstein,50.80,13.80
Bärenthal,48.07,8.93
Bärnau,49.81,12.43
Bärweiler,49.73,7.60
Böbing,47.76,10.99
Böbingen,49.28,8.24
Böbingen an der Rems,48.82,9.92
Böblingen,48.68,9.01
Böbrach,49.06,13.03
Böchingen,49.24,8.09
Böddensell,52.36,11.25
Böel,54.65,9.72
Böhen,47.88,10.30
Böhl-Iggelheim,49.38,8.30
Böhlen,50.59,11.04
Böhlen,51.20,12.39
Böhlendorf,54.07,12.67
Böhme,52.78,9.47
Böhmenkirch,48.68,9.93
Böhmfeld,48.86,11.37
Böhnhusen,54.22,10.07
Böken,53.71,11.33
Böklund,54.60,9.58
Bölkendorf,52.95,14.00
Bölkow,54.01,11.99
Böllen,47.80,7.84
Böllenborn,49.10,7.93
Bölsberg,50.67,7.92
Bölsdorf,52.51,11.93
Bönebüttel,54.08,10.07
Bönen,51.60,7.77
Bönnigheim,49.04,9.09
Bönningstedt,53.67,9.92
Börfink,49.68,7.08
Börger,52.91,7.54
Börgerende-Rethwisch,54.14,11.93
Börm,54.40,9.38
Börnichen/Erzgebirge,50.75,13.13
Börnicke,52.66,13.64
Börnicke,52.69,12.94
Börnsen,53.48,10.28
Börrstadt,49.58,7.94
Börsborn,49.43,7.40
Börslingen,48.54,10.06
Börtlingen,48.75,9.63
Börzow,53.86,11.13
Börßum,52.07,10.58
Bösdorf,52.41,11.07
Bösdorf,54.15,10.48
Bösel,53.00,7.95
Bösenbrunn,50.40,12.10
Bösingen,48.23,8.55
Bösleben-Wüllersleben,50.83,11.07
Bötersen,53.13,9.32
Böttingen,48.10,8.80
Bötzingen,48.08,7.72
Böxlund,54.85,9.18
Büchel,50.17,7.08
Büchel,51.25,11.15
Büchen,53.48,10.62
Büchenbach,49.27,11.06
Büchenbeuren,49.92,7.28
Büchlberg,48.67,13.52
Bückeburg,52.26,9.05
Bückeburg Achum,52.29,9.09
Bückeburg Bergdorf,52.25,9.06
Bückeburg Bückeburg,52.26,9.06
Bückeburg Cammer,52.31,9.00
Bückeburg Evesen,52.28,8.99
Bückeburg Meinsen,52.30,9.05
Bückeburg Müsingen,52.27,9.07
Bückeburg Rusbend,52.31,9.07
Bückeburg Scheie,52.28,9.05
Bückeburg Warber,52.29,9.06
Bücken,52.78,9.13
Büddenstedt,52.17,11.02
Büdelsdorf,54.32,9.67
Büden,52.15,11.83
Büdesheim,50.22,6.55
Büdingen,50.29,9.11
Büdingen Dent,50.29,9.11
Büdingen Med,50.29,9.11
Büdlich,49.78,6.90
Bühl,48.70,8.14
Bühlertal,48.69,8.19
Bühlertann,49.04,9.91
Bühlerzell,49.00,9.92
Bühne,52.00,10.64
Bühnsdorf,53.88,10.38
Bühren,51.48,9.68
Bülkau,53.75,8.98
Bülow,53.59,11.77
Bülow,53.69,12.60
Bülow,53.77,11.03
Bülow,53.77,12.10
Bülstedt,53.22,9.15
Bülstringen,52.32,11.35
Bülzig,51.89,12.76
Bünde,52.20,8.59
Bünsdorf,54.37,9.75
Bürchau,47.77,7.83
Bürdenbach,50.60,7.52
Büren,51.55,8.56
Bürgel,50.94,11.76
Bürgstadt,49.71,9.27
Bürkert Steuer- u. Regeltechnik,49.30,9.65
Bürstadt,49.64,8.46
Büsingen am Hochrhein,47.70,8.68
Büste,52.69,11.55
Büsum,54.13,8.86
Büsumer Deichhausen,54.13,8.88
Bütow,53.35,12.48
Büttel,53.90,9.23
Büttelborn,49.90,8.52
Bütthard,49.60,9.88
Büttstedt,51.26,10.31
Bützer,52.54,12.30
Bützow,53.85,11.98
C C Erfrischungsgetränke Ruhr-West,51.60,7.13
CCI Kosmetik Versand e.K.,49.00,8.48
CDA,50.69,7.18
COGNITAS Gesellschaft für Technik-Dokumentation,51.72,8.72
Caan,50.47,7.62
Caaschwitz,50.95,12.00
Cadenberge,53.77,9.06
Cadolzburg,49.46,10.85
Cahnsdorf,51.85,13.75
Calau,51.74,13.95
Calbe,51.91,11.77
Calberlah,52.42,10.62
Calden,51.41,9.40
Callbach,49.70,7.70
Callenberg,50.85,12.63
Calvörde,52.40,11.29
Calw,48.71,8.74
Cambs,53.70,11.53
Camburg,51.06,11.71
Camin,53.46,10.97
Caminchen,51.95,14.07
Cammin,53.44,13.30
Cammin,53.99,12.36
Campe & Ohff,50.64,9.39
Cappel,53.73,8.57
Cappeln (Oldenburg),52.82,8.12
Carl Bockwoldt,53.81,10.40
Carl Zeiss,48.78,10.10
Carlow,53.76,10.94
Carlsberg,49.50,8.04
"Carlsfeld, Erzgebirge",50.52,12.60
Carmzow-Wallmow,53.37,14.07
Carpin,53.36,13.24
Casekirchen,51.07,11.84
Casekow,53.21,14.21
Castell,49.74,10.35
Castrop-Rauxel,51.55,7.32
Castrum,47.94,12.50
Cattenstedt,51.78,10.97
Cavertitz,51.38,13.13
Celle,52.61,10.04
Celle,52.62,10.09
Cellway Kommunikationsdienste,50.98,11.04
Center Parcs,51.88,8.44
Center für Strategic Projects,49.46,11.09
Cham,49.23,12.65
Chamerau,49.20,12.75
"Charite, Labor für Biofluidmechanik",52.45,13.28
Charlottenberg,50.34,7.88
Chef der Staatskanzlei des Landes Nordrhein-Westfalen,51.22,6.76
Chemnitz,50.82,12.84
Chemnitz,50.83,12.96
Chemnitz,50.84,12.92
Chemnitz,50.85,12.90
"Chemnitz, Sachsen",50.83,12.92
Chieming,47.89,12.54
Chiemsee,47.87,12.42
Chorin,52.90,13.87
Christ Juweliere und Uhrmacher,51.35,12.17
Christes,50.67,10.48
Christiansholm,54.32,9.42
Christinenthal,54.05,9.53
Chörau,51.82,12.12
Chüden,52.85,11.23
Clausen,49.26,7.68
Clausthal-Zellerfeld,51.81,10.34
Claußnitz,50.93,12.88
Cleebronn,49.05,9.04
Clenze,52.94,10.96
Clenze Bausen,52.97,10.99
Clenze Beseland,52.96,10.96
Clenze Braudel,52.98,10.87
Clenze Bussau,52.96,10.99
Clenze Bösen,52.93,10.94
Clenze Clenze,52.94,10.96
Clenze Dalitz,52.93,10.97
Clenze Gistenbeck,52.93,10.98
Clenze Gohlefanz,52.97,10.90
Clenze Granstedt,52.96,11.00
Clenze Groß Sachau,52.99,11.00
Clenze Guhreitzen,52.95,10.98
Clenze Kassau,52.91,10.95
Clenze Kloster,52.96,10.90
Clenze Korvin,52.95,10.94
Clenze Kussebode,52.92,11.00
Clenze Lefitz,52.95,10.93
Clenze Meußließen,52.94,10.88
Clenze Mützen,52.94,10.94
Clenze Prießeck,52.97,10.97
Clenze Quartzau,52.94,10.89
Clenze Reddereitz,52.97,10.91
Clenze Satkau,52.95,10.88
Clenze Schlannau,52.95,10.90
Clenze Seelwig,52.96,10.95
Clenze Vaddensen,52.98,10.89
Clingen,51.23,10.93
Cloppenburg,52.85,8.04
Cobbel,52.39,11.86
Cobbelsdorf,51.96,12.53
Coburg,50.26,10.96
Cochem,50.15,7.16
Cochstedt,51.88,11.41
Coesfeld,51.94,7.17
Colbitz,52.32,11.61
Colditz,51.13,12.80
Collenberg,49.74,9.32
Colmberg,49.35,10.41
Colnrade,52.83,8.48
Compuserve,51.88,8.44
Computershare Deutschland,48.14,11.57
Contwig,49.25,7.43
Coppenbrügge,52.12,9.55
Coppengrave,51.98,9.73
Cornberg,51.04,9.86
Cosa,51.70,12.08
Coswig,51.13,13.58
Coswig,51.89,12.45
Cottbus,51.74,14.32
Cottbus,51.76,14.35
Cottbus,51.78,14.34
Crailsheim,49.13,10.07
Cramberg,50.34,7.94
Cramme,52.11,10.45
Cramonshagen,53.71,11.27
Crawinkel,50.78,10.78
Creglingen,49.47,10.03
Cremlingen,52.25,10.65
Creuzburg,51.05,10.25
Creußen,49.84,11.63
Crimla,50.80,12.05
Crimmitschau,50.81,12.35
Crinitz,51.73,13.77
Crinitzberg,50.57,12.51
Crivitz,53.57,11.65
Cronenberg,49.65,7.62
Crossen an der Elster,50.97,11.98
Crostau,51.08,14.46
Crostwitz,51.24,14.24
Crottendorf,50.52,12.95
Crussow,53.00,14.08
Cröchern,52.39,11.65
Crölpa-Löbschütz,51.11,11.73
Cumlosen,53.03,11.67
Cunewalde,51.10,14.52
Cursdorf,50.57,11.13
Cuxhaven,53.82,8.66
Cuxhaven,53.86,8.65
Cuxhaven,53.86,8.71
Cölbe,50.85,8.78
Cölpin,53.52,13.43
Cörmigk,51.73,11.84
Cösitz,51.65,12.06
D.A.S. Direktion,48.10,11.65
DAK - Gesundheit,47.76,8.84
DAK Bezirksgeschäftsstelle Güstrow,53.79,12.18
DAK DigiZ Essen,51.46,7.02
DAK Gesundheit,51.54,9.93
DAK Hagen,51.36,7.47
DAK-Gesundheit,49.00,8.38
DAK-Gesundheit,49.35,8.14
DAK-Gesundheit,49.97,7.89
DAK-Gesundheit,50.13,8.77
DAK-Gesundheit,50.55,8.50
DAK-Gesundheit,53.55,10.02
DAK-Gesundheit,53.86,10.69
DAK-Gesundheit Hilfsmittelkompetenzzentrum,49.00,8.39
DB Regionalbahn Westfalen RAN Team Westfalen,51.96,7.64
DER KURIER,49.01,8.39
DMT-Gesellschaft für Lehre und Bildung,51.49,7.21
DRK Blutspendedienst,52.19,9.56
DRK Kliniken Köpenick,52.45,13.59
DVD-Logistik Center,51.88,10.15
Daaden,50.73,7.97
Daasdorf am Berge,51.00,11.26
Dabel,53.66,11.90
Dabergotz,52.90,12.72
Daberkow,53.84,13.30
Dabrun,51.83,12.71
Dachau,48.26,11.43
Dachsbach,49.64,10.71
Dachsberg,47.73,8.10
Dachsenhausen,50.24,7.68
Dachtmissen,53.25,10.32
Dachwig,51.08,10.85
Dackenheim,49.52,8.19
Dackscheid,50.12,6.38
Dadow,53.22,11.49
Dagebüll,54.73,8.70
Dahlem,49.92,6.60
Dahlem,50.39,6.55
Dahlem,53.20,10.75
Dahlen,51.36,13.00
Dahlen,52.56,11.83
Dahlenburg,53.19,10.74
Dahlenwarsleben,52.20,11.54
Dahlewitz,52.32,13.44
Dahlheim,50.21,7.70
Dahlum,52.13,10.85
Dahlwitz-Hoppegarten,52.52,13.67
Dahme,54.22,11.08
Dahme/Mark,51.89,13.43
Dahmen,53.66,12.58
Dahmetal,51.91,13.50
Dahmker,53.58,10.45
Dahn,49.15,7.78
Dahnen,50.07,6.15
DaimlerChrysler Corporate Audit,52.51,13.37
Daisendorf,47.71,9.27
Daiting,48.79,10.90
Dalberg,49.90,7.73
Dalberg-Wendelstorf,53.74,11.27
Daldorf,54.02,10.25
Daleiden,50.07,6.18
Dalheim,49.83,8.30
Dalkendorf,53.81,12.50
Dalldorf,53.44,10.61
Dallgow-Döberitz,52.54,13.06
Dambach,49.63,7.13
Dambeck,53.24,11.77
Damendorf,54.42,9.73
Damerow,53.44,13.97
Damflos,49.67,6.98
Damlos,54.25,10.90
Damm,53.44,11.75
Damm,54.01,12.15
Dammbach,49.86,9.33
Damme,52.52,8.20
Dammendorf,52.14,14.42
Dammfleth,53.91,9.37
Damnatz,53.14,11.18
Damnatz Barnitz,53.15,11.17
Damnatz Damnatz,53.13,11.18
Damnatz Jasebeck,53.16,11.14
Damnatz Kamerun,53.12,11.19
Damnatz Landsatz,53.15,11.17
Damp,54.58,9.94
Damscheid,50.10,7.68
Damsdorf,54.07,10.32
Damshagen,53.93,11.15
Danewitz,52.73,13.67
Dankerath,50.33,6.82
Dankerode,51.59,11.14
Dankmarshausen,50.93,10.02
Dannau,54.24,10.54
Danndorf,52.42,10.91
Dannefeld,52.51,11.14
Dannenberg (Elbe),53.09,11.09
Dannenberg (Elbe) Breese in der Marsch,53.11,11.13
Dannenberg (Elbe) Bückau,53.08,11.11
Dannenberg (Elbe) Dambeck,53.12,11.12
Dannenberg (Elbe) Dannenberg,53.09,11.10
Dannenberg (Elbe) Groß Heide,53.05,11.14
Dannenberg (Elbe) Gümse,53.11,11.14
Dannenberg (Elbe) Klein Heide,53.06,11.13
Dannenberg (Elbe) Liepehöfen,53.06,11.12
Dannenberg (Elbe) Lüggau,53.10,11.08
Dannenberg (Elbe) Nebenstedt,53.10,11.13
Dannenberg (Elbe) Neu Tramm,53.06,11.06
Dannenberg (Elbe) Niestedt,53.08,11.06
Dannenberg (Elbe) Penkefitz,53.14,11.14
Dannenberg (Elbe) Pisselberg,53.11,11.08
Dannenberg (Elbe) Prabstorf,53.07,11.12
Dannenberg (Elbe) Predöhlsau,53.12,11.10
Dannenberg (Elbe) Prisser,53.09,11.07
Dannenberg (Elbe) Riekau,53.07,11.05
Dannenberg (Elbe) Riskau,53.11,11.03
Dannenberg (Elbe) Schmarsau,53.09,11.05
Dannenberg (Elbe) Seedorf,53.12,11.15
Dannenberg (Elbe) Seybruch,53.10,11.15
Dannenberg (Elbe) Sipnitz,53.11,11.16
Dannenberg (Elbe) Soven,53.06,11.12
Dannenberg (Elbe) Splietau,53.09,11.14
Dannenberg (Elbe) Streetz,53.11,11.06
Dannenberg (Elbe) Tramm,53.06,11.07
Dannenberg (Elbe) Tripkau,53.11,11.04
Dannenfels,49.63,7.94
Dannenreich,52.31,13.75
Dannenwalde,53.03,12.24
Dannewerk,54.48,9.50
Dannigkow,52.07,11.87
Dannstadt-Schauernheim,49.44,8.31
Danstedt,51.91,10.89
Dardesheim,52.01,10.89
Dargelin,54.01,13.36
Dargen,53.89,14.07
Dargun,53.90,12.85
Darlingerode,51.85,10.73
Darmstadt,49.82,8.64
Darmstadt,49.87,8.65
Darmstadt,49.87,8.66
Darscheid,50.22,6.88
Darstein,49.15,7.88
Dasburg,50.05,6.13
Dasing,48.38,11.05
Dassel,51.80,9.69
Dassendorf,53.50,10.36
Dassow,53.91,10.98
Datteln,51.66,7.35
Dattenberg,50.55,7.29
Datzeroth,50.52,7.42
Datzetal,53.64,13.47
Daubach,49.85,7.63
Daubach,50.40,7.85
Dauchingen,48.09,8.55
Daun,50.20,6.83
Dausenau,50.33,7.77
Dautmergen,48.24,8.74
Dautphetal,50.84,8.55
Dauwelshausen,50.00,6.18
Daxweiler,49.97,7.75
DeGeWo,52.51,13.37
DeTeCSM,49.46,11.09
DeTeCSM Niederlassung Ost IT-Center Berlin,52.57,13.30
Debeka BKK,50.37,7.56
Dechow,53.72,10.92
Deckenpfronn,48.65,8.82
Dedeleben,52.03,10.89
Dedelstorf,52.70,10.50
Dedenbach,50.48,7.18
Dederstedt,51.54,11.69
Deensen,51.86,9.59
Deersheim,51.98,10.78
Deesbach,50.57,11.15
Deesen,50.51,7.70
Deetz,52.05,12.17
Deetz,52.45,12.77
Deggendorf,48.84,12.96
Deggenhausertal,47.80,9.40
Deggingen,48.60,9.72
Dehlitz,51.23,12.02
Deichmann Victory Mailing,51.88,8.44
Deidesheim,49.41,8.18
Deilingen,48.17,8.79
Deimberg,49.63,7.52
Deining,49.23,11.54
Deiningen,48.87,10.57
Deinste,53.53,9.44
Deinstedt,53.42,9.23
Deisenhausen,48.26,10.33
Deisenhofen bei München,48.02,11.59
Deizisau,48.71,9.39
Deißlingen,48.11,8.61
Delbrück,51.78,8.48
Delingsdorf,53.70,10.25
Delitz am Berge,51.42,11.90
Delitzsch,51.53,12.34
Dellfeld,49.23,7.47
Delligsen,51.94,9.80
Dellstedt,54.23,9.37
Delmenhorst,53.03,8.64
Delmenhorst,53.05,8.63
Delmenhorst,53.05,8.66
Delve,54.30,9.25
Demen,53.63,11.77
Demerath,50.18,6.95
Demern,53.74,10.99
Demerthin,52.97,12.29
Demitz-Thumitz,51.14,14.25
Demker,52.51,11.85
Demmin,53.91,13.03
Demsin,52.43,12.27
Denkendorf,48.70,9.32
Denkendorf,48.93,11.46
Denkingen,48.11,8.74
Denklingen,47.92,10.85
Denkte,52.15,10.61
Dennheritz,50.81,12.47
Dennweiler-Frohnbach,49.58,7.38
Densborn,50.12,6.60
Densow,53.15,13.38
Dentlein am Forst,49.15,10.42
Denzlingen,48.07,7.88
Der Bevollmächtigte des Saarlandes beim Bund Außenstelle Berlin,52.51,13.38
"Der Fürstenhof, Fachklinik",51.11,9.11
Der Landrat des Lahn-Dill-Kreises,50.56,8.50
Der Magistrat der Kreisstadt Bad Hersfeld,50.87,9.71
Der Magistrat der Stadt Mörfelden-Walldorf,49.98,8.57
Der Magistrat der Stadt Rödermark,49.98,8.83
Der Ministerpräsident des Landes M V Staatskanzlei,53.63,11.42
Der Polizeipräsident in Berlin,52.48,13.39
Derenburg,51.86,10.95
Derental,51.69,9.43
Dermbach,50.71,10.12
Dernau,50.53,7.05
Dernbach,49.25,8.01
Dernbach,50.55,7.60
Dernbach (Westerwald),50.47,7.78
Dersau,54.12,10.33
Derschen,50.72,7.98
Dersekow,54.05,13.29
Dersenow,53.38,10.89
Dersum,52.96,7.27
Derwitz,52.40,12.82
Desloch,49.72,7.63
Dessau,51.82,12.26
Dessau,51.84,12.25
Dessau-Roßlau,51.83,12.25
Dessighofen,50.26,7.77
Detern,53.21,7.67
Detershagen,52.25,11.81
Detmold,51.94,8.88
Detmold,51.95,8.87
Dettelbach,49.80,10.17
Dettenhausen,48.61,9.10
Dettenheim,49.17,8.42
Dettighofen,47.62,8.49
Dettingen an der Erms,48.53,9.34
Dettingen an der Iller,48.10,10.12
Dettingen unter Teck,48.62,9.45
Dettmannsdorf,54.11,12.53
Dettum,52.17,10.67
Detzem,49.82,6.85
Deuben,51.11,12.07
Deudesfeld,50.10,6.73
Deuerling,49.04,11.91
Deuna,51.35,10.47
Deuselbach,49.75,7.05
Deutsch Evern,53.20,10.43
Deutsch-Japanische Gesellschaft,48.36,10.90
Deutschlandfunk Gemeinnützige Anstalt des öffentlichen Rechts,50.90,6.96
Deutschlandradio Kultur,52.48,13.34
Deutschneudorf,50.62,13.47
Deutzen,51.11,12.43
Dexheim,49.85,8.32
Deyelsdorf,54.04,12.82
Dhronecken,49.72,6.98
Diako Mannheim gGmbH,49.46,8.47
Diakoniewerk Elisabethhaus Bad Nauheim,50.36,8.74
"Diakoniewerk Ruhr, Ev. Krankenhaus",51.45,7.34
Diakonissen-Mutterhaus Hensoltshöhe,49.12,10.77
Dichtelbach,50.01,7.70
Dickel,52.64,8.47
Dickendorf,50.73,7.85
Dickenschied,49.90,7.42
Dickesbach,49.72,7.42
Didderse,52.38,10.40
Diebach,49.31,10.19
Dieblich,50.31,7.47
Dieburg,49.90,8.85
Diebzig,51.87,11.94
Diedenhofen-Gesundheitspflege,50.79,7.18
Diedorf,48.35,10.78
Diedorf,50.66,10.12
Diedrichshagen,54.05,13.48
Diefenbach,50.03,6.95
Diekhof,53.87,12.36
Diekholzen,52.10,9.92
Diekhusen-Fahrstedt,53.93,9.02
Dielheim,49.28,8.74
Dielkirchen,49.67,7.82
Dielmissen,51.97,9.61
Diemelsee,51.37,8.80
Diemelstadt,51.49,9.01
Diemitz,53.20,12.84
Dienethal,50.30,7.78
Dienheim,49.84,8.35
Diensdorf-Radlow,52.23,14.05
Dienstleistungszentrum der Cemex,52.49,13.82
Dienstweiler,49.63,7.18
Diepenau,52.42,8.72
Diepensee,52.37,13.52
Diepholz,52.61,8.37
Diera-Zehren,51.20,13.43
Dierbach,49.08,8.07
Dierdorf,50.55,7.65
Dierfeld,50.08,6.88
Dierhagen,54.30,12.37
Dierscheid,49.90,6.75
Diesbar-Seußlitz,51.27,13.42
Dieskau,51.44,12.04
Diespeck,49.60,10.63
Diestelow,53.55,12.07
Dietenheim,48.21,10.07
Dietenhofen,49.40,10.69
Dieterode,51.30,10.10
Dietersburg,48.49,12.93
Dietersdorf,51.53,11.05
Dietersheim,49.56,10.54
Dieterskirchen,49.42,12.42
Dietfurt an der Altmühl,49.04,11.58
Diethardt,50.17,7.87
Dietingen,48.20,8.65
Dietmannsried,47.81,10.29
Dietramszell,47.85,11.60
Dietrichingen,49.18,7.42
Dietrichsdorf,51.86,12.78
Dietzenbach,50.01,8.78
Dietzenrode-Vatterode,51.31,10.03
Dietzhölztal,50.83,8.32
Diez,50.37,8.01
Dießen am Ammersee,47.95,11.10
Dill,49.92,7.35
Dillenburg,50.74,8.29
Dillendorf,49.92,7.38
Dillingen,49.36,6.73
Dillingen an der Donau,48.58,10.50
Dillstädt,50.58,10.53
Dimbach,49.17,7.90
Dinea Restaurant,48.14,11.57
Dingdorf,50.15,6.43
Dingelstedt,51.98,10.98
Dingelstädt,51.32,10.32
Dingen,53.97,9.12
Dingolfing,48.64,12.49
Dingolshausen,49.91,10.39
Dingsleben,50.43,10.60
Dinkelsbühl,49.07,10.32
Dinkelscherben,48.35,10.59
Dinklage,52.66,8.12
Dinslaken,51.56,6.74
Dinslaken,51.57,6.76
Dintesheim,49.71,8.14
Diplom. Volkswirt Manfred Kilian e.K.,51.29,9.45
Dippach,50.92,10.04
Dipperz,50.54,9.80
Dippoldiswalde,50.90,13.67
Direct Friends,52.25,10.52
Diringer & Scheidel,49.45,8.49
Dirlewang,48.00,10.50
Dirmstein,49.56,8.24
Dischingen,48.70,10.37
Dissen am Teutoburger Wald,52.12,8.20
Dissen-Striesow,51.83,14.28
Ditfurt,51.83,11.20
Ditscheid,50.30,7.07
Dittelbrunn,50.07,10.22
Dittelsheim-Heßloch,49.74,8.24
Dittenheim,49.06,10.79
Dittersdorf,50.65,11.82
Dittweiler,49.43,7.34
Ditzingen,48.83,9.07
Divitz-Spoldershagen,54.33,12.68
Diözese Augsburg K.d.ö.R,48.37,10.90
Diözese Regensburg KdöR Bischöfl. Ordinariat Öff. Untern./Behörd,49.02,12.10
Diözese Würzburg KdöR Poststelle,49.79,9.93
Dobberkau,52.70,11.61
Dobbertin,53.62,12.07
Dobbin-Linstow,53.62,12.35
Dobbin-Linstow Dobbin,53.62,12.33
Dobel,48.80,8.50
Doberburg,52.01,14.24
Doberlug-Kirchhain,51.63,13.56
Doberschau-Gaußig,51.14,14.36
Doberschütz,51.50,12.75
Dobersdorf,54.32,10.28
Dobitschen,50.95,12.28
Dobritz,52.03,12.23
Dockendorf,49.92,6.47
Dockweiler,50.25,6.78
Dodenburg,49.92,6.78
Dodow,53.50,11.00
Dogern,47.61,8.17
Dohm-Lammersdorf,50.27,6.67
Dohma,50.92,13.93
Dohna,50.96,13.86
Dohndorf,51.73,11.87
Dohr,50.13,7.12
Dohren,52.65,7.58
Dohren,53.30,9.70
Dolgen,53.95,12.26
Dolgenbrodt,52.24,13.77
Dolgesheim,49.79,8.26
Dollart,53.25,7.27
Dolle,52.41,11.62
Dollenchen,51.61,13.86
Dollern,53.53,9.55
Dollerup,54.78,9.68
Dollgen,52.02,14.04
Dollnstein,48.87,11.07
Dollrottfeld,54.63,9.82
Dolorgiet-Arzneimittel,50.79,7.18
Dombühl,49.25,10.29
Domersleben,52.09,11.44
Dommershausen,50.15,7.40
Dommitzsch,51.64,12.88
Domnitz,51.63,11.84
Domsühl,53.49,11.77
Donaueschingen,47.96,8.50
Donaustauf,49.03,12.20
Donauwörth,48.72,10.78
Donndorf,51.29,11.37
Donnersdorf,49.97,10.42
Donsieders,49.27,7.64
Donzdorf,48.69,9.81
Dorf Mecklenburg,53.85,11.47
Dorfchemnitz bei Sayda,50.77,13.45
Dorfen,48.27,12.16
Dorfhain,50.93,13.57
Dorfprozelten,49.78,9.38
Dormagen,51.10,6.84
Dormettingen,48.24,8.77
Dormitz,49.60,11.12
Dorn-Dürkheim,49.77,8.27
Dorna,51.78,12.71
Dornbock,51.84,11.88
Dornburg,50.52,8.02
Dornburg,51.01,11.66
Dornburg,52.03,11.88
Dorndorf,50.83,10.09
Dorndorf-Steudnitz,51.01,11.68
Dornhan,48.35,8.51
Dornheim,50.84,10.99
Dornholzhausen,50.27,7.79
Dornstadt,48.47,9.94
Dornstadt Scharenstetten,48.52,9.85
Dornstedt,51.41,11.75
Dornstetten,48.47,8.50
Dornum,53.65,7.43
Dornum Dornum,53.65,7.43
Dornum Dornumergrode,53.67,7.44
Dornum Dornumersiel,53.68,7.47
Dornum Nesse,53.65,7.38
Dornum Neßmersiel,53.67,7.36
Dornum Roggenstede,53.63,7.49
Dornum Schwittersum,53.64,7.44
Dornum Westdorf,53.64,7.32
Dornum Westeraccum,53.65,7.45
Dornum Westeraccumersiel,53.67,7.47
Dornum Westerbur,53.66,7.49
Dorsel,50.38,6.80
Dorsheim,49.92,7.87
Dorst,52.38,11.39
Dorstadt,52.10,10.57
Dorsten,51.66,6.97
Dortmund,51.44,7.45
Dortmund,51.50,7.34
Dortmund,51.51,7.48
Dortmund,51.52,7.44
Dortmund,51.53,7.60
Dortmund,51.55,7.54
Dortmund,51.57,7.39
Dorum,53.68,8.57
Dossenheim,49.45,8.67
Dotternhausen,48.23,8.79
Dow Deutschland Inc. Werk Stade,53.64,9.49
Dr. Krause/Herbst,53.68,10.00
Dr. Mann Pharma,52.53,13.18
Dr. R. Pfleger,49.91,10.88
Dr. Walter Schuhmann,49.47,10.99
"Dr. Willmar Schwabe, Arzneimittelfabrik",49.00,8.46
Dr. Wolf u. Daniels u. Klein Rechtsanwälte,51.67,8.35
Drachhausen,51.89,14.32
Drachselsried,49.11,13.01
Drackenstedt,52.16,11.35
Drackenstein,48.55,9.68
Drage,53.42,10.27
Drage,54.00,9.52
Drage,54.36,9.16
Dragensdorf,50.65,11.83
Dragun,53.71,11.23
Drahnsdorf,51.92,13.58
Drakenburg,52.69,9.21
Drangstedt,53.61,8.76
Dransfeld,51.50,9.76
Dranske,54.63,13.23
Draschwitz,51.10,12.18
Dreba,50.67,11.75
Drebach,50.68,13.02
Drebber,52.65,8.43
Drebkau,51.65,14.22
Drebsdorf,51.48,11.18
Drechow,54.14,12.80
Drees,50.35,7.00
Dreetz,52.80,12.46
Dreetz,53.79,11.97
Dreggers,53.88,10.35
Drehnow,51.87,14.37
Drei-S-Werk,49.32,11.02
Dreieich,50.02,8.70
Dreifaltigkeits-Krankenhaus,50.82,6.99
Dreifelden,50.59,7.84
Dreiheide,51.56,12.89
Dreikirchen,50.43,7.95
Dreileben,52.13,11.33
Dreilützow,53.53,11.11
Dreis,49.94,6.82
Dreis-Brück,50.27,6.79
Dreisbach,50.62,7.93
Dreisen,49.60,8.01
Dreitzsch,50.73,11.80
Drelsdorf,54.65,9.05
Drensteinfurt,51.80,7.74
Drentwede,52.74,8.56
Dreschvitz,54.40,13.29
Dresden,51.04,13.74
Dresden,51.05,13.62
Dresden,51.05,13.73
Dresden,51.05,13.75
Dresden,51.08,13.81
Dresden,51.16,13.78
Dresden Altfranken,51.04,13.63
Dresden Blasewitz,51.05,13.81
Dresden Friedrichstadt,51.06,13.72
Dresden Gompitz,51.05,13.62
"Dresden Gompitz, Gompitz",51.05,13.66
"Dresden Gompitz, Ockerwitz",51.06,13.64
"Dresden Gompitz, Pennrich",51.05,13.62
"Dresden Gompitz, Roitzsch",51.06,13.61
"Dresden Gompitz, Steinbach",51.05,13.60
"Dresden Gompitz, Unkersdorf",51.06,13.59
"Dresden Gompitz, Zöllmen",51.04,13.61
Dresden Innere Altstadt,51.05,13.74
Dresden Langebrück,51.13,13.85
Dresden Striesen,51.04,13.80
Dresden Tolkewitz,51.03,13.81
Dreska,51.49,13.54
Drestedt,53.33,9.76
Drewelow,53.77,13.58
Drewitz,51.90,14.51
Drewitz,52.22,12.16
Driedorf,50.63,8.18
Drieschnitz-Kahsel,51.67,14.47
Driftsethe,53.38,8.62
Dritte Welt-Shop,50.70,7.28
Drochtersen,53.71,9.38
Drogen,50.92,12.32
Drognitz,50.59,11.57
Drohndorf,51.72,11.53
Drolshagen,51.02,7.77
Drosa,51.82,11.91
Droyßig,51.04,12.03
Droßdorf,51.01,12.12
Druxberge,52.16,11.31
Dröbischau,50.63,11.07
Drönnewitz,53.59,11.04
Drübeck,51.86,10.72
Dt. Kinderschutzbund,52.01,8.52
Duben,51.90,13.81
Ducherow,53.76,13.78
Duchroth,49.78,7.73
Duckow,53.70,12.79
Dudeldorf,49.97,6.64
Dudenhofen,49.32,8.39
Duderstadt,51.51,10.26
Duggendorf,49.12,11.92
Duingen,52.00,9.70
Duisburg,51.43,6.77
Duisburg,51.44,6.74
Duisburg,51.46,6.73
Duisburg,51.47,6.77
Dummerstorf,54.01,12.23
Dunningen,48.21,8.51
Dunsum,54.73,8.38
Dunum,53.60,7.65
Dunzweiler,49.42,7.31
Duppach,50.27,6.57
Durach,47.69,10.34
Durbach,48.49,8.02
Durchhausen,48.04,8.67
Durlangen,48.86,9.80
Durmersheim,48.93,8.27
Durrhausen,48.03,12.31
Duvensee,53.70,10.57
Dußlingen,48.45,9.06
Dägeling,53.88,9.53
Dähre,52.80,10.91
Dänischenhagen,54.43,10.13
Dätgen,54.18,9.93
Döbeln,51.12,13.11
Döberitz,52.52,12.37
Döbern,51.62,14.60
Döbernitz,51.51,12.35
Döblitz,51.56,11.83
Döbris,51.12,12.13
Döbritschen,50.92,11.48
Döbritz,50.70,11.65
Döhlau,50.28,11.95
Döhren,52.34,11.02
Dölbau,51.47,12.06
Döllen,52.99,12.19
Döllingen,51.48,13.59
Döllstädt,51.08,10.82
Dömitz,53.14,11.25
Dönitz,52.61,11.05
Dörentrup,52.04,9.00
Dörfles-Esbach,50.28,11.00
Dörnbach,49.61,7.79
Dörnberg,50.33,7.88
Dörnick,54.17,10.37
Dörnitz,52.21,12.20
Dörpen,52.96,7.32
Dörphof,54.62,9.97
Dörpling,54.26,9.30
Dörpstedt,54.43,9.37
Dörrebach,49.95,7.72
Dörrenbach,49.09,7.96
Dörrmoschel,49.62,7.75
Dörscheid,50.10,7.75
Dörsdorf,50.25,8.01
Dörth,50.15,7.58
Dörverden,52.85,9.23
Dörzbach,49.38,9.71
Döschnitz,50.62,11.23
Döschwitz,51.06,12.06
Dötlingen,52.93,8.38
Döttesfeld,50.62,7.55
Dößel,51.62,11.79
Düben,51.93,12.38
Dübrichen,51.67,13.47
Düchelsdorf,53.73,10.57
Düdenbüttel,53.59,9.35
Dülmen,51.83,7.28
Dümmer,53.58,11.21
Dümpelfeld,50.43,6.95
Dünfus,50.22,7.23
Düngenheim,50.26,7.17
Dünsen,52.93,8.64
Dünwald,51.32,10.44
Dürbheim,48.06,8.79
Düren,50.80,6.48
Dürmentingen,48.12,9.53
Dürnau,48.06,9.56
Dürnau,48.64,9.64
Dürrenhofe,52.03,13.95
Dürrhennersdorf,51.05,14.60
Dürrholz,50.59,7.57
Dürrlauingen,48.47,10.43
Dürrröhrsdorf-Dittersbach,51.03,14.00
Dürrwangen,49.11,10.38
Düsedau,52.76,11.79
Düsseldorf,51.17,6.88
Düsseldorf,51.22,6.79
Düsseldorf,51.24,6.74
Düsseldorf,51.26,6.78
Düsseldorf,51.26,6.89
Düsseldorf,51.27,6.75
Düvier,54.02,13.07
E.ON Bayern,49.02,12.08
EDEKA Handelsgesellschaft,48.25,8.85
EDS Electronic Data Systems,49.98,8.43
EDW-Entschädigungseinrichtung der Wertpapierhandelsunternehmen,52.52,13.39
EK Großeinkauf eG,52.01,8.59
EMP Merchandising Handelsgesellschaft,52.49,7.33
ESOC-ESA European Space Operations Centre,49.87,8.62
EUREGIO,52.22,6.98
EXPRESS,50.96,6.97
Ebeleben,51.28,10.73
Ebelsbach,49.99,10.67
Ebenheim,50.98,10.51
Ebensfeld,50.07,10.96
Ebenshausen,51.08,10.30
Ebenweiler,47.90,9.52
Eberbach,49.47,8.99
Eberdingen,48.88,8.96
Eberfing,47.79,11.20
Ebergötzen,51.57,10.11
Eberhard Warzecha Rechtsanwalt,51.96,8.23
Eberhardzell,48.00,9.82
Eberhardzell Füramoos,48.00,9.89
"Eberhardzell Füramoos, Altbellamont",48.00,9.91
Eberholzen,52.05,9.85
Ebermannsdorf,49.39,11.94
Ebermannstadt,49.78,11.18
Ebern,50.10,10.80
Ebernhahn,50.47,7.77
Ebersbach,51.10,13.11
Ebersbach,51.23,13.65
Ebersbach an der Fils,48.72,9.52
Ebersbach-Musbach,47.97,9.58
Ebersbach/Sachsen,51.02,14.58
Ebersberg,48.08,11.97
Ebersburg,50.46,9.79
Ebersdorf,50.33,11.15
Ebersdorf,53.53,9.05
Ebershausen,48.21,10.32
Ebersroda,51.25,11.77
Eberstadt,49.18,9.32
Eberstedt,51.07,11.58
Eberswalde,52.83,13.82
Ebertshausen,50.28,7.98
Ebertsheim,49.57,8.11
Ebhausen,48.58,8.68
Ebnath,49.95,11.93
Ebrach,49.85,10.50
Ebringen,47.96,7.78
Ebsdorfergrund,50.73,8.86
Ebstorf,53.03,10.42
Echem,53.33,10.53
Eching,48.30,11.62
Eching,48.50,12.07
Eching am Ammersee,48.08,11.12
Echternacherbrück,49.82,6.43
Echtershausen,50.02,6.42
Echzell,50.39,8.89
Eckartsberga,51.12,11.56
Eckelsheim,49.80,7.98
Eckenroth,49.92,7.78
Eckental,49.58,11.25
Eckernförde,54.47,9.84
Eckersdorf,49.93,11.50
Eckersweiler,49.57,7.28
Eckfeld,50.12,6.85
Ecklak,53.95,9.27
Ecklingerode,51.50,10.32
Eckstedt,51.07,11.15
Eddelak,53.95,9.15
Edderitz,51.70,11.94
Edeka,49.97,7.94
Edelsfeld,49.58,11.70
Edemissen,52.39,10.26
Edenkoben,49.28,8.13
Ederheim,48.81,10.47
Edermünde,51.21,9.42
Edersleben,51.42,11.28
Edertal,51.16,9.09
Edesheim,49.26,8.13
Edewecht,53.12,8.11
Ediger-Eller,50.12,7.15
Edingen-Neckarhausen,49.46,8.61
Edlau,51.67,11.82
Edling,48.06,12.16
Effelder,51.24,10.25
Effeltrich,49.66,11.09
Efringen-Kirchen,47.65,7.57
Egeln,51.94,11.43
Egelsbach,49.97,8.66
Egenhausen,48.57,8.62
Egenhofen,48.28,11.17
Egesheim,48.12,8.86
Egestorf,53.19,10.06
Egg an der Günz,48.09,10.28
Eggebek,54.62,9.37
Eggenfelden,48.41,12.76
Eggenstedt,52.10,11.24
Eggenstein-Leopoldshafen,49.09,8.40
Eggenthal,47.92,10.52
Eggermühlen,52.57,7.82
Eggersdorf,51.98,11.71
Eggesin,53.68,14.08
Eggingen,47.70,8.40
Egglham,48.53,13.05
Egglkofen,48.40,12.45
Eggolsheim,49.77,11.06
Eggstedt,54.05,9.27
Eggstätt,47.93,12.38
Eging am See,48.71,13.27
Eglfing,47.73,11.18
Egling,47.92,11.51
Egling an der Paar,48.18,10.98
Egloffstein,49.70,11.26
Egmating,48.00,11.80
Egweil,48.78,11.23
Ehekirchen,48.63,11.10
Ehingen,48.60,10.80
Ehingen,49.09,10.54
Ehingen am Ries,48.96,10.55
Ehingen an der Donau,48.29,9.69
Ehlenz,50.04,6.47
Ehlscheid,50.51,7.47
Ehndorf,54.05,9.90
Ehningen,48.66,8.94
Ehr,50.24,7.78
Ehra-Lessien,52.57,10.80
Ehrenberg,50.48,10.65
Ehrenberg,50.50,10.00
Ehrenburg,52.75,8.70
Ehrenfriedersdorf,50.65,12.97
Ehrenkirchen,47.92,7.75
Ehringshausen,50.60,8.38
Ehweiler,49.52,7.37
Eibau,50.98,14.66
Eibelstadt,49.72,10.00
Eibenstock,50.49,12.60
Eich,49.75,8.40
Eiche,52.56,13.59
Eichelhardt,50.72,7.70
Eichen,50.63,7.53
Eichenau,48.17,11.32
Eichenbach,50.43,6.82
Eichenbarleben,52.17,11.40
Eichenberg,50.55,10.67
Eichenberg,50.80,11.53
Eichenbühl,49.71,9.33
Eichendorf,48.63,12.86
Eichenzell,50.50,9.70
Eichholz-Drößig,51.61,13.66
Eichhorst,53.59,13.50
Eichigt,50.35,12.17
Eichstedt (Altmark),52.68,11.85
Eichstegen,47.93,9.50
Eichstetten am Kaiserstuhl,48.08,7.73
Eichstruth,51.30,10.08
Eichstätt,48.89,11.20
Eichwalde,52.37,13.62
Eickeloh,52.73,9.61
Eickendorf,51.95,11.68
Eickendorf,52.37,11.14
Eickhoff Maschinenfabrik,51.47,7.22
Eicklingen,52.55,10.18
Eigeltingen,47.86,8.90
Eigenbetrieb Stadtentwässerung (ESE),48.00,7.83
Eilenburg,51.46,12.63
Eilenstedt,51.98,11.04
Eilscheid,50.13,6.38
Eilsdorf,52.00,10.99
Eilsleben,52.15,11.21
Eime,52.07,9.72
Eimeldingen,47.63,7.60
Eimen,51.88,9.78
Eimersleben,52.22,11.20
Eimke,52.97,10.31
Eimsheim,49.80,8.29
Einbeck,51.82,9.87
Eineborn,50.83,11.87
Einhaus,53.72,10.73
Einhausen,49.68,8.55
Einhausen,50.53,10.46
Einig,50.28,7.28
Einselthum,49.65,8.12
Einsiedel bei Chemnitz,50.77,12.97
Einöllen,49.62,7.63
Eisdorf,51.77,10.17
Eiselfing,48.04,12.24
Eisenach,49.85,6.52
Eisenach,50.98,10.32
Eisenbach (Hochschwarzwald),47.97,8.27
Eisenberg,47.61,10.61
Eisenberg,49.56,8.03
Eisenberg,50.97,11.90
Eisendorf,54.20,9.87
Eisenheim,49.88,10.17
Eisenhüttenstadt,52.16,14.55
Eisenhüttenstadt Diehlo,52.13,14.60
Eisenhüttenstadt Fürstenberg,52.15,14.67
Eisenhüttenstadt Schönfließ,52.15,14.62
Eisenschmitt,50.04,6.72
Eisfeld,50.43,10.91
Eisighofen,50.23,8.02
Eisingen,48.95,8.67
Eisingen,49.76,9.83
Eislingen/Fils,48.69,9.70
Eitelborn,50.38,7.72
Eitensheim,48.82,11.32
Eiterfeld,50.77,9.80
Eitorf,50.77,7.45
Eitting,48.36,11.89
Eixen,54.16,12.72
Ekenis,54.63,9.85
Elbe,52.08,10.28
Elbe-Parey,52.38,12.02
Elben,50.75,7.83
Elbenschwand,47.75,7.83
Elbingen,50.53,7.91
Elbingerode,51.66,10.28
Elbingerode,51.77,10.81
Elbtal,50.50,8.05
Elchesheim-Illingen,48.93,8.22
Elchingen,48.45,10.10
Elchweiler,49.67,7.20
Eldena,53.23,11.42
Eldenburg,53.11,11.44
Eldetal,53.27,12.46
Eldingen,52.68,10.33
Elend,51.74,10.69
Elfershausen,50.15,9.96
Elgersburg,50.71,10.85
Elisabeth Eisele,53.67,9.98
Elisabeth-Krankenhaus gGmbH,51.31,9.49
Elisabeth-Sophien-Koog,54.52,8.88
Elkenroth,50.73,7.88
Elleben,50.87,11.08
Ellefeld,50.48,12.39
Ellenberg,49.02,10.22
Ellenberg,49.65,7.15
Ellenberg,52.80,10.97
Ellenhausen,50.52,7.73
Ellenz-Poltersdorf,50.10,7.23
Ellerau,53.75,9.92
Ellerbek,53.66,9.87
Ellerdorf,54.19,9.84
Ellerhoop,53.73,9.77
Ellern,49.98,7.64
Ellersleben,51.15,11.32
Ellerstadt,49.46,8.26
Ellgau,48.60,10.87
Ellhofen,49.15,9.32
Ellhöft,54.88,8.95
Ellingen,49.06,10.97
Ellingshausen,50.55,10.47
Ellingstedt,54.47,9.41
Ellrich,51.59,10.66
Ellscheid,50.15,6.92
Ellwangen (Jagst),48.96,10.15
Ellweiler,49.62,7.15
Ellzee,48.34,10.32
Elmenhorst,53.55,10.54
Elmenhorst,53.77,10.27
Elmenhorst,53.99,11.12
Elmenhorst,54.21,13.08
Elmenhorst-Lichtenhagen,54.16,12.02
Elmlohe,53.59,8.74
Elmshorn,53.75,9.66
Elmshorn,53.76,9.64
Elmstein,49.37,7.93
Elpersbüttel,54.07,9.05
Elsdorf,50.94,6.57
Elsdorf,53.24,9.35
Elsdorf-Westermühlen,54.27,9.52
Elsendorf,48.71,11.81
Elsenfeld,49.84,9.16
Elsfleth,53.24,8.46
Elskop,53.82,9.48
Elsnig,51.61,12.93
Elsnigk,51.79,12.06
Elstal,52.54,12.99
Elster/Elbe,51.83,12.83
Elsterberg,50.61,12.17
Elsterheide,51.50,14.17
Elstertrebnitz,51.15,12.23
Elsterwerda,51.46,13.52
Elstra,51.22,14.13
Elterlein,50.58,12.87
Eltmann,49.97,10.67
Eltville am Rhein,50.03,8.12
Elxleben,50.87,11.05
Elxleben,51.05,10.95
Elz,50.42,8.03
Elzach,48.17,8.07
Elze,52.12,9.74
Elztal,49.39,9.21
Elzweiler,49.58,7.52
Embsen,53.18,10.35
Embühren,54.17,9.58
Emden,52.24,11.28
Emden,53.37,7.20
Emeringen,48.23,9.52
Emerkingen,48.21,9.66
Emersacker,48.49,10.67
Emkendorf,54.27,9.85
Emleben,50.89,10.70
Emlichheim,52.62,6.85
Emmelbaum,50.05,6.27
Emmelsbüll-Horsbüll,54.82,8.70
Emmelshausen,50.15,7.55
Emmendingen,48.12,7.85
Emmendorf,53.02,10.56
Emmerich,51.84,6.25
Emmering,48.00,12.06
Emmering,48.18,11.28
Emmerthal,52.04,9.40
Emmerting,48.20,12.77
Emmerzhausen,50.70,8.03
Emmingen-Liptingen,47.93,8.88
Empfertshausen,50.67,10.10
Empfingen,48.39,8.71
Emsbüren,52.40,7.30
Emsdetten,52.17,7.53
Emseloh,51.50,11.39
Emsetal,50.89,10.46
Emskirchen,49.55,10.71
Emstek,52.83,8.15
Emtinghausen,52.93,8.97
Emtmannsberg,49.89,11.64
Endingen am Kaiserstuhl,48.13,7.70
Endlichhofen,50.20,7.82
Endorf,51.71,11.38
Endschütz,50.79,12.14
Energie-BKK,52.42,9.83
Engden,52.40,7.18
Enge-Sande,54.73,8.97
Engelbrechtsche Wildnis,53.78,9.48
Engeln,52.79,8.92
Engelsberg,48.12,12.54
Engelsbrand,48.83,8.65
Engelschoff,53.67,9.33
Engelskirchen,50.99,7.41
Engelstadt,49.90,8.07
Engelthal,49.47,11.40
Engen,47.86,8.77
Enger,52.14,8.56
Engersen,52.62,11.34
Engstingen,48.39,9.30
Engstingen Großengstingen,48.39,9.29
Engstingen Kleinengstingen,48.38,9.28
Engstingen Kohlstetten,48.41,9.33
Eningen unter Achalm,48.49,9.26
Enkenbach-Alsenborn,49.48,7.90
Enkirch,49.98,7.13
Ennepetal,51.30,7.36
Ennigerloh,51.84,8.03
Ensch,49.83,6.83
Ensdorf,49.30,6.78
Ensdorf,49.34,11.94
Ense,51.51,7.95
Ensheim,49.81,8.12
Enspel,50.62,7.88
Entsorgungs- und Wirtschaftsbetrieb Frankenthal EWF,49.54,8.37
Enzen,49.92,6.37
Enzklösterle,48.67,8.47
Epenwöhrden,54.11,9.05
Epfenbach,49.34,8.91
Epfendorf,48.25,8.60
Eppelborn,49.40,6.97
Eppelheim,49.40,8.64
Eppelsheim,49.71,8.17
Eppenberg,50.25,7.07
Eppenbrunn,49.12,7.57
Eppendorf,50.80,13.23
Eppenrod,50.40,7.93
Eppenschlag,48.89,13.30
Eppertshausen,49.95,8.85
Eppingen,49.14,8.91
Eppishausen,48.17,10.52
Eppstein,50.14,8.39
Erbach,48.33,9.89
Erbach,49.66,8.99
Erbach,50.03,7.68
Erbendorf,49.84,12.05
Erbenhausen,50.57,10.15
Erbes-Büdesheim,49.75,8.03
Erdeborn,51.48,11.63
Erden,49.98,7.02
Erdesbach,49.57,7.44
Erding,48.31,11.91
Erdmannhausen,48.94,9.30
Erdweg,48.33,11.30
Eresing,48.09,11.02
Erfde,54.30,9.32
Erftkreis Der Landrat,50.95,6.63
Erftstadt,50.81,6.79
Erfurt,50.97,11.03
Erfurt,50.99,11.05
Erfweiler,49.16,7.81
Ergersheim,49.52,10.33
Ergeshausen,50.27,7.94
Ergolding,48.58,12.17
Ergoldsbach,48.69,12.20
Erharting,48.28,12.58
Ering,48.30,13.15
Eriskirch,47.62,9.54
Erkelenz,51.08,6.32
Erkenbrechtsweiler,48.56,9.43
Erkerode,52.20,10.71
Erkheim,48.04,10.34
Erkner,52.42,13.75
Erkrath,51.22,6.91
Erlabrunn,49.86,9.84
Erlabrunn,50.47,12.71
Erlangen,49.55,11.00
Erlangen,49.59,11.01
Erlanger Tagblatt,49.60,11.00
Erlau,51.01,12.95
Erlbach,48.30,12.78
Erlbach,50.32,12.37
Erlbach-Kirchberg,50.77,12.77
Erlenbach,49.11,7.86
Erlenbach,49.11,8.19
Erlenbach,49.17,9.27
Erlenbach am Main,49.80,9.16
Erlenbach bei Marktheidenfeld,49.82,9.63
Erlenmoos,48.07,9.98
Erlensee,50.16,8.98
Erlhof bei Rathsmannsdorf,48.68,13.23
Erligheim,49.02,9.10
Ermershausen,50.21,10.63
Ermsleben,51.73,11.35
Erndtebrück,50.99,8.25
Ernsgaden,48.73,11.58
Ernst,50.15,7.23
Ernstroda,50.86,10.62
Ernzen,49.84,6.42
Erolzheim,48.09,10.07
Erpel,50.58,7.23
Erpolzheim,49.49,8.22
Ersfeld,50.70,7.52
Ertingen,48.10,9.47
Erwin Müller,48.61,10.73
Erwitte,51.60,8.29
Erxleben,52.22,11.24
Erxleben,52.75,11.77
Erzbischöfliches Ordinariat,47.99,7.85
Erzbischöfliches Ordinariat München,48.14,11.57
Erzbistum Köln Generalvikariat,50.94,6.96
Erzenhausen,49.50,7.62
Erzhausen,49.96,8.65
Esch,49.90,6.85
Esch,50.37,6.62
Eschach,48.89,9.87
Eschau,49.82,9.26
Eschbach,47.89,7.66
Eschbach,49.17,8.02
Eschbach,50.21,7.73
Eschborn,50.14,8.57
Eschbronn,48.25,8.47
Esche,52.53,6.97
Escheburg,53.47,10.32
Eschede,52.73,10.24
Eschelbronn,49.32,8.87
Eschenbach,48.65,9.67
Eschenbach in der Oberpfalz,49.76,11.83
Eschenbergen,51.03,10.76
Eschenburg,50.81,8.36
Eschenlohe,47.60,11.18
Eschenrode,52.28,11.12
Eschershausen,51.93,9.64
Eschfeld,50.12,6.20
Eschlkam,49.30,12.92
Eschwege,51.18,10.05
Eschweiler,50.82,6.27
Esens,53.65,7.61
Esgrus,54.72,9.78
Eslarn,49.58,12.52
Eslohe,51.27,8.24
Espelkamp,52.38,8.62
Espenau,51.40,9.47
Espenhain,51.19,12.48
Esperstedt,51.35,11.18
Esperstedt,51.42,11.68
Essanelle,48.14,11.57
Essel,52.69,9.64
Esselbach,49.86,9.53
Esselborn,49.72,8.12
Essen,51.39,7.08
Essen,51.45,7.01
Essen,51.45,7.01
Essen,51.46,7.08
Essen,51.49,6.94
Essen (Oldenburg),52.70,7.92
Essenbach,48.61,12.22
Essenheim,49.93,8.16
Essing,48.93,11.79
Essingen,48.81,10.03
Essingen,49.24,8.17
Esslingen am Neckar,48.74,9.31
Esslingen am Neckar,48.77,9.31
Estedt,52.58,11.36
Estenfeld,49.83,10.01
Esterwegen,52.99,7.63
Esthal,49.38,7.98
Estorf,52.59,9.14
Estorf,53.58,9.20
Estorf Estorf,52.59,9.14
Estorf Leeseringen,52.60,9.15
Etgersleben,51.98,11.41
Etgert,49.78,7.02
Etingen,52.39,11.17
Etschberg,49.52,7.43
Ettal,47.57,11.10
Etteldorf,50.03,6.57
Ettenhausen an der Suhl,50.88,10.23
Ettenheim,48.26,7.81
Ettenstatt,49.08,11.06
Ettersburg,51.03,11.28
Ettinghausen,50.52,7.87
Ettlingen,48.94,8.41
Ettringen,48.10,10.65
Ettringen,50.35,7.22
Etzbach,50.78,7.69
Etzelsrode,51.50,10.62
Etzelwang,49.53,11.59
Etzenricht,49.63,12.10
Etzin,52.52,12.85
Etzleben,51.27,11.17
Euerbach,50.06,10.14
Euerdorf,50.15,10.02
Eulatal,51.10,12.63
Eulenberg,50.61,7.48
Eulenbis,49.50,7.63
Eulgem,50.23,7.17
Eulowitz,51.11,14.46
Eurasburg,47.85,11.41
Eurasburg,48.33,11.08
Eurohypo Aktiengesellschaft,50.14,8.58
Europäisches Laboratorium für Molekularbiologie EMBL,49.38,8.71
Euscheid,50.13,6.30
Euskirchen,50.63,6.85
Euskirchen,50.66,6.79
Eutin,54.12,10.65
Eutingen im Gäu,48.48,8.75
Eutzsch,51.82,12.64
Eußenheim,49.99,9.81
Eußerthal,49.25,7.97
Ev. Kirchenkreis Essen,51.46,7.01
Ev. Krankenhaus Bethanien,51.34,7.68
Ev. Krankenhäuser im Siegerland gGmbH -Ev. Jung-Stilling Krankenhaus-,50.85,8.02
Evang.-Luth. Landeskirchenstelle,49.30,10.58
Evangelische Diakonissenanstalt Speyer,49.31,8.43
Evangelische Kirche der Pfalz Landeskirchenrat,49.32,8.44
Evangelischer Oberkirchenrat,49.01,8.40
Evangelisches Krankenhaus,51.57,7.32
Evangelisches Krankenhaus Lippstadt,51.69,8.34
Everingen,52.37,11.10
Everode,51.95,9.92
Eversmeer,53.56,7.43
Everswinkel,51.93,7.85
Evessen,52.19,10.71
Ewighausen,50.53,7.83
Exdorf,50.46,10.54
Extertal,52.07,9.12
Eydelstedt,52.69,8.55
Eyendorf,53.20,10.15
Eystrup,52.78,9.21
Eßbach,50.58,11.68
Eßleben-Teutleben,51.14,11.46
Eßlingen,49.92,6.53
Eßweiler,49.56,7.56
FH Weihenstephan,48.40,11.73
Fachbach,50.33,7.68
Fachbereich Flurordnung & Landentwicklung,48.00,7.83
Fachbereich Schulen & Gebäudemanagement,48.00,7.86
Fachbereich Veterinärwesen & Lebensmittelüberwachung,48.01,7.85
Fachbereich für Brand- und Katastrophenschutz,48.00,7.86
Fahlhorst,52.31,13.16
Fahrbinde,53.44,11.48
Fahrdorf,54.50,9.60
Fahren,54.35,10.33
Fahrenbach,49.43,9.15
Fahrenkrug,53.95,10.25
Fahrenwalde,53.44,14.06
Fahrenzhausen,48.35,11.56
Fahrland,52.47,13.01
Faid,50.14,7.12
Falkenau,50.86,13.12
Falkenberg,48.46,12.73
Falkenberg,49.86,12.23
Falkenberg,52.38,14.24
Falkenberg,52.81,13.96
Falkenberg,52.86,11.81
Falkenberg Dannenberg/Mark,52.77,13.96
Falkenberg Falkenberg/Mark,52.81,13.96
Falkenberg Kruge/Gersdorf,52.77,13.89
"Falkenberg Kruge/Gersdorf, Gersdorf",52.77,13.89
"Falkenberg Kruge/Gersdorf, Kruge",52.76,13.88
"Falkenberg Kruge/Gersdorf, Neugersdorf",52.78,13.90
Falkenberg/Elster,51.59,13.24
Falkenfels,49.00,12.59
Falkenhagen,52.43,14.32
Falkenhagen,53.21,12.20
Falkenhain,51.40,12.87
Falkenrehde,52.50,12.92
Falkensee,52.56,13.09
Falkenstein,49.10,12.49
Falkenstein,49.60,7.88
Falkenstein/Vogtland,50.48,12.37
Fallingbostel,52.85,9.69
Fambach,50.73,10.37
Farchant,47.53,11.11
Fargau-Pratjau,54.33,10.42
Farnstädt,51.43,11.57
Farschweiler,49.72,6.82
Farsleben,52.28,11.65
Farven,53.43,9.32
Faulbach,49.79,9.44
Faulenrost,53.64,12.79
Faßberg,52.90,10.17
Fedderingen,54.28,9.13
Fehl-Ritzhausen,50.65,8.00
Fehmarn,54.44,11.19
Fehrbellin,52.81,12.76
Fehrbellin Betzin,52.77,12.77
Fehrbellin Brunne,52.77,12.73
Fehrbellin Dechtow,52.75,12.82
Fehrbellin Deutschhof,52.70,12.82
Fehrbellin Hakenberg,52.78,12.83
Fehrbellin Karwesee,52.75,12.78
Fehrbellin Königshorst,52.72,12.80
Fehrbellin Langen,52.85,12.80
Fehrbellin Lentzke,52.80,12.70
Fehrbellin Linum,52.78,12.78
Fehrbellin Manker,52.85,12.67
Fehrbellin Protzen,52.85,12.73
Fehrbellin Tarmow,52.80,12.80
Fehrbellin Walchow,52.85,12.77
Fehrbellin Wall,52.82,12.97
Fehrbellin Wustrau-Altfriesack,52.85,12.87
Feichten an der Alz,48.08,12.60
Feilbingert,49.77,7.80
Feilitzsch,50.37,11.93
Feilsdorf,49.98,6.42
Feldafing,47.95,11.29
Feldatal,50.65,9.17
Feldberg,47.87,8.07
Feldberger Seenlandschaft,53.34,13.42
Felde,54.30,9.93
Feldhorst,53.85,10.43
Feldkirchen,48.15,11.73
Feldkirchen,48.84,12.53
Feldkirchen-Westerham,47.91,11.84
Feldpostleitstelle Mechernich,50.59,6.65
Felixsee,51.61,14.52
Fell,49.77,6.78
Fellbach,48.81,9.28
Fellen,50.15,9.58
Fellheim,48.07,10.15
Felm,54.42,10.05
Felsberg,51.14,9.42
Fensdorf,50.73,7.77
Fensterbach,49.40,12.05
Ferdinandshof,53.66,13.89
Ferna,51.45,10.30
Fernmeldeverkaufsbezirk,49.69,8.62
Fernwald,50.55,8.78
Ferschweiler,49.87,6.40
Feucht,49.38,11.21
Feuchtwangen,49.16,10.34
Feuerscheid,50.10,6.45
Feusdorf,50.35,6.62
Fichtelberg,50.00,11.85
Fichtenau,49.07,10.22
Fichtenberg,48.99,9.71
Fichtenhöhe,52.46,14.45
Fichtenhöhe Alt Mahlisch,52.46,14.42
Fichtenhöhe Carzig,52.46,14.49
Fichtenhöhe Niederjesar,52.44,14.43
Fiefbergen,54.38,10.35
Fienstedt,51.55,11.79
Fiersbach,50.70,7.50
Filderklinik,48.65,9.21
Filderstadt,48.66,9.22
Filsen,50.24,7.58
Filsum,53.24,7.63
Filz,50.17,6.98
Fincken,53.35,12.44
Finkenbach-Gersweiler,49.68,7.75
Finkenthal,53.94,12.78
Finnentrop,51.17,7.97
Finning,48.02,11.01
Finningen,48.65,10.50
Finowfurt,52.86,13.76
Finsing,48.22,11.82
Finsterbergen,50.83,10.59
Finsterwalde,51.63,13.71
Fintel,53.17,9.67
Firrel,53.33,7.67
Fisch,49.62,6.48
Fischach,48.29,10.66
Fischbach,49.45,7.92
Fischbach,49.73,7.40
Fischbach bei Dahn,49.09,7.72
Fischbach-Oberraden,50.00,6.33
Fischbach/Rhön,50.65,10.15
Fischbachau,47.72,11.95
Fischbachtal,49.76,8.79
Fischbeck (Elbe),52.53,12.02
Fischen im Allgäu,47.46,10.27
Fischerbach,48.29,8.11
Fischingen,47.65,7.60
Fischwasser,51.60,13.61
Fitzbek,54.00,9.77
Fitzen,53.49,10.65
Flachslanden,49.44,10.52
Flacht,50.35,8.05
Fladungen,50.52,10.15
Flamme,49.46,8.50
Flammersfeld,50.65,7.53
Flarchheim,51.13,10.48
Flechtingen,52.33,11.24
Fleckeby,54.48,9.70
Flecken Apenburg,52.72,11.20
Flecken Diesdorf,52.75,10.88
Fleetmark,52.79,11.39
Flein,49.10,9.21
Fleischwangen,47.88,9.48
Flemlingen,49.24,8.10
Flensburg,54.79,9.43
Flensburg,54.79,9.47
Fleringen,50.22,6.50
Flessau,52.76,11.67
Flieden,50.42,9.57
Flieth-Stegelitz,53.14,13.83
Fließem,50.02,6.54
Flintbek,54.25,10.07
Flintsbach,47.73,12.12
Floh-Seligenthal,50.76,10.49
Flomborn,49.69,8.15
Flonheim,49.78,8.04
Florstadt,50.33,8.92
Flossenbürg,49.73,12.35
Floß,49.72,12.28
Fluorn-Winzeln,48.29,8.49
Flurstedt,51.06,11.56
Fluterschen,50.67,7.63
Flußbach,50.02,6.93
Flögeln,53.66,8.80
Flöha,50.86,13.07
Flörsbachtal,50.12,9.44
Flörsheim,50.01,8.43
Flörsheim-Dalsheim,49.68,8.21
Flöthe,52.08,10.48
Fockbek,54.30,9.60
Fockendorf,51.05,12.47
Fohren-Linden,49.58,7.28
Forbach,48.68,8.35
Forchheim,48.17,7.70
Forchheim,49.72,11.06
Forchtenberg,49.29,9.56
Forheim,48.77,10.45
Forst,49.16,8.58
Forst,50.80,7.68
Forst (Eifel),50.22,7.25
Forst (Hunsrück),50.08,7.32
Forst (Lausitz),51.73,14.60
Forst an der Weinstraße,49.43,8.19
Forstdirektion Mittelfranken,49.30,10.57
Forstern,48.18,11.98
Forstinning,48.17,11.91
Forstmehren,50.70,7.53
Fotoredaktion Bild Ruhrgebiet,51.45,7.02
Framersheim,49.76,8.17
Frammersbach,50.06,9.47
Frank Haritz Staatliche Lotterie-Einnahme der SKL,48.13,11.61
Frankelbach,49.53,7.63
Frankena,51.66,13.59
Frankenau,51.09,8.93
Frankenberg (Eder),51.06,8.78
Frankenberg/Sachsen,50.93,13.06
Frankenblick,50.39,11.06
Frankendorf,50.97,11.45
Frankeneck,49.38,8.05
Frankenfeld,52.77,9.43
Frankenhain,50.76,10.79
Frankenhain,51.70,13.42
Frankenhardt,49.08,9.98
Frankenheim,50.54,10.07
Frankenroda,51.10,10.28
Frankenstein,49.44,7.98
Frankenstein,50.90,13.21
Frankenthal,51.13,14.11
Frankenthal (Pfalz),49.54,8.35
Frankenwinheim,49.89,10.31
Frankfurt (Oder),52.32,14.53
Frankfurt (Oder),52.35,14.55
Frankfurt (Oder),52.35,14.55
Frankfurt (Oder),52.36,14.52
Frankfurt am Main,50.04,8.57
Frankfurt am Main,50.10,8.54
Frankfurt am Main,50.10,8.63
Frankfurt am Main,50.12,8.67
Frankfurt am Main,50.13,8.76
Frankfurt am Main,50.15,8.75
Frankfurt am Main,50.16,8.67
Frankfurt am Main,50.18,8.63
Frankleben,51.31,11.93
Frankweiler,49.23,8.06
Franzburg,54.19,12.88
Franzenheim,49.68,6.68
Frasdorf,47.80,12.29
Frau Antjes Feinschmecker-Studio,51.88,8.44
Frauenau,48.99,13.30
Frauenberg,49.67,7.28
Frauendorf,51.41,13.77
Frauendorf,51.70,14.39
Frauenhagen,53.08,14.04
Frauenneuharting,48.03,12.06
Frauenprießnitz,51.02,11.73
Frauensee,50.88,10.14
Frauenstein,50.80,13.54
Frauenwald,50.58,10.86
Fraunberg,48.37,12.00
Fraunhofer Gesellschaft,48.74,9.10
Fraureuth,50.70,12.35
Fraßdorf,51.73,12.11
Frechen,50.91,6.81
Freckenfeld,49.06,8.11
Freckleben,51.70,11.55
Fredeburg,53.67,10.72
Freden (Leine),51.93,9.90
Fredenbeck,53.52,9.40
Fredersdorf-Vogelsdorf,52.50,13.73
Fredesdorf,53.88,10.20
Frei-Laubersheim,49.80,7.90
Freiberg,50.91,13.34
Freiberg am Neckar,48.93,9.20
Freiburg (Elbe),53.83,9.28
Freiburg im Breisgau,47.99,7.85
Freiburg im Breisgau,48.01,7.85
Freidorf,52.07,13.70
Freienbessingen,51.23,10.77
Freienhagen,51.42,10.05
Freienhagen,52.83,13.27
Freienorla,50.77,11.55
Freiensteinau,50.43,9.40
Freienwill,54.73,9.49
Freigericht,50.13,9.13
Freihung,49.62,11.91
Freilassing,47.84,12.98
Freileben,51.78,13.40
Freilingen,50.56,7.83
Freimersheim,49.27,8.22
Freimersheim,49.71,8.09
Freinsheim,49.51,8.21
Freirachdorf,50.58,7.72
Freisbach,49.27,8.27
Freisen,49.55,7.25
Freising,48.39,11.73
Freising,48.39,11.76
Freist,51.60,11.70
Freistaat Sachsen Vertretung beim Bund,52.51,13.40
Freistatt,52.62,8.65
Freital,51.00,13.65
Frellstedt,52.21,10.92
Frelsdorf,53.49,8.90
Fremdingen,48.97,10.46
Frensdorf,49.82,10.87
Freren,52.49,7.54
Fresdorf,52.27,13.08
Fresenburg,52.88,7.30
Fresendelf,54.39,9.25
Fresenius Netcare,50.22,8.62
Frestedt,54.03,9.18
Frettenheim,49.76,8.24
Fretterode,51.32,10.00
Freudenberg,49.48,11.98
Freudenberg,49.75,9.33
Freudenberg,50.90,7.87
Freudenburg,49.54,6.53
Freudenstadt,48.47,8.41
Freudental,49.01,9.06
Frey & Kissel - Wilh. Schacherer,49.19,8.13
Freyburg,51.21,11.77
Freystadt,49.20,11.33
Freyung,48.81,13.55
Frickenhausen,48.59,9.36
Frickenhausen am Main,49.67,10.08
Frickingen,47.81,9.27
Fridingen an der Donau,48.02,8.92
Fridolfing,48.00,12.83
Friedberg,48.36,10.98
Friedberg,50.34,8.76
Friedeburg,51.62,11.74
Friedeburg,53.45,7.83
Friedeburg Bentstreek,53.39,7.83
Friedeburg Etzel,53.47,7.90
Friedeburg Friedeburg,53.45,7.83
Friedeburg Hesel,53.47,7.84
Friedeburg Horsten,53.45,7.94
Friedeburg Marx,53.43,7.86
Friedeburg Reepsholt,53.49,7.87
"Friedeburg Reepsholt, Abickhafe",53.49,7.88
"Friedeburg Reepsholt, Dose",53.50,7.89
"Friedeburg Reepsholt, Hoheesche",53.48,7.87
"Friedeburg Reepsholt, Reepsholt",53.49,7.83
Friedeburg Wiesede,53.45,7.77
Friedeburg Wiesedermeer,53.48,7.73
Friedeburgerhütte,51.62,11.69
Friedelshausen,50.66,10.24
Friedelsheim,49.45,8.22
Friedenfels,49.88,12.10
Friedensau,52.21,11.98
Friedensdorf,51.35,12.06
Friedenweiler,47.92,8.26
Friedersdorf,50.60,11.04
Friedersdorf,51.02,14.56
Friedersdorf,51.65,12.37
Friedersdorf,51.70,13.57
Friedersdorf,52.29,13.79
Friedewald,50.71,7.96
Friedewald,50.88,9.87
Friedland,51.42,9.92
Friedland,52.09,14.31
Friedland,53.67,13.55
Friedland Chossewitz,52.10,14.43
Friedland Friedland,52.10,14.27
Friedland Groß Briesen,52.12,14.38
Friedland Groß Muckrow,52.08,14.43
Friedland Günthersdorf,52.08,14.30
Friedland Karras,52.08,14.28
Friedland Klein Muckrow,52.05,14.43
Friedland Kummerow,52.15,14.23
Friedland Leißnitz,52.12,14.22
Friedland Lindow,52.10,14.30
Friedland Niewisch,52.08,14.23
Friedland Pieskow,52.05,14.23
Friedland Reudnitz,52.13,14.33
Friedland Schadow,52.05,14.27
Friedland Weichensdorf,52.08,14.35
Friedland Zeust,52.13,14.27
Friedrich-Wilhelm-Lübke-Koog,54.87,8.63
Friedrichroda,50.86,10.57
Friedrichsaue,51.84,11.33
Friedrichsbrunn,51.69,11.04
Friedrichsdorf,50.25,8.64
Friedrichsgabekoog,54.15,8.95
Friedrichsgraben,54.27,9.42
Friedrichshafen,47.65,9.47
Friedrichshafen,47.67,9.43
Friedrichsholm,54.30,9.43
Friedrichskoog,54.02,8.92
Friedrichsruhe,53.53,11.75
Friedrichstadt,54.38,9.09
Friedrichsthal,49.33,7.10
Friedrichsthal,51.48,10.58
Friedrichsthal,52.79,13.28
Friedrichsthal,53.16,14.35
Friedrichswalde,53.03,13.71
Friedrichswerth,50.99,10.54
Frielendorf,50.97,9.32
Friemar,50.98,10.79
Friesack,52.74,12.58
Friesdorf,51.59,11.30
Friesenhagen,50.90,7.81
Friesenheim,48.37,7.88
Friesenheim,49.84,8.26
Friesenried,47.87,10.53
Friesoythe,53.02,7.86
Friolzheim,48.83,8.83
Frittlingen,48.13,8.71
Fritzlar,51.13,9.28
Frohburg,51.06,12.56
Frohnhofen,49.45,7.30
Frohnsdorf,50.94,12.58
Fronhausen,50.70,8.70
Fronhofen,49.98,7.47
Fronreute,47.87,9.58
Frontenhausen,48.55,12.53
Frose,51.80,11.38
Fränkisch-Crumbach,49.75,8.86
Fröhnd,47.76,7.89
Frömmstedt,51.26,11.04
Fröndenberg,51.48,7.77
Fröttstädt,50.93,10.57
Frücht,50.32,7.68
FuB,52.52,13.39
Fuchshofen,50.43,6.85
Fuchsmühl,49.92,12.15
Fuchsstadt,50.11,9.93
Fuchstal,47.93,10.82
Fuhlendorf,53.94,9.89
Fuhlendorf,54.36,12.60
Fuhlenhagen,53.57,10.53
Fulda,50.53,9.69
Fulda,50.55,9.68
Fulda,50.56,9.64
Fuldabrück,51.27,9.48
Fuldatal,51.35,9.53
Furth,48.59,12.02
Furth im Wald,49.31,12.84
Furtwangen im Schwarzwald,48.05,8.21
Fußgönheim,49.46,8.29
Föckelberg,49.53,7.48
Föhrden-Barl,53.93,9.79
Föhren,49.86,6.76
Förderkreis für Die Schwestern Maria,48.93,8.44
Förderstedt,51.90,11.63
Föritz,50.34,11.23
Fünfstetten,48.83,10.77
Fürfeld,49.78,7.89
Fürst Thurn und Taxis,49.01,12.09
Fürstenau,52.52,7.68
Fürstenberg,51.73,9.40
Fürstenberg/Havel,53.19,13.17
Fürsteneck,48.72,13.47
Fürstenfeldbruck,48.18,11.25
Fürstenstein,48.72,13.33
Fürstenwalde/Spree,52.38,14.06
Fürstenwalde/Spree Fürstenwalde,52.36,14.05
Fürstenwalde/Spree Trebus,52.40,14.05
Fürstenzell,48.52,13.32
Fürth,49.47,11.00
Fürth,49.50,10.94
Fürth,49.65,8.78
Fürthen,50.78,7.67
Füssen,47.57,10.70
GDA Wohnstift Göttingen,51.51,9.97
GEMA - Bezirksdirektion,52.50,13.35
GEMA Geschäftsstelle Berlin,52.50,13.35
GEWOBA Aktiengesellschaft Wohnen und Bauen,53.08,8.82
GEZ,53.57,9.99
GFT Gemeinschaft Fernmeldetechnik eG,52.17,9.99
GOLLWITZER-MEIER-KLINIK,52.20,8.79
GRN-Klinik Schwetzingen,49.38,8.57
GVL,53.56,9.99
Gablenz,51.53,14.67
Gablenz,51.69,14.51
Gablingen,48.45,10.82
Gabsheim,49.83,8.18
Gachenbach,48.50,11.23
Gackenbach,50.37,7.87
Gadebusch,53.70,11.12
Gadegast,51.89,12.89
Gadsdorf,52.19,13.32
Gagel,52.85,11.58
Gager,54.31,13.68
Gaggenau,48.80,8.33
Gahlenz,50.83,13.21
Gahro,51.74,13.72
Gaiberg,49.37,8.75
Gaienhofen,47.68,8.98
Gaildorf,49.00,9.77
Gailingen am Hochrhein,47.70,8.75
Gaimersheim,48.81,11.37
Gaißach,47.75,11.58
Galenbeck,53.62,13.71
Galenberg,50.43,7.20
Galeria HORTEN Filiale Heilbronn,49.14,9.22
Galeria Kaufhof München-Stachus,48.14,11.56
Gallin,53.49,10.83
Gallin-Kuppentin,53.51,12.13
Gallinchen,51.71,14.35
Gallmersgarten,49.45,10.27
Gallun,52.24,13.56
Galmsbüll,54.75,8.75
Gamlen,50.23,7.20
Gammelby,54.50,9.80
Gammelin,53.51,11.24
Gammelsdorf,48.55,11.95
Gammelshausen,48.64,9.65
Gammertingen,48.25,9.22
Gamstädt,50.95,10.88
Gandenitz,53.17,13.44
Ganderkesee,53.03,8.53
Gandesbergen,52.76,9.23
Gangelt,50.99,6.00
Gangkofen,48.44,12.56
Gangloffsömmern,51.19,10.94
Ganzlin,53.38,12.25
Gappenach,50.27,7.34
Garant-Möbel,51.84,8.30
Garbsen,52.42,9.60
Garbsen,52.48,9.54
Garching an der Alz,48.13,12.58
Garching bei München,48.25,11.65
Gardelegen,52.53,11.40
Garding,54.33,8.78
Garlin,53.18,11.68
Garlipp,52.64,11.61
Garlitz,53.32,11.01
Garlstorf,53.24,10.10
Garmisch-Partenkirchen,47.49,11.10
Garrel,52.95,8.02
Gars am Inn,48.15,12.28
Garstedt,53.28,10.16
Gartow,53.02,11.46
Gartow Falkenmoor,53.01,11.44
Gartow Gartow,53.03,11.46
Gartow Laasche,53.04,11.41
Gartow Nienwalde,53.01,11.49
Gartow Quarnstedt,53.03,11.47
Gartow Rondel,53.01,11.39
Gartow Rucksmoor,53.00,11.44
Gartz (Oder),53.20,14.38
Garz,52.75,12.20
Garz,53.88,14.17
Garz,54.32,13.35
Garzau-Garzin,52.54,13.97
Garzau-Garzin Garzau,52.53,13.95
Garzau-Garzin Garzin,52.55,13.98
Gastrose-Kerkwitz,51.90,14.65
Gate Gourmet,52.17,9.99
Gatersleben,51.82,11.29
Gattendorf,50.32,12.00
Gau-Algesheim,49.96,8.02
Gau-Bickelheim,49.84,8.02
Gau-Bischofsheim,49.92,8.27
Gau-Heppenheim,49.74,8.17
Gau-Odernheim,49.78,8.19
Gau-Weinheim,49.85,8.05
Gauern,50.78,12.20
Gauersheim,49.66,8.07
Gaugrehweiler,49.70,7.87
Gaukönigshofen,49.63,10.00
Gaushorn,54.20,9.23
Gauting,48.07,11.38
Gebenbach,49.54,11.87
Gebesee,51.11,10.93
Gebhardshain,50.75,7.82
Gebr. Graulich,50.02,8.43
Gebr. Schulte,51.34,8.00
Gebr. Winkler,53.66,9.99
Gebroth,49.88,7.65
Gebsattel,49.35,10.20
Gebstedt,51.10,11.50
Gebäudemanagement Freiburg (GMF),48.00,7.83
Gechingen,48.70,8.83
Gedern,50.42,9.20
Geesow,53.25,14.38
Geeste,52.60,7.27
Geestgottberg,52.95,11.74
Geesthacht,53.44,10.38
Gefell,50.23,6.92
Gefell,50.44,11.86
Gefrees,50.10,11.74
Gehlberg,50.68,10.79
Gehlert,50.64,7.83
Gehlweiler,49.88,7.47
Gehofen,51.32,11.32
Gehrde,52.58,8.00
Gehrden,52.01,11.96
Gehrden,52.31,9.60
Gehren,50.65,11.00
Gehrweiler,49.58,7.77
Geichlingen,49.95,6.27
Geiersthal,49.05,12.98
Geilenkirchen,50.97,6.12
Geilnau,50.35,7.93
Geisa,50.71,9.95
Geiselbach,50.12,9.20
Geiselberg,49.33,7.70
Geiselhöring,48.83,12.40
Geiselwind,49.77,10.47
Geisenfeld,48.68,11.61
Geisenhain,50.83,11.72
Geisenhausen,48.48,12.26
Geisenheim,49.98,7.97
Geisfeld,49.72,6.95
Geisig,50.25,7.79
Geising,50.76,13.79
Geisingen,47.92,8.65
Geisleden,51.35,10.20
Geislingen,48.29,8.81
Geislingen an der Steige,48.62,9.83
Geislingen an der Steige Aufhausen,48.59,9.77
Geislingen an der Steige Türkheim,48.62,9.84
Geismar,51.23,10.17
Geithain,51.06,12.70
Gelbensande,54.20,12.30
Gelchsheim,49.57,10.02
Geldern,51.52,6.32
Geldersheim,50.04,10.16
Gelenau/Erzgebirge,50.71,12.97
Gelenberg,50.30,6.87
Gellmersdorf,52.97,14.07
Gelnhausen,50.20,9.19
Gelsenkirchen,51.51,7.10
Gelsenkirchen,51.53,7.02
Gelsenkirchen,51.56,7.08
Gelsenkirchen,51.61,7.05
Geltendorf,48.12,11.03
Gelting,54.75,9.90
Geltorf,54.47,9.62
Gemeinde Eching,48.30,11.62
Gemeinde Sulzbach (Taunus),50.13,8.53
Gemeinschafts-Krankenhaus,51.41,7.40
"Gemeinschaftspraxis für Pathologie Dr. med J. Giedl, PD Dr. med D. Wachter",49.68,12.16
Gemmerich,50.23,7.76
Gemmingen,49.16,8.98
Gemmrigheim,49.03,9.16
Gemünd,49.98,6.17
Gemünden,49.89,7.48
Gemünden,50.56,8.02
Gemünden (Felda),50.70,9.05
Gemünden (Wohra),50.97,8.97
Gemünden am Main,50.05,9.71
Genderkingen,48.70,10.88
Generaldirektion Wasserstraßen und Schifffahrt,51.97,7.63
Generali Schadenbüro,48.78,9.16
Generali Schadenbüro,50.13,8.68
Generalstaatsanwalt des Landes Brandenburg,52.41,12.56
Generalstaatsanwaltschaft,48.15,11.56
Generalstaatsanwaltschaft Berlin,52.49,13.36
Generalvikariat,48.57,13.47
Gengenbach,48.40,8.01
Gensingen,49.90,7.93
Gentha,51.85,12.90
Genthin,52.41,12.16
Gentingen,49.90,6.23
Genzkow,53.63,13.50
Geo Poulson,53.62,10.00
Georgenberg,49.70,12.42
Georgensgmünd,49.19,11.02
Georgenthal,50.83,10.66
Georgsdorf,52.57,7.08
Georgsmarienhütte,52.20,8.04
Gera,50.84,12.08
Gera,50.88,12.08
Geraberg,50.72,10.84
Gerabronn,49.25,9.92
Gerach,49.75,7.33
Gerach,50.03,10.80
Geratskirchen,48.34,12.66
Gerbach,49.67,7.87
Gerbershausen,51.33,9.98
Gerbitz,51.84,11.83
Gerbrunn,49.78,9.99
Gerbstedt,51.63,11.63
Gerdau,52.97,10.42
Gerdshagen,53.24,12.20
Geretsried,47.86,11.48
Gerhardsbrunn,49.35,7.52
Gerhardshofen,49.63,10.69
Gering,50.28,7.27
Geringswalde,51.08,12.91
Gerlebogk,51.71,11.84
Gerlingen,48.80,9.06
Germany Trade & Invest Gesellschaft für Außenwirtschaft,52.51,13.39
Germaringen,47.92,10.67
Germendorf,52.75,13.17
Germering,48.13,11.38
Germersheim,49.22,8.36
Gerneral Management Bild NRW,51.45,7.02
Gernrode,51.40,10.40
Gernrode,51.69,11.05
Gernsbach,48.77,8.34
Gernsheim,49.75,8.49
Geroda,50.28,9.90
Geroda,50.77,11.90
Geroldsgrün,50.33,11.60
Geroldshausen,49.68,9.90
Gerolfingen,49.05,10.51
Gerolsbach,48.49,11.36
Gerolsheim,49.55,8.26
Gerolstein,50.22,6.66
Gerolzhofen,49.90,10.35
Gersdorf,50.75,12.72
Gersdorf,51.11,12.94
Gersfeld,50.45,9.91
Gersheim,49.15,7.20
Gersten,52.58,7.52
Gerstenberg,51.03,12.44
Gerstengrund,50.70,10.05
Gerstetten,48.62,10.02
Gersthofen,48.42,10.87
Gerstungen,50.97,10.07
Gerswalde,53.17,13.75
Gerterode,51.38,10.48
Gertewitz,50.68,11.65
Gerwisch,52.18,11.74
Gerzen,48.49,12.38
Geschendorf,53.92,10.44
Gescher,51.95,7.00
Geschwenda,50.73,10.83
Gesees,49.90,11.53
Geseke,51.64,8.51
Geslau,49.37,10.32
Gessertshausen,48.33,10.73
Gestratz,47.65,9.98
Gesundheit - Nord gGmbH,53.08,8.87
Gesundheitsinitiative DAK,51.88,8.44
Gesundheitszentrum Wetterau gGmbH Rechnungswesen GZW-West,50.36,8.73
Getelo,52.47,6.85
Gettorf,54.40,9.98
Geusa,51.34,11.94
Geußnitz,51.02,12.18
Gevelsberg,51.32,7.34
Gevenich,50.15,7.08
Gevensleben,52.08,10.82
Geversdorf,53.80,9.08
Gewerbekomplex,52.56,13.54
Gewerbepark,52.50,13.56
Geyer,50.63,12.92
Giebelstadt,49.65,9.94
Gieboldehausen,51.61,10.22
Gieckau,51.13,11.88
Giekau,54.32,10.52
Gielde,52.04,10.49
Gieleroth,50.67,7.68
Gielert,49.77,7.00
Gielow,53.70,12.75
Giengen an der Brenz,48.59,10.21
Gierschnach,50.27,7.35
Giershausen,50.68,7.55
Giersleben,51.77,11.57
Gierstädt/Kleinfahner,51.04,10.84
Giesdorf,50.18,6.45
Giesen,52.20,9.90
Giesenhausen,50.70,7.72
Giesensdorf,53.68,10.70
Gieseritz,52.77,11.01
Gieshof-Zelliner Loose,52.72,14.32
Gießen,50.58,8.67
Gifhorn,52.48,10.55
Gilching,48.11,11.29
Gildemeister-DEVLIEG,51.93,8.60
Gillenbeuren,50.16,7.02
Gillenfeld,50.13,6.90
Gillersdorf,50.62,11.02
Gilserberg,50.95,9.07
Gilten,52.70,9.58
Gilzem,49.87,6.52
Gimbsheim,49.78,8.38
Gimbweiler,49.58,7.20
Gimritz,51.57,11.87
Gindorf,50.02,6.65
Gingen an der Fils,48.66,9.78
Gingst,54.46,13.26
Ginsheim-Gustavsburg,49.97,8.35
Ginsweiler,49.65,7.65
Gipperath,50.03,6.87
Girkenroth,50.52,7.97
Girod,50.45,7.92
Gischow,53.44,12.01
Gittelde,51.80,10.19
Gladau,52.30,12.09
Gladbach,49.93,6.77
Gladbeck,51.57,6.98
Gladenbach,50.77,8.58
Gladigau,52.77,11.57
Glaisin,53.28,11.37
Glan-Münchweiler,49.47,7.44
Glanbrücken,49.62,7.53
Glandorf,52.08,8.00
Glasau,54.05,10.52
Glasehausen,51.44,10.15
Glasewitz,53.82,12.29
Glashütte,50.85,13.78
Glashütte,53.58,14.25
Glashütten,49.89,11.45
Glashütten,50.22,8.40
Glasin,53.91,11.74
Glasow,53.38,14.27
Glattbach,50.00,9.15
Glatten,48.44,8.51
Glaubitz,51.33,13.38
Glauburg,50.32,9.00
Glauchau,50.82,12.54
Glauzig,51.65,11.99
Glebitzsch,51.60,12.19
Glees,50.43,7.25
Gleichamberg,50.37,10.60
Gleichen,51.47,10.03
Gleina,51.26,11.72
Gleiritsch,49.50,12.32
Gleisweiler,49.24,8.07
Gleiszellen-Gleishorbach,49.13,8.01
Gleißenberg,49.32,12.73
Glewitz,54.02,12.92
Glienick,52.25,13.38
Glienicke/Nordbahn,52.64,13.31
Glienke,53.59,13.43
Glietz,52.01,14.08
Glinde,52.01,11.85
Glinde,53.54,10.20
Glindenberg,52.24,11.68
Globig-Bleddin,51.78,12.77
Glonn,47.99,11.87
Glottertal,48.05,7.96
Glowe,54.57,13.47
Glöckle Staatliche Lotterie-Einnahme,48.80,9.22
Glöthe,51.91,11.67
Glött,48.50,10.48
Glöwen,52.91,12.09
Glücksburg,54.84,9.55
Glückstadt,53.79,9.43
Glüsing,54.28,9.22
Gmund am Tegernsee,47.75,11.74
Gnadau,51.98,11.78
Gnarrenburg,53.38,9.00
Gneus,50.82,11.68
Gneven,53.64,11.57
Gnevkow,53.79,13.17
Gnevsdorf,53.40,12.22
Gnewitz,54.08,12.51
Gnoien,53.97,12.71
Gnotzheim,49.06,10.71
Gnutz,54.13,9.82
Goch,51.68,6.16
Gochsheim,50.02,10.28
Goddert,50.55,7.75
Godendorf,53.26,13.15
Godern,53.62,11.54
Gohrau,51.81,12.49
Gohrisch,50.90,14.13
Gokels,54.12,9.47
Golbitz,51.67,11.81
Golchen,53.79,13.28
Goldbach,50.00,9.18
Goldbach,50.99,10.66
Goldbeck,52.72,11.86
Goldberg,53.59,12.09
Goldebek,54.68,9.15
Goldelund,54.68,9.10
Goldenstedt,52.79,8.43
Goldenstädt,53.47,11.50
Goldisthal,50.52,11.00
Goldkronach,50.01,11.69
Goldschau,51.06,11.90
Gollenberg,49.67,7.17
Gollenberg,52.74,12.40
Gollensdorf,52.96,11.55
Gollhofen,49.58,10.13
Gollin,53.05,13.60
Gollwitz,52.42,12.65
Golm,52.41,12.97
Golmbach,51.90,9.55
Golmsdorf,50.97,11.67
Goltoft,54.55,9.72
Golzen,51.22,11.64
Golzow,52.28,12.60
Golzow,52.57,14.49
Golßen,51.97,13.60
Gomadingen,48.40,9.39
Gomaringen,48.45,9.10
Gommern,52.07,11.82
Gommersheim,49.29,8.27
Gompertshausen,50.30,10.62
Gonbach,49.55,7.90
Gondelsheim,49.06,8.66
Gondenbrett,50.23,6.42
Gondershausen,50.15,7.50
Gondorf,49.97,6.62
Gonna,51.51,11.32
Goosefeld,54.43,9.82
Gorden,51.53,13.63
Gorenzen,51.57,11.35
Gorleben,53.05,11.36
Gorleben Gorleben,53.05,11.36
Gorleben Meetschow,53.05,11.39
Gorlosen,53.19,11.46
Gornau/Erzgebirge,50.77,13.02
Gornhausen,49.87,7.05
Gornsdorf,50.70,12.88
Gorsleben,51.28,11.18
Gorxheimertal,49.53,8.73
Goseck,51.20,11.87
Gosen,52.40,13.72
Gosen Neu Zittau,52.37,13.75
Gosheim,48.13,8.75
Goslar,51.92,10.42
Goslar Goslar,51.91,10.43
Goslar Goslar,51.91,10.48
Goslar Hahndorf,51.95,10.44
Goslar Hahnenklee-Bockswiese,51.86,10.34
Goslar Jerstedt,51.96,10.39
Goslar Oker,51.91,10.48
Gossa,51.67,12.44
Gossel,50.80,10.85
Gossersweiler-Stein,49.15,7.93
Gotha,50.95,10.70
Gottenheim,48.05,7.73
Gottesgabe,53.63,11.25
Gotteszell,48.97,12.97
Gottfrieding,48.64,12.54
Gotthun,53.42,12.59
Gottlieb-Daimler-Schule,48.70,9.01
Gottmadingen,47.74,8.78
Goyatz,52.02,14.18
Goßmar,51.69,13.68
Goßwitz,50.64,11.48
Graach,49.93,7.06
Grabau,53.51,10.52
Grabau,53.80,10.28
Graben,48.19,10.82
Graben bei Neukirchen am Teisenberg,47.84,12.73
Graben-Neudorf,49.17,8.49
Grabenstetten,48.52,9.46
Grabenstätt,47.85,12.54
Grabko,51.91,14.58
Grabow,52.25,11.96
Grabow,53.28,11.56
Grabowhöfe,53.57,12.59
Grabsleben,50.94,10.84
Grafenau,48.71,8.92
Grafenau,48.86,13.40
Grafenberg,48.56,9.30
Grafengehaig,50.20,11.59
Grafenhausen,47.77,8.26
Grafenrheinfeld,50.00,10.20
Grafenwiesen,49.20,12.88
Grafenwöhr,49.70,11.87
Grafhorst,52.44,10.95
Grafing bei München,48.05,11.97
Grafling,48.89,12.98
Grafrath,48.12,11.17
Grafschaft,50.58,7.07
Grainau,47.48,11.02
Grainet,48.80,13.65
Graitschen bei Bürgel,50.95,11.72
Grambek,53.57,10.68
Grambin,53.75,14.02
Grambow,53.41,14.34
Grambow,53.62,11.28
Gramkow,53.92,11.32
Grammendorf,54.04,12.87
Grammentin,53.76,12.90
Grammow,54.05,12.63
Gramzow,53.21,14.01
Grana,51.05,12.11
Grande,53.58,10.38
Granschütz,51.18,12.05
Gransdorf,50.02,6.68
Gransebieth,54.06,12.88
Gransee,53.01,13.16
Granzin,53.50,11.94
Granzow,52.96,12.25
Grapzow,53.71,13.29
Grasberg,53.18,8.98
Grasbrunn,48.08,11.74
Grasellenbach,49.63,8.88
Grasleben,52.31,11.01
Grassau,47.78,12.45
Grassau,52.67,11.68
Grattersdorf,48.80,13.15
Grauel,54.07,9.67
Grauingen,52.38,11.21
Graustein,51.57,14.47
Grebbin,53.52,11.86
Grebenau,50.74,9.47
Grebenhain,50.49,9.34
Grebenstein,51.45,9.41
Grebin,54.20,10.50
Grebs,53.24,11.32
Greding,49.05,11.36
Greenbase e. G. Dokumenten - Management,52.17,9.99
Grefrath,51.34,6.34
Greifenberg,48.07,11.08
Greifenhagen,51.63,11.42
Greifenstein,50.62,8.30
Greiffenberg,53.09,13.96
Greifswald,54.09,13.39
Greiling,47.77,11.62
Greimerath,49.56,6.68
Greimerath,50.03,6.90
Greimersburg,50.18,7.13
Greiz,50.66,12.20
Gremersdorf,54.33,10.93
Gremersdorf-Buchholz,54.15,12.89
Gremsdorf,49.70,10.83
Grenderich,50.07,7.23
Grenzach-Wyhlen,47.55,7.68
Grenzschutzpräsidium West,50.76,7.15
Greppin,51.65,12.30
Gresse,53.43,10.75
Grethem,52.73,9.57
Grettstadt,49.98,10.32
Greußen,51.23,10.94
Greußenheim,49.82,9.77
Greven,52.09,7.59
Greven,53.48,10.80
Grevenbroich,51.09,6.61
Grevenkop,53.84,9.53
Grevenkrug,54.22,10.02
Grevesmühlen,53.86,11.19
Gribbohm,54.03,9.35
Gribow,53.95,13.49
Griebelschied,49.80,7.40
Grieben,52.44,11.96
Grieben,53.84,11.05
Griebo,51.88,12.51
Griefstedt,51.23,11.13
Gries,49.42,7.40
Griesen,51.83,12.42
Griesheim,49.86,8.57
Griesingen,48.27,9.78
Griesstätt,47.99,12.18
Grießen,51.85,14.59
Grillenberg,51.53,11.31
Grimburg,49.62,6.88
Grimma,51.23,12.72
Grimme,52.04,12.29
Grimmelshausen,50.48,10.63
Grimmen,54.11,13.04
Grinau,53.78,10.55
Grischow,53.70,13.34
Grobengereuth,50.67,11.67
Grobleben,52.52,11.89
Grockstädt,51.33,11.58
Groitzsch,51.16,12.28
Grolsheim,49.91,7.92
Gronau (Leine),52.08,9.78
Gronau (Westfalen),52.20,7.04
Grosselfingen,48.33,8.89
Grothusenkoog,54.30,8.76
Grove,53.53,10.48
Groven,54.30,8.98
Groß Ammensleben,52.23,11.52
Groß Behnitz,52.58,12.73
Groß Berßen,52.77,7.49
Groß Beuchow,51.85,13.90
Groß Boden,53.75,10.45
Groß Breese,53.01,11.82
Groß Buchwald,54.17,10.08
Groß Börnecke,51.88,11.47
Groß Daberkow,53.50,13.65
Groß Disnack,53.75,10.68
Groß Dratow,53.51,12.84
Groß Döbbern,51.65,14.33
Groß Dölln,52.99,13.53
Groß Düben,51.57,14.57
Groß Ernsthof,54.08,13.74
Groß Flotow,53.55,12.99
Groß Gaglow,51.71,14.32
Groß Garz,52.93,11.61
Groß Germersleben,52.00,11.36
Groß Gievitz,53.58,12.78
Groß Glienicke,52.47,13.11
Groß Godems,53.36,11.80
Groß Grönau,53.80,10.75
Groß Görnow,53.75,11.82
Groß Ippener,52.97,8.62
Groß Kelle,53.40,12.55
Groß Kienitz,52.33,13.46
Groß Kiesow,54.01,13.48
Groß Kordshagen,54.33,12.84
Groß Krams,53.33,11.27
Groß Krankow,53.82,11.34
Groß Kreutz,52.40,12.78
Groß Kummerfeld,54.05,10.08
Groß Köris,52.17,13.66
Groß Laasch,53.35,11.55
Groß Labenz,53.78,11.78
Groß Leine,52.00,14.06
Groß Leuthen,52.04,14.04
Groß Lindow,52.23,14.53
Groß Lindow Schlaubehammer,52.25,14.48
Groß Lindow Weißenspring,52.23,14.52
Groß Luckow,53.54,13.83
Groß Luja,51.60,14.45
Groß Machnow,52.27,13.47
Groß Meckelsen,53.28,9.45
Groß Miltzow,53.54,13.59
Groß Mohrdorf,54.39,12.95
Groß Molzahn,53.73,10.87
Groß Naundorf,51.69,13.00
Groß Nemerow,53.47,13.22
Groß Neuendorf,52.70,14.41
Groß Niendorf,53.59,11.85
Groß Niendorf,53.85,10.24
Groß Nordende,53.70,9.65
Groß Oesingen,52.65,10.46
Groß Offenseth-Aspern,53.82,9.73
Groß Oßnig,51.68,14.36
Groß Pampau,53.52,10.56
Groß Pankow,53.12,12.05
Groß Pinnow,53.18,14.28
Groß Plasten,53.55,12.85
Groß Polzin,53.89,13.59
Groß Quenstedt,51.93,11.12
Groß Rheide,54.44,9.44
Groß Rodensleben,52.12,11.38
Groß Roge,53.78,12.50
Groß Rosenburg,51.92,11.89
Groß Rönnau,53.97,10.32
Groß Rünz,53.77,10.98
Groß Santersleben,52.19,11.45
Groß Sarau,53.77,10.73
Groß Schacksdorf-Simmersdorf,51.70,14.62
Groß Schenkenberg,53.80,10.57
Groß Schierstedt,51.75,11.52
Groß Schulzendorf,52.27,13.35
Groß Schwechten,52.68,11.80
Groß Schwiesow,53.85,12.10
Groß Schönebeck (Schorfheide),52.90,13.52
Groß Siemz,53.82,10.93
Groß Stieten,53.81,11.45
Groß Teetzleben,53.65,13.23
Groß Twülpstedt,52.37,10.92
Groß Vielen,53.48,13.03
Groß Vollstedt,54.23,9.87
Groß Walmstorf,53.90,11.26
Groß Welle,53.01,12.08
Groß Wittensee,54.40,9.77
Groß Wokern,53.75,12.49
Groß Woltersdorf,53.08,12.15
Groß Wüstenfelde,53.87,12.55
Groß-Bieberau,49.80,8.82
Groß-Gerau,49.92,8.48
Groß-Klessow,51.83,13.95
Groß-Mehßow,51.73,13.82
Groß-Rohrheim,49.72,8.48
Groß-Umstadt,49.87,8.93
Groß-Zimmern,49.88,8.83
Großaitingen,48.23,10.78
Großalmerode,51.26,9.78
Großannahmestelle BZ Köln West,50.92,6.84
Großbadegast,51.73,12.03
Großbardau,51.20,12.70
Großbardorf,50.27,10.37
Großbarkau,54.23,10.17
Großbartloff,51.25,10.22
Großbeeren,52.36,13.31
Großbettlingen,48.59,9.31
Großbockedra,50.85,11.65
Großbodungen,51.48,10.48
Großbothen,51.19,12.75
Großbottwar,49.00,9.29
Großbreitenbach,50.58,11.01
Großbrembach,51.12,11.32
Großbundenbach,49.30,7.42
Großderschau,52.79,12.37
Großdubrau,51.25,14.46
Großefehn,53.40,7.61
Großefehn Akelsbarg,53.45,7.60
Großefehn Aurich-Oldendorf,53.42,7.60
Großefehn Bagband,53.38,7.60
Großefehn Felde,53.44,7.60
Großefehn Fiebing,53.35,7.68
Großefehn Holtrop,53.43,7.56
Großefehn Mittegroßefehn,53.39,7.57
Großefehn Ostgroßefehn,53.40,7.60
Großefehn Spetzerfehn,53.39,7.62
Großefehn Strackholt,53.37,7.64
Großefehn Timmel,53.37,7.52
Großefehn Ulbargen,53.38,7.58
Großefehn Westgroßefehn,53.38,7.53
Großefehn Wrisse,53.43,7.59
Großeibstadt,50.30,10.41
Großenaspe,53.98,9.97
Großenbrode,54.38,11.08
Großenehrich,51.25,10.83
Großengottern,51.15,10.56
Großenhain,51.29,13.53
Großenkneten,52.94,8.25
Großenlüder,50.59,9.54
Großenrade,54.02,9.22
Großensee,50.93,9.97
Großensee,53.61,10.34
Großenseebach,49.63,10.87
Großenstein,50.90,12.20
Großenwiehe,54.70,9.25
Großenwörden,53.68,9.27
Großerlach,49.05,9.51
Großeutersdorf,50.78,11.57
Großfahner,51.06,10.83
Großfischlingen,49.27,8.18
Großgörschen,51.22,12.18
Großhabersdorf,49.40,10.78
Großhansdorf,53.67,10.28
Großharrie,54.12,10.05
Großharthau,51.11,14.10
Großhartmannsdorf,50.80,13.33
Großheide,53.59,7.34
Großheide Arle,53.61,7.39
Großheide Berumerfehn,53.56,7.35
Großheide Großheide,53.59,7.34
Großheide Menstede-Coldinne,53.60,7.38
"Großheide Menstede-Coldinne, Coldinne",53.59,7.37
"Großheide Menstede-Coldinne, Menstede",53.60,7.38
Großheide Westerende,53.61,7.36
Großheirath,50.18,10.95
Großhennersdorf,50.99,14.79
Großheringen,51.10,11.67
Großheubach,49.73,9.22
Großholbach,50.45,7.88
Großkampenberg,50.15,6.20
Großkarlbach,49.54,8.22
Großkarolinenfeld,47.89,12.08
Großkayna,51.29,11.93
Großkmehlen,51.38,13.72
Großkochberg,50.77,11.36
Großkorbetha,51.26,12.03
Großkrausnik,51.73,13.63
Großkrotzenburg,50.08,8.98
Großkugel,51.42,12.15
Großlangenfeld,50.22,6.25
Großlangheim,49.76,10.24
Großlehna,51.31,12.17
Großleinungen,51.49,11.20
Großlittgen,50.03,6.80
Großlohra,51.42,10.65
Großlöbichau,50.93,11.68
Großmaischeid,50.50,7.63
Großmehring,48.77,11.53
Großmonra,51.21,11.30
Großmölsen,51.03,11.13
Großmühlingen,51.95,11.70
Großnaundorf,51.20,13.93
Großneuhausen,51.16,11.29
Großniedesheim,49.58,8.31
Großobringen,51.03,11.33
Großolbersdorf,50.70,13.08
Großostheim,49.92,9.08
Großpaschleben,51.76,11.93
Großpostwitz/Oberlausitz,51.12,14.45
Großpösna,51.27,12.50
Großpürschütz,50.82,11.60
Großrinderfeld,49.67,9.73
Großrosseln,49.20,6.84
Großrudestedt,51.09,11.10
Großräschen,51.59,14.01
Großröda,51.00,12.32
Großröhrsdorf,51.15,14.02
Großrückerswalde,50.63,13.12
Großschirma,50.97,13.29
Großschwabhausen,50.93,11.48
Großschweidnitz,51.07,14.64
Großschönau,50.90,14.68
Großseifen,50.63,7.97
Großsolt,54.70,9.52
Großsteinhausen,49.18,7.45
Großthiemig,51.38,13.67
Großtreben-Zwethau,51.60,13.02
Großvargula,51.12,10.78
Großwallstadt,49.88,9.15
Großweil,47.68,11.30
Großweitzschen,51.16,13.05
Großwoltersdorf,53.07,13.10
Großwudicke,52.59,12.23
Großziethen,52.40,13.45
Großzöberitz,51.62,12.18
Großörner,51.62,11.49
Grub am Forst,50.23,11.02
Grube,54.23,11.03
Gruhno,51.57,13.52
Gruibingen,48.59,9.64
Grumbach,49.65,7.57
Grundhof,54.77,9.65
Grundsheim,48.17,9.67
Grunewald,53.02,13.48
Grunow-Dammendorf,52.15,14.41
Grunow-Dammendorf Grunow,52.15,14.40
Gräben,52.23,12.43
Gräbendorf,52.24,13.71
Gräfelfing,48.12,11.43
Gräfenberg,49.64,11.25
Gräfendhron,49.80,7.00
Gräfendorf,50.12,9.74
Gräfenhain,50.82,10.70
Gräfenhainichen,51.73,12.46
Gräfenroda,50.75,10.80
Gräfenthal,50.52,11.31
Gräningen,52.58,12.47
Grävenwiesbach,50.39,8.46
Gröben,51.12,12.04
Gröbenzell,48.20,11.37
Gröbern,51.69,12.45
Gröbers,51.43,12.12
Gröbitz,51.13,11.92
Gröbitz,51.66,13.71
Gröbzig,51.68,11.87
Gröde,54.63,8.72
Gröden,51.40,13.57
Grödersby,54.63,9.92
Gröditsch,52.05,14.00
Gröditz,51.40,13.40
Grömbach,48.57,8.55
Grömitz,54.15,10.97
Gröna,51.76,11.70
Gröningen,51.94,11.22
Grönwohld,53.64,10.41
Gröst,51.26,11.85
Grötsch,51.79,14.51
Größnitz,51.19,11.71
Grünbach,50.45,12.36
Grünberg,50.59,8.96
Gründau,50.21,9.14
Grünebach,50.78,7.90
Grünefeld,52.68,12.96
Grünenbach,47.63,10.01
Grünendeich,53.57,9.61
Grünewald,51.40,14.00
Grünhain,50.58,12.81
Grünhainichen,50.77,13.15
Grünheide (Mark),52.41,13.89
Grünheide (Mark) Grünheide,52.42,13.82
Grünheide (Mark) Hangelsberg,52.38,13.93
Grünheide (Mark) Kagel,52.47,13.92
Grünheide (Mark) Kienbaum,52.45,13.95
Grünheide (Mark) Mönchwinkel,52.38,13.88
Grünheide (Mark) Spreeau,52.37,13.83
Grünkraut,47.74,9.66
Grünow,53.32,13.95
Grünow,53.34,13.31
Grünsfeld,49.61,9.75
Grünstadt,49.56,8.16
Grünwald,48.04,11.52
Grüssow,53.44,12.42
Gschwend,48.93,9.74
Gstadt am Chiemsee,47.88,12.42
Guben,51.95,14.71
Guckheim,50.53,7.95
Gudendorf,54.02,9.11
Gudensberg,51.18,9.37
Guderhandviertel,53.55,9.61
Gudow,53.56,10.77
Guggenhausen,47.90,9.45
Guhrow,51.81,14.23
Guldental,49.89,7.85
Gumbsheim,49.82,7.98
Gummersbach,51.01,7.57
Gummersbach,51.03,7.55
Gummi-Mayer,49.21,8.13
Gumperda,50.81,11.52
Gumtow,52.98,12.25
Gundelfingen,48.04,7.87
Gundelfingen an der Donau,48.55,10.37
Gundelsheim,49.28,9.16
Gundelsheim,49.94,10.92
Gunderath,50.26,6.98
Gundersheim,49.70,8.20
Gundersweiler,49.60,7.78
Gundheim,49.68,8.24
Gundremmingen,48.50,10.40
Gunningen,48.05,8.70
Guntersblum,49.80,8.35
Gunzenhausen,49.12,10.76
Gusborn,53.07,11.20
Gusborn Groß Gusborn,53.08,11.22
Gusborn Klein Gusborn,53.08,11.19
Gusborn Quickborn,53.11,11.20
Gusborn Siemen,53.05,11.22
Gusborn Zadrau,53.05,11.18
Gusenburg,49.63,6.90
Gusow-Platkow,52.58,14.34
Gusow-Platkow Gusow,52.57,14.36
Gusow-Platkow Platkow,52.58,14.32
Gussow,52.26,13.73
Gusterath,49.70,6.72
Gustow,54.30,13.21
Gutach (Schwarzwaldbahn),48.25,8.21
Gutach im Breisgau,48.12,7.98
Guteborn,51.42,13.93
Gutenacker,50.32,7.92
Gutenberg,49.88,7.80
Gutenberg,51.55,11.97
Gutendorf,50.92,11.21
Guteneck,49.45,12.28
Gutenstetten,49.62,10.63
Gutenswegen,52.23,11.49
Gutenzell-Hürbel,48.12,9.98
Guthmannshausen,51.13,11.37
Gutow,53.76,12.14
Guttau,51.26,14.56
Guttenberg,50.16,11.56
Gutweiler,49.72,6.73
Guxhagen,51.20,9.48
Gyhum,53.22,9.32
Gädebehn,53.61,11.61
Gädheim,50.03,10.35
Gägelow,53.90,11.38
Gärtringen,48.64,8.90
Gäufelden,48.55,8.82
Göbitz,51.09,12.18
Göcklingen,49.16,8.04
Göda,51.18,14.32
Gödenroth,50.08,7.48
Gödenstorf,53.23,10.12
Gödnitz,52.00,11.92
Göggingen,48.86,9.88
Göhl,54.28,10.95
Göhlen,53.31,11.37
Göhrde,53.13,10.96
Göhrde Bredenbock,53.14,10.95
Göhrde Dübbekold,53.15,10.89
Göhrde Govelin,53.15,10.93
Göhrde Göhrde,53.14,10.88
Göhrde Kollase,53.11,10.90
Göhrde Mailage,53.12,10.91
Göhrde Metzingen,53.13,10.96
Göhrde Nadlitz,53.15,10.87
Göhrde Plumbohm,53.11,10.95
Göhrde Sarenseck,53.13,11.01
Göhrde Schmardau,53.11,10.97
Göhrde Schmessau,53.12,10.94
Göhrde Schnadlitz,53.13,10.90
Göhrde Tollendorf,53.14,10.96
Göhrde Wedderin,53.10,10.95
Göhrde Zienitz,53.11,10.89
Göhren,50.97,12.37
Göhren,53.54,11.61
Göhren,54.33,13.73
Göhren-Döhlen,50.72,12.02
Göhren-Lebbin,53.48,12.51
Göldenitz,53.72,10.63
Gölenkamp,52.52,6.92
Göllheim,49.59,8.05
Göllingen,51.34,11.01
Göllnitz,50.95,12.32
Göllnitz,51.64,13.86
Gönnebek,54.05,10.20
Gönnersdorf,50.33,6.60
Gönnersdorf,50.48,7.27
Gönnheim,49.45,8.24
Göpfersdorf,50.91,12.60
Göppingen,48.71,9.65
Görgeshausen,50.42,7.95
Görike,52.94,12.20
Görisried,47.71,10.51
Göritz,53.41,13.92
Görkwitz,50.58,11.78
Görlitz,51.15,14.95
Görlitz,51.15,14.98
Görlsdorf,51.82,13.76
Görlsdorf,53.05,13.94
Görmin,53.99,13.27
Görsbach,51.46,10.94
Görschen,51.11,11.90
Görwihl,47.64,8.07
Görzig,51.66,12.00
Görzke,52.17,12.38
Göschitz,50.63,11.87
Gösen,51.00,11.88
Gösenroth,49.88,7.33
Gössenheim,50.02,9.78
Gössitz,50.62,11.59
Göttin,53.53,10.70
Göttingen,51.51,9.95
Göttingen,51.54,9.94
Göttingen,51.55,9.93
Göttnitz,51.64,12.06
Götz,52.42,12.72
Gößlow,53.34,11.14
Gößnitz,50.89,12.43
Gößweinstein,49.77,11.34
Gübs,52.11,11.74
Güby,54.48,9.67
Gückingen,50.39,8.01
Güglingen,49.07,9.00
Gülitz-Reetz,53.19,11.93
Güllesheim,50.60,7.53
Gültz,53.75,13.19
Gülzow,53.45,10.50
Gülzow,53.69,12.85
Gülzow,53.82,12.07
Günserode,51.31,11.05
Günstedt,51.22,11.08
Günterberg,53.10,13.96
Güntersberge,51.64,10.98
Güntersleben,49.87,9.90
Günthersdorf,51.35,12.17
Günthersleben,50.90,10.76
Günzach,47.82,10.44
Günzburg,48.46,10.28
Güssefeld,52.72,11.37
Güsten,51.80,11.61
Güster,53.54,10.68
Güstrow,53.80,12.17
Gütenbach,48.05,8.15
Güterglück,51.99,11.99
Gütersloh,51.90,8.38
Gütersloh,51.93,8.46
Gützkow,53.94,13.41
H./G./K. Hotel- und Gastronomie-Kauf eG,52.38,9.75
H.J. Limbach Facharzt für Labormedizin,49.36,8.69
HAF Hamburger Akademie für Fernstudien,53.57,10.08
HBG Terradur,49.48,11.12
HBS Hessische Bezügestelle,51.32,9.47
HEIDELBERGCEMENT,49.41,8.68
HOCHTIEF Aktiengesellschaft,51.42,7.00
HUK - Coburg,49.45,11.09
HUK - Coburg,53.55,10.02
HUK -Coburg,49.80,9.94
HUK Coburg,49.23,7.00
HUK Coburg,50.83,12.93
HUK-Coburg,48.00,7.84
HUK-Coburg,48.36,10.89
HUK-Coburg,48.78,9.17
HUK-Coburg,49.01,12.09
HUK-Coburg,49.48,8.47
HUK-Coburg,49.98,8.29
HUK-Coburg,50.07,8.25
HUK-Coburg,50.26,10.96
HUK-Coburg,50.36,7.59
HUK-Coburg,50.59,8.68
HUK-Coburg,50.72,7.06
HUK-Coburg,50.77,6.09
HUK-Coburg,50.94,6.95
HUK-Coburg,50.98,11.04
HUK-Coburg,51.05,13.74
HUK-Coburg,51.24,6.82
HUK-Coburg,51.31,9.49
HUK-Coburg,51.34,12.39
HUK-Coburg,51.43,6.76
HUK-Coburg,51.45,7.02
HUK-Coburg,51.47,11.98
HUK-Coburg,51.51,7.47
HUK-Coburg,51.68,7.81
HUK-Coburg,51.95,7.63
HUK-Coburg,52.02,8.52
HUK-Coburg,52.12,11.63
HUK-Coburg,52.38,9.73
HUK-Coburg,52.50,13.34
HUK-Coburg,53.08,8.80
HUK-Coburg,54.09,12.12
HUK-Coburg,54.32,10.13
HUK-Coburg Geschäfts- und Schadenaußenstelle,50.09,8.63
Haag,49.87,11.56
Haag an der Amper,48.46,11.83
Haag in Oberbayern,48.16,12.18
Haale,54.18,9.55
Haan,51.19,7.01
Haar,48.11,11.73
Haarbach,48.50,13.15
Haasow,51.74,14.42
Habach,47.73,11.28
Habichtswald,51.33,9.34
Habighorst,52.71,10.23
Habscheid,50.18,6.27
Haby,54.40,9.82
Hachelbich,51.34,10.97
Hachenburg,50.66,7.82
Hackenheim,49.83,7.90
Hackpfüffel,51.42,11.20
Hadamar,50.45,8.04
Hademstorf,52.71,9.63
Hadenfeld,54.03,9.46
Hadmersleben,51.99,11.30
Hafenkrankenhaus,53.55,9.97
Hafenlohr,49.87,9.60
Hage,53.60,7.29
Hagelberg,52.14,12.52
Hagelstadt,48.90,12.22
Hagen,51.32,7.51
Hagen,51.35,7.43
Hagen,51.35,7.56
Hagen,51.37,7.52
Hagen,51.38,7.44
Hagen,53.95,9.83
Hagen am Teutoburger Wald,52.21,7.92
Hagen im Bremischen,53.36,8.64
Hagenbach,49.02,8.25
Hagenburg,52.43,9.32
Hagenburg Altenhagen,52.44,9.34
Hagenburg Hagenburg,52.43,9.31
Hagenbüchach,49.53,10.77
Hagenow,53.42,11.23
Hagermarsch,53.65,7.30
Hagnau am Bodensee,47.67,9.32
Hahausen,51.95,10.22
Hahn,49.97,7.27
Hahn am See,50.53,7.88
Hahn bei Marienberg,50.63,7.94
Hahnbach,49.53,11.80
Hahnenbach,49.81,7.42
Hahnheim,49.86,8.24
Hahnstätten,50.30,8.07
Hahnweiler,49.57,7.22
Haibach,49.02,12.72
Haibach,49.96,9.21
Haida,51.48,13.47
Haidemühl,51.55,14.22
Haiden bei Gars Bahnhof,48.15,12.28
Haidmühle,48.83,13.78
Haiger,50.74,8.21
Haigerloch,48.37,8.80
Haimhausen,48.32,11.55
Haiming,48.22,12.90
Hain,50.71,12.08
Haina,50.99,10.52
Haina (Kloster),51.03,8.97
Hainau,50.22,7.78
Hainburg,50.08,8.93
Hainewalde,50.91,14.70
Hainfeld,49.26,8.10
Hainichen,50.97,13.12
Hainichen,51.00,11.62
Hainrode,51.41,10.70
Hainrode,51.50,11.17
Hainsfarth,48.96,10.62
Hainspitz,50.96,11.84
Haiterbach,48.52,8.64
Hakeborn,51.92,11.37
Hakenstedt,52.18,11.26
Halbe,52.12,13.70
Halbemond,53.57,7.29
Halberstadt,51.90,11.06
Halblech,47.63,10.82
Halbs,50.59,7.96
Haldensleben,52.30,11.43
Haldenwang,47.80,10.35
Haldenwang,48.44,10.45
Halenbeck-Rohlsdorf,53.23,12.28
Halfing,47.95,12.28
Hallabruck,47.87,12.70
Hallbergmoos,48.33,11.75
Halle,51.44,11.99
Halle,51.48,11.97
Halle,51.51,11.91
Halle,51.99,9.57
Halle,52.06,8.36
Halle,52.45,6.92
Hallenberg,51.11,8.62
Hallerndorf,49.76,10.98
Hallgarten,49.76,7.79
Hallschlag,50.35,6.44
Hallstadt,49.93,10.88
Hallungen,51.13,10.33
Halsbach,48.13,12.68
"Halsbach, Kreis Altötting",48.13,12.68
Halsbrücke,50.95,13.35
Halsdorf,49.93,6.37
Halsenbach,50.17,7.56
Halstenbek,53.63,9.85
Haltern am See,51.73,7.17
Halver,51.19,7.50
Halvesbostel,53.36,9.60
Hambach,50.40,7.98
Hamberge,53.83,10.58
Hambergen,53.31,8.83
Hambrücken,49.19,8.54
Hambuch,50.22,7.18
Hamburg,53.43,9.95
Hamburg,53.44,10.25
Hamburg,53.46,9.93
Hamburg,53.48,10.22
Hamburg,53.49,10.14
Hamburg,53.55,10.02
Hamburg,53.55,10.06
Hamburg,53.55,9.99
Hamburg,53.58,9.95
Hamburg,53.59,9.77
Hamburg,53.61,10.17
Hamburg,53.65,10.04
Hamburg,53.66,10.17
Hamburg,53.67,10.12
Hamburg Allermöhe,53.48,10.12
Hamburg Alsterdorf,53.61,10.01
Hamburg Altengamme,53.43,10.27
Hamburg Altenwerder,53.50,9.92
Hamburg Altona-Altstadt,53.55,9.94
Hamburg Altona-Nord,53.56,9.94
Hamburg Altstadt,53.55,10.00
Hamburg Bahrenfeld,53.57,9.91
Hamburg Barmbek-Nord,53.60,10.05
Hamburg Barmbek-Süd,53.58,10.04
Hamburg Bergedorf,53.49,10.23
Hamburg Bergstedt,53.67,10.13
Hamburg Billbrook,53.53,10.09
Hamburg Billstedt,53.54,10.12
Hamburg Billwerder,53.51,10.13
Hamburg Blankenese,53.56,9.80
Hamburg Borgfelde,53.55,10.03
Hamburg Bramfeld,53.61,10.09
Hamburg Cranz,53.54,9.78
Hamburg Curslack,53.45,10.24
Hamburg Dulsberg,53.58,10.06
Hamburg Duvenstedt,53.71,10.09
Hamburg Eidelstedt,53.60,9.92
Hamburg Eilbek,53.57,10.05
Hamburg Eimsbüttel,53.57,9.95
Hamburg Eißendorf,53.45,9.94
Hamburg Eppendorf,53.59,9.98
Hamburg Farmsen-Berne,53.61,10.13
Hamburg Finkenwerder,53.53,9.87
Hamburg Francop,53.51,9.85
Hamburg Fuhlsbüttel,53.63,10.02
Hamburg Groß Borstel,53.61,9.99
Hamburg Groß Flottbek,53.57,9.88
Hamburg Gut Moor,53.45,10.02
Hamburg Hamburg-Altstadt,53.55,10.00
Hamburg Hamm-Mitte,53.55,10.05
Hamburg Hamm-Nord,53.56,10.05
Hamburg Hamm-Süd,53.55,10.05
Hamburg Hammerbrook,53.55,10.03
Hamburg Harburg,53.46,9.98
Hamburg Harvestehude,53.58,9.99
Hamburg Hausbruch,53.47,9.89
Hamburg Heimfeld,53.47,9.96
Hamburg Hoheluft-Ost,53.58,9.98
Hamburg Hoheluft-West,53.58,9.97
Hamburg Hohenfelde,53.56,10.03
Hamburg Horn,53.55,10.10
Hamburg Hummelsbüttel,53.65,10.05
Hamburg Iserbrook,53.58,9.83
Hamburg Jenfeld,53.58,10.13
Hamburg Kirchwerder,53.44,10.17
Hamburg Kleiner Grasbrook,53.53,9.99
Hamburg Klostertor,53.54,10.01
Hamburg Langenbek,53.43,9.99
Hamburg Langenhorn,53.66,10.01
Hamburg Lemsahl-Mellingstedt,53.68,10.09
Hamburg Lohbrügge,53.51,10.20
Hamburg Lokstedt,53.60,9.96
Hamburg Lurup,53.59,9.87
Hamburg Marienthal,53.56,10.09
Hamburg Marmstorf,53.43,9.96
Hamburg Moorburg,53.49,9.93
Hamburg Moorfleet,53.51,10.08
Hamburg Neuenfelde,53.52,9.80
Hamburg Neuengamme,53.45,10.22
Hamburg Neugraben-Fischbek,53.48,9.85
Hamburg Neuland,53.47,10.03
Hamburg Neustadt,53.55,9.98
Hamburg Neuwerk,53.92,8.50
Hamburg Niendorf,53.62,9.96
Hamburg Nienstedten,53.55,9.86
Hamburg Ochsenwerder,53.47,10.09
Hamburg Ohlsdorf,53.62,10.04
Hamburg Osdorf,53.57,9.85
Hamburg Othmarschen,53.55,9.89
Hamburg Ottensen,53.55,9.92
Hamburg Poppenbüttel,53.66,10.07
Hamburg Rahlstedt,53.61,10.19
Hamburg Reitbrook,53.47,10.14
Hamburg Rissen,53.58,9.76
Hamburg Rothenburgsort,53.54,10.04
Hamburg Rotherbaum,53.57,9.99
Hamburg Rönneburg,53.43,10.01
Hamburg Sankt Georg,53.56,10.01
Hamburg Sankt Pauli,53.55,9.97
Hamburg Sasel,53.65,10.12
Hamburg Schnelsen,53.64,9.93
Hamburg Sinstorf,53.42,9.99
Hamburg Spadenland,53.48,10.07
Hamburg Steilshoop,53.62,10.06
Hamburg Steinwerder,53.54,9.96
Hamburg Stellingen,53.59,9.94
Hamburg Sülldorf,53.59,9.80
Hamburg Tatenberg,53.49,10.08
Hamburg Tonndorf,53.59,10.12
Hamburg Uhlenhorst,53.57,10.02
Hamburg Veddel,53.53,10.02
Hamburg Volksdorf,53.65,10.18
Hamburg Waltershof,53.53,9.92
Hamburg Wandsbek,53.58,10.09
Hamburg Wellingsbüttel,53.64,10.09
Hamburg Wilhelmsburg,53.50,10.02
Hamburg Wilstorf,53.44,9.98
Hamburg Winterhude,53.60,10.01
Hamburg Wohldorf-Ohlstedt,53.70,10.13
Hambühren,52.63,9.98
Hamdorf,54.23,9.52
Hameln,52.10,9.37
Hameln,52.12,9.34
Hamersen,53.26,9.48
Hamfelde in Holstein,53.60,10.45
Hamfelde in Lauenburg,53.60,10.45
Hamm,49.73,8.43
Hamm,50.02,6.42
Hamm,50.77,7.68
Hamm,51.64,7.73
Hamm,51.65,7.86
Hamm,51.67,7.84
Hamm,51.69,7.74
Hamm,51.69,7.87
Hamma,51.43,10.89
Hammah,53.62,9.37
Hammelburg,50.12,9.89
Hammelspring,53.07,13.43
Hammer,52.88,13.44
Hammer,53.60,13.98
Hammerbrücke,50.44,12.41
Hammersbach,50.22,8.98
Hammerstedt,50.95,11.45
Hammerstein,50.48,7.35
Hamminkeln,51.73,6.59
Hammoor,53.71,10.32
Hamwarde,53.45,10.42
Hamweddel,54.18,9.62
Hanau,50.13,8.92
Handeloh,53.25,9.84
Handelsgesellschaft Sparrenberg,52.02,8.52
Handelsverband Deutschland (HDE),52.52,13.39
Handelsvertretung der GUS,50.91,6.91
Handewitt,54.76,9.32
Handorf,53.34,10.35
Handrup,52.56,7.58
Handwerkskammer Dortmund,51.49,7.46
Handwerkskammer Karlsruhe,49.01,8.40
Handwerkskammer Koblenz,50.35,7.59
Handwerkskammer Lübeck,53.87,10.69
Handwerkskammer Niederbayern-Oberpfalz,48.57,13.46
Handwerkskammer Ulm,48.40,9.99
Handwerkskammer für Oberfranken,49.94,11.60
Handwerkskammer für Schwaben,48.35,10.92
Handwerkskammer für Unterfranken,49.80,9.94
Hanerau-Hademarschen,54.13,9.42
Hangen-Weisheim,49.71,8.18
Hanhofen,49.32,8.34
Hankensbüttel,52.73,10.60
Hannover,52.33,9.70
Hannover,52.34,9.77
Hannover,52.37,9.74
Hannover,52.37,9.75
Hannover,52.39,9.85
Hannoversch Münden,51.42,9.65
Hanroth,50.58,7.65
"Hans Kogel, Honighaus Bienenfleiß",53.63,9.95
Hansa Baugenossenschaft eG,53.59,10.06
Hansestadt Stade Abteilung Personal u. innere Dienste,53.60,9.48
Hansestadt Uelzen,52.96,10.56
Hanshagen,53.81,11.15
Hanshagen,54.05,13.54
Hanstedt,53.27,10.02
Hanstedt I,53.05,10.37
Hanstorf,54.04,11.95
Hanum,52.69,10.86
Happurg,49.49,11.47
Harald Reif Dipl.-Betriebswirt,50.05,8.20
Harbach,50.85,7.83
Harbarnsen,51.98,9.97
Harbke,52.19,11.05
Harburg,48.79,10.69
Hardebek,53.99,9.87
Hardegsen,51.65,9.83
Hardert,50.52,7.52
Hardheim,49.61,9.47
Hardisleben,51.15,11.42
Hardt,48.18,8.42
Hardt,50.63,7.92
Hardthausen am Kocher,49.26,9.39
Haren,52.79,7.18
Hargarten,50.10,6.40
Hargesheim,49.87,7.83
Harkensee,53.96,10.98
Harkerode,51.69,11.40
Harmonic Drive,50.41,8.07
Harmsdorf,53.70,10.72
Harmsdorf,54.24,10.83
Harmstorf,53.35,9.98
Harpstedt,52.91,8.59
Harra,50.42,11.68
Harrassowitz Wissenschaftliche Buchhandlung,50.06,8.29
Harrislee,54.80,9.38
Harschbach,50.58,7.60
Harscheid,50.46,6.89
Harsdorf,50.03,11.57
Harsefeld,53.45,9.50
Harsewinkel,51.96,8.23
Harsleben,51.87,11.10
Harspelt,50.13,6.17
Harsum,52.21,9.96
Hartenfels,50.57,7.79
Hartenholm,53.90,10.06
Hartenstein,49.60,11.52
Hartenstein,50.66,12.67
Hartenstein Hartenstein,50.66,12.67
Hartenstein Thierfeld,50.67,12.69
Hartenstein Zschocken,50.67,12.65
Harth-Pöllnitz,50.77,11.98
Harth-Pöllnitz Birkhausen,50.78,11.92
Harth-Pöllnitz Birkigt,50.75,11.97
Harth-Pöllnitz Burkersdorf,50.79,12.01
Harth-Pöllnitz Forstwolfersdorf,50.74,11.97
Harth-Pöllnitz Frießnitz,50.78,11.99
Harth-Pöllnitz Grochwitz,50.77,12.01
Harth-Pöllnitz Großebersdorf,50.79,11.96
Harth-Pöllnitz Köckritz,50.79,12.05
Harth-Pöllnitz Köfeln,50.79,12.04
Harth-Pöllnitz Neundorf,50.77,11.98
Harth-Pöllnitz Niederpöllnitz,50.76,11.96
Harth-Pöllnitz Nonnendorf,50.80,12.02
Harth-Pöllnitz Rohna,50.75,11.99
Harth-Pöllnitz Struth,50.78,11.96
Harth-Pöllnitz Uhlersdorf,50.74,11.94
Harth-Pöllnitz Wetzdorf,50.75,11.94
Hartha,51.10,12.97
Harthausen,49.29,8.35
Hartheim,47.93,7.63
Hartmannsdorf,50.90,12.00
Hartmannsdorf,50.90,12.80
Hartmannsdorf,50.96,11.98
Hartmannsdorf bei Kirchberg,50.58,12.55
Hartmannsdorf-Reichenau,50.82,13.57
Harxheim,49.91,8.26
Harxheim-Zellertal,49.64,8.13
Harzgerode,51.64,11.14
Harzungen,51.55,10.80
Hasbergen,52.24,7.96
Hasborn,50.05,6.92
Haschbach am Remigiusberg,49.53,7.43
Hasel,47.65,7.90
Haselau,53.66,9.62
Haselbach,49.00,12.69
Haselbach,51.07,12.43
Haselbachtal,51.24,14.03
Haselbachtal,51.27,14.14
Haseldorf,53.64,9.59
Haselund,54.60,9.18
Haselünne,52.67,7.48
Hasenkrug,53.98,9.85
Hasenmoor,53.90,9.98
Haserich,50.03,7.33
Haslach im Kinzigtal,48.28,8.09
Hasloch,49.79,9.49
Hasloh,53.69,9.92
Hassel,52.64,11.93
Hassel (Weser),52.80,9.21
Hasselbach,50.03,7.45
Hasselbach,50.72,7.52
Hasselberg,54.72,9.98
Hasselfelde,51.69,10.85
Hasselroth,50.17,9.10
Hassendorf,53.11,9.26
Haste,52.38,9.39
Hatten,53.02,8.35
Hattenhofen,48.22,11.12
Hattenhofen,48.67,9.57
Hattersheim,50.08,8.48
Hattert,50.67,7.77
Hattgenstein,49.70,7.15
Hattingen,51.40,7.18
Hattorf am Harz,51.65,10.24
Hattstedt,54.53,9.03
Hattstedtermarsch,54.55,9.00
Hatzenbühl,49.11,8.25
Hatzenport,50.23,7.42
Hatzfeld (Eder),51.01,8.59
Hauenstein,49.19,7.85
Haundorf,49.18,10.77
Hauneck,50.82,9.73
Haunetal,50.77,9.67
Haunsheim,48.60,10.37
Hauptstuhl,49.40,7.48
Hauroth,50.25,7.10
Haus Maria Elisabeth,50.09,8.44
Haus St. Ulrich Tagungs- u.Seelsorge- zentrum der Diözese Augsburg KdöR,48.36,10.90
Hausach,48.28,8.18
Hausbay,50.11,7.56
Hausen,48.86,12.01
Hausen,49.69,11.03
Hausen,49.87,7.37
Hausen,49.87,9.21
Hausen,50.51,10.13
Hausen,51.38,10.37
Hausen (Wied),50.55,7.42
Hausen am Bussen,48.21,9.63
Hausen am Tann,48.20,8.84
Hausen bei Würzburg,49.93,10.02
Hausen im Wiesental,47.68,7.85
Hausen ob Verena,48.05,8.72
Hausham,47.75,11.84
Hausneindorf,51.84,11.27
Haussömmern,51.18,10.82
Hausten,50.40,7.12
Hausweiler,49.65,7.57
Hauteroda,51.27,11.28
Hauzenberg,48.65,13.63
Havekost,53.55,10.47
Havelaue,52.72,12.26
Havelberg,52.83,12.08
Havelsee,52.49,12.47
Haverlah,52.05,10.33
Havetoft,54.65,9.52
Havetoftloit,54.66,9.56
Havixbeck,51.98,7.42
Hawangen,47.97,10.27
Hayingen,48.28,9.48
Hayn,51.57,11.08
Haynrode,51.45,10.45
Haynsburg,51.02,12.07
Haßbergen,52.73,9.23
Haßfurt,50.04,10.52
Haßleben,51.11,11.00
Haßloch,49.36,8.26
Haßmersheim,49.30,9.15
Haßmoor,54.30,9.82
Hebertsfelden,48.41,12.82
Hebertshausen,48.29,11.47
Hechingen,48.35,8.96
Hechthausen,53.64,9.24
Heckelberg-Brunow,52.73,13.86
Heckelberg-Brunow Brunow,52.73,13.87
Heckelberg-Brunow Heckelberg,52.74,13.84
Hecken,49.92,7.40
Heckenbach,50.47,7.05
Heckenmünster,49.90,6.78
Heckhuscheid,50.18,6.22
Hecklingen,51.85,11.53
Hecklingen bei Staßfurt,51.85,11.53
Heddert,49.65,6.75
Heddesbach,49.48,8.83
Heddesheim,49.51,8.60
Hedeper,52.07,10.68
Hedersleben,51.55,11.65
Hedersleben,51.86,11.25
Hedwigenkoog,54.18,8.85
Heede,52.99,7.30
Heede,53.78,9.80
Heek,52.12,7.10
Heemsen,52.70,9.27
Heemsen Anderten,52.74,9.32
Heemsen Gadesbünden,52.71,9.27
Heemsen Heemsen,52.74,9.26
Heemsen Lichtenmoor,52.71,9.30
Heere,52.07,10.25
Heeren,52.54,11.89
Heerstedt,53.47,8.76
Heeslingen,53.32,9.33
Heeßen,52.23,9.10
Hefersweiler,49.60,7.68
Hehlen,51.99,9.47
Heichelheim,51.05,11.32
Heide,54.20,9.10
Heideblick,51.81,13.66
Heideblick Beesdau,51.79,13.74
Heideblick Bornsdorf,51.77,13.69
Heideblick Falkenberg,51.85,13.57
Heideblick Gehren,51.80,13.65
Heideblick Goßmar,51.82,13.70
Heideblick Langengrassau,51.83,13.64
Heideblick Pitschen-Pickel,51.87,13.59
Heideblick Riedebeck,51.81,13.68
Heideblick Waltersdorf,51.82,13.65
Heideblick Weißack,51.75,13.69
Heideblick Wüstermarke,51.82,13.60
Heideck,49.13,11.13
Heideeck,51.83,13.20
Heidekamp,53.85,10.50
Heideland,51.00,11.91
Heidelberg,49.41,8.69
Heiden,51.83,6.93
Heidenau,50.97,13.87
Heidenau,53.32,9.67
Heidenburg,49.80,6.92
Heidenheim,49.02,10.74
Heidenheim an der Brenz,48.68,10.14
Heidenheim an der Brenz,48.69,10.16
Heidenrod,50.16,7.95
Heidersdorf,50.68,13.40
Heidesheim am Rhein,50.00,8.13
Heidgraben,53.71,9.68
Heidhof,53.17,11.23
Heidmoor,53.83,9.85
Heidmühlen,53.97,10.08
"Heidorn, Rechtsanwalt",53.68,10.00
Heidweiler,49.92,6.75
Heigenbrücken,50.03,9.37
Heikendorf,54.37,10.20
Heilbach,50.05,6.28
Heilbad Heiligenstadt,51.38,10.14
Heilberscheid,50.42,7.88
Heilbronn,49.14,9.22
Heilbronn,49.16,9.22
Heilenbach,50.07,6.47
Heilig Geist Hospital,49.97,7.90
Heiligenberg,47.82,9.31
Heiligenfelde,52.83,11.50
Heiligengrabe,53.14,12.36
Heiligengrabe Blandikow,53.12,12.38
Heiligengrabe Blesendorf,53.20,12.33
Heiligengrabe Blumenthal,53.08,12.37
Heiligengrabe Grabow bei Blumenthal,53.08,12.40
Heiligengrabe Jabel,53.17,12.43
Heiligengrabe Liebenthal,53.15,12.40
Heiligengrabe Maulbeerwalde,53.18,12.35
Heiligengrabe Papenbruch,53.13,12.43
Heiligengrabe Rosenwinkel,53.05,12.37
Heiligengrabe Wernikow,53.22,12.43
Heiligengrabe Zaatzke,53.18,12.40
Heiligenhafen,54.37,10.98
Heiligenhagen,54.01,11.94
Heiligenhaus,51.33,6.97
Heiligenmoschel,49.55,7.77
Heiligenroth,50.39,7.82
Heiligenstadt,49.86,11.17
Heiligenstedten,53.93,9.47
Heiligenstedtenerkamp,53.90,9.47
Heiligenthal,51.61,11.63
Heiligenthal,53.22,10.34
Heiligkreuzsteinach,49.48,8.79
Heilingen,50.77,11.46
Heilsbronn,49.34,10.79
Heilshoop,53.88,10.53
Heimbach,49.62,7.25
Heimbach,50.64,6.47
Heimborn,50.70,7.75
Heimbuchenthal,49.89,9.30
Heimburg,51.82,10.91
Heimenkirch,47.63,9.90
Heimertingen,48.03,10.15
Heimsheim,48.81,8.87
Heimweiler,49.76,7.49
Heinade,51.83,9.63
Heinbockel,53.58,9.33
Heinersbrück,51.82,14.51
Heinersreuth,49.97,11.53
Heiningen,48.66,9.65
Heiningen,52.07,10.56
Heinkenborstel,54.13,9.75
Heinrichsberg,52.27,11.74
Heinrichsruh,53.64,13.92
Heinrichsthal,50.07,9.34
Heinrichswalde,53.61,13.78
Heinsberg,51.06,6.10
Heinsdorfergrund,50.62,12.37
Heinsen,51.88,9.43
Heinzenbach,49.97,7.42
Heinzenberg,49.82,7.48
Heinzenhausen,49.63,7.60
Heisdorf,50.13,6.43
Heist,53.65,9.65
Heistenbach,50.38,7.99
Heitersheim,47.87,7.66
Helbedündorf,51.35,10.62
Helbra,51.55,11.50
Heldenstein,48.25,12.37
Heldrungen,51.30,11.22
Helferskirchen,50.51,7.81
Helgoland,54.18,7.89
Helle,53.17,12.03
Hellenhahn-Schellenberg,50.61,8.03
Hellenthal,50.44,6.44
Hellerau,51.12,13.75
Hellertshausen,49.82,7.28
Hellingen,50.25,10.68
Hellschen-Heringsand-Unterschaar,54.20,8.85
Hellwege,53.07,9.24
Helmbrechts,50.24,11.72
Helmenzen,50.69,7.62
Helmeroth,50.73,7.73
Helmholtz Zentrum München,48.22,11.59
Helmsdorf,51.30,10.35
Helmstadt,49.76,9.71
Helmstadt-Bargen,49.31,9.00
Helmstedt,52.23,11.01
Helmstorf,54.28,10.60
Helpsen,52.31,9.12
Helpsen Helpsen,52.31,9.12
Helpsen Kirchhorsten,52.30,9.13
Helpsen Südhorsten,52.30,9.13
Helpt,53.51,13.59
Helsa,51.26,9.69
Helse,53.97,9.01
Heltersberg,49.32,7.72
Helvesiek,53.22,9.49
Hemau,49.04,11.85
Hemdingen,53.77,9.83
Hemer,51.39,7.77
Hemhofen,49.68,10.93
Hemleben,51.25,11.22
Hemme,54.28,9.02
Hemmelzen,50.69,7.58
Hemmersheim,49.56,10.10
Hemmingen,48.87,9.03
Hemmingen,52.31,9.72
Hemmingstedt,54.15,9.07
Hemmoor,53.69,9.15
Hemsbach,49.59,8.65
Hemsbünde,53.09,9.47
Hemslingen,53.08,9.60
Hemsloh,52.60,8.51
Hemstedt,52.57,11.43
Henau,49.87,7.50
Hendungen,50.39,10.35
Henfenfeld,49.50,11.39
Henfstädt,50.52,10.59
Hengersberg,48.77,13.05
Henneberg,50.49,10.35
Hennef,50.78,7.28
Hennersdorf,51.64,13.61
Hennickendorf,52.51,13.85
Hennigsdorf,52.64,13.20
Henningen,52.84,10.96
Hennstedt,54.03,9.72
Hennstedt,54.28,9.17
Hennweiler,49.82,7.43
Henschleben,51.13,10.97
Henschtal,49.47,7.40
Henstedt-Ulzburg,53.80,9.97
Hentern,49.62,6.70
Hepberg,48.82,11.46
Heppenheim (Bergstraße),49.64,8.64
Hepstedt,53.26,9.08
Herbersdorf,51.86,13.29
Herbertingen,48.07,9.43
Herbolzheim,48.22,7.78
Herborn,49.77,7.30
Herborn,50.68,8.30
Herbrechtingen,48.62,10.18
Herbsleben,51.12,10.83
Herbstadt,50.33,10.50
Herbstein,50.54,9.39
Herbstmühle,50.00,6.22
Herchweiler,49.51,7.29
Herdecke,51.40,7.44
Herdorf,50.78,7.95
Herdwangen-Schönach,47.85,9.20
Heretsried,48.46,10.74
Herford,52.13,8.64
Herford,52.13,8.70
Herforst,49.95,6.70
Hergatz,47.65,9.83
Hergenfeld,49.90,7.77
Hergenroth,50.58,7.97
Hergensweiler,47.62,9.78
Hergersweiler,49.10,8.09
Hergisdorf,51.53,11.48
Heringen (Werra),50.88,9.99
Heringen/Helme,51.43,10.88
Heringsdorf,53.95,14.17
Heringsdorf,54.30,11.01
Herl,49.73,6.82
Herleshausen,51.01,10.17
Hermannsburg,52.83,10.09
Hermaringen,48.60,10.26
Hermerode,51.60,11.29
Hermersberg,49.32,7.63
Hermeskeil,49.66,6.94
Hermsdorf,50.91,11.93
Hermsdorf,51.41,13.89
Hermsdorf,52.19,11.48
Hermsdorf/Erzgebirge,50.75,13.63
Herne,51.54,7.22
Herold,50.28,7.93
Heroldishausen,51.13,10.52
Heroldsbach,49.69,11.00
Heroldsberg,49.53,11.16
Heroldstatt,48.45,9.67
Heroldstatt Ennabeuren,48.44,9.65
Heroldstatt Sontheim,48.45,9.67
Herpf,50.58,10.33
Herren-Sulzbach,49.65,7.53
Herrenberg,48.60,8.87
Herrengosserstedt,51.14,11.48
Herrenhof,50.84,10.69
Herresbach,50.37,7.02
Herrieden,49.24,10.50
Herrischried,47.67,8.00
Herrmannsacker,51.55,10.87
Herrngiersdorf,48.79,12.07
Herrnhut,51.02,14.74
Herrnschwende,51.22,11.00
Herrsching am Ammersee,48.00,11.18
Herrstein,49.78,7.33
Hersbruck,49.51,11.43
Herschbach,50.58,7.73
Herschbach (Oberwesterwald),50.50,7.93
Herschberg,49.30,7.55
Herschbroich,50.37,6.97
Herschdorf,50.63,11.05
Herscheid,51.19,7.81
Herschweiler-Pettersheim,49.48,7.35
Hersdorf,50.17,6.52
Herten,51.60,7.14
Herth & Buss,50.05,8.80
Herxheim am Berg,49.51,8.18
Herxheim bei Landau/Pfalz,49.14,8.22
Herxheimweyher,49.15,8.26
Herzberg,52.90,12.97
Herzberg,53.53,11.93
Herzberg (Elster),51.68,13.23
Herzberg am Harz,51.66,10.34
Herzebrock-Clarholz,51.90,8.22
Herzfeld,50.13,6.22
Herzfeld,53.32,11.77
Herzfelde,52.48,13.85
Herzfelde,53.20,13.60
Herzhorn,53.78,9.48
Herzlake,52.69,7.60
Herzog August Bibliothek,52.16,10.53
Herzogenaurach,49.57,10.89
Herzogenrath,50.87,6.09
Herzsprung,52.98,13.99
Hesel,53.30,7.60
Hespe,52.33,9.11
Hespe Hespe-Hiddensen,52.33,9.10
Hespe Levesen,52.32,9.12
Hespe Stemmen,52.32,9.11
Hessen,52.02,10.78
Hesseneck,49.57,9.06
Hessigheim,48.99,9.19
Hessisch Lichtenau,51.20,9.72
Hessisch Oldendorf,52.17,9.25
Hessische Landesvertretung,52.51,13.38
Hessischer Kultusminister,50.08,8.24
Hessischer Landtag,50.08,8.24
Hessisches Landessozialgericht und Sozialgericht,49.87,8.64
Hesweiler,50.05,7.28
Heteborn,51.89,11.29
Hetlingen,53.61,9.64
Hetschburg,50.91,11.30
Hettenhausen,49.33,7.55
Hettenleidelheim,49.54,8.07
Hettenrodt,49.74,7.25
Hettenshausen,48.50,11.50
Hettingen,48.22,9.23
Hettstadt,49.80,9.81
Hettstedt,51.65,11.51
Hetzenhausen,48.32,11.67
Hetzerath,49.88,6.82
Hetzles,49.63,11.13
Heubach,48.79,9.93
Heuchelheim,50.58,8.63
Heuchelheim bei Frankenthal,49.56,8.29
Heuchelheim-Klingen,49.15,8.05
Heuchlingen,48.85,9.94
Heuckewalde,50.97,12.15
Heudeber,51.90,10.84
Heuersdorf,51.12,12.39
Heuerßen,52.33,9.28
Heuerßen Heuerßen,52.33,9.28
Heuerßen Kobbensen,52.34,9.29
Heukewalde,50.83,12.27
Heupelzen,50.72,7.62
Heusenstamm,50.06,8.80
Heustreu,50.35,10.26
Heusweiler,49.34,6.93
Heuthen,51.33,10.22
Heuweiler,48.05,7.90
Heuzert,50.70,7.76
Heycom,52.42,9.57
Heyen,52.01,9.50
Heyerode,51.16,10.32
Heygendorf,51.35,11.36
Heynitz,51.09,13.38
Heßdorf,49.63,10.91
Heßheim,49.55,8.31
Heßles,50.75,10.41
Hiddenhausen,52.17,8.62
Hilbersdorf,50.82,12.15
Hilbersdorf,50.91,13.40
Hilchenbach,51.00,8.11
Hildburghausen,50.43,10.73
Hildebrandshausen,51.20,10.22
Hilden,51.17,6.93
Hilders,50.53,9.99
Hildesheim,52.14,9.94
Hildesheim,52.14,9.97
Hildesheim,52.15,9.96
Hildesheim,52.16,9.93
Hildrizhausen,48.62,8.97
Hilgenroth,50.73,7.65
Hilgermissen,52.85,9.17
Hilgert,50.46,7.69
Hilgertshausen-Tandern,48.43,11.35
Hilkenbrook,52.98,7.70
Hille,52.33,8.75
Hillerse,52.42,10.40
Hillersleben,52.28,11.48
Hillesheim,49.78,8.26
Hillesheim,50.29,6.67
Hillgroven,54.22,8.88
Hillmersdorf,51.71,13.49
Hillscheid,50.41,7.70
Hilpoltstein,49.19,11.19
Hilscheid,49.73,7.00
Hilst,49.13,7.53
Hiltenfingen,48.16,10.72
Hilter am Teutoburger Wald,52.16,8.15
Hilti,48.08,10.86
Hiltpoltstein,49.66,11.32
Hilzingen,47.77,8.78
Himbergen,53.09,10.73
Himmelkron,50.07,11.60
Himmelpfort,53.18,13.23
Himmelpforten,53.61,9.31
Himmelstadt,49.92,9.80
Himmighofen,50.21,7.77
Hindenberg,51.85,13.85
Hindenburg,52.75,11.93
Hingstheide,53.90,9.75
Hinrichshagen,53.62,12.67
Hinrichshagen,54.08,13.33
Hinsdorf,51.72,12.15
Hinte,53.42,7.18
Hinte Canhusen,53.44,7.21
Hinte Cirkwehrum,53.44,7.17
Hinte Groß Midlum,53.41,7.16
Hinte Hinte,53.42,7.19
Hinte Loppersum,53.43,7.24
Hinte Osterhusen,53.42,7.20
Hinte Suurhusen,53.41,7.22
Hinte Westerhusen,53.41,7.18
Hinterschmiding,48.82,13.60
Hintersee,53.63,14.26
Hintertiefenbach,49.73,7.35
Hinterweidenthal,49.20,7.75
Hinterweiler,50.24,6.76
Hinterzarten,47.90,8.11
Hinzenburg,49.67,6.73
Hinzert-Pölert,49.70,6.90
Hinzweiler,49.58,7.55
Hipstedt,53.48,8.97
Hirrlingen,48.41,8.89
Hirschaid,49.82,10.99
Hirschau,49.54,11.95
Hirschbach,49.55,11.53
Hirschberg,50.38,7.92
Hirschberg,50.41,11.82
Hirschberg an der Bergstraße,49.51,8.67
Hirschfeld,49.90,7.24
Hirschfeld,50.63,12.47
Hirschfeld,50.95,12.18
Hirschfeld,51.38,13.62
Hirschfelde,50.94,14.89
Hirschfelde,52.64,13.80
Hirschfelde Dittelsdorf,50.95,14.88
Hirschhorn,49.45,8.90
Hirschhorn,49.52,7.68
Hirschroda,51.21,11.68
Hirschstein,51.26,13.40
Hirschthal,49.03,7.75
Hirten,50.33,7.10
Hirz-Maulsbach,50.68,7.48
Hirzenhain,50.40,9.13
Hisel,49.96,6.37
Hittbergen,53.34,10.59
Hitzacker,53.16,11.00
Hitzacker Bahrendorf,53.19,10.95
Hitzacker Grabau,53.13,11.08
Hitzacker Gut Hagen,53.14,11.02
Hitzacker Harlingen,53.15,10.98
Hitzacker Hitzacker,53.15,11.04
Hitzacker Kähmen,53.12,11.05
Hitzacker Leitstade,53.16,10.90
Hitzacker Meudelfitz,53.16,10.99
"Hitzacker Meudelfitz, Eichengrund",53.15,11.02
"Hitzacker Meudelfitz, Gut Meudelfitz",53.16,11.01
Hitzacker Nienwedel,53.13,11.01
Hitzacker Posade,53.16,10.96
Hitzacker Pussade,53.15,10.99
Hitzacker Sarchem,53.15,11.00
Hitzacker Seerau,53.13,11.06
Hitzacker Tiesmesland,53.19,10.98
Hitzacker Tießau,53.18,10.98
Hitzacker Wietzetze bei Hitzacker,53.18,10.93
Hitzacker Wussegel,53.06,11.08
Hitzhofen,48.85,11.32
Hitzhusen,53.92,9.85
Hobeck,52.08,12.04
Hobein,50.63,7.06
Hochborn,49.72,8.20
Hochdonn,54.03,9.28
Hochdorf,48.03,9.79
Hochdorf,48.69,9.46
Hochdorf-Assenheim,49.42,8.28
Hochheim,51.02,10.67
Hochheim am Main,50.01,8.35
Hochkirch,51.15,14.57
Hochsauerlandkreis Der Landrat,51.39,8.06
Hochsauerlandkreis Der Landrat in Meschede,51.34,8.28
Hochscheid,49.88,7.22
Hochschulstart,51.51,7.45
Hochspeyer,49.44,7.89
Hochstadt,49.25,8.21
Hochstadt am Main,50.15,11.17
Hochstein,49.58,7.84
Hochstetten-Dhaun,49.80,7.50
Hochstätten,49.77,7.83
Hochtaunus-Kliniken gGmbH,50.21,8.62
Hockenheim,49.32,8.55
Hockweiler,49.70,6.69
Hodenhagen,52.77,9.59
Hodorf,53.90,9.43
Hof,50.32,11.92
Hof,50.67,8.02
Hofbieber,50.59,9.84
Hoffeld,50.37,6.82
Hoffeld,54.20,10.00
Hofgeismar,51.50,9.38
Hofheim am Taunus,50.09,8.45
Hofheim in Unterfranken,50.14,10.52
Hofkirchen,48.68,13.12
Hofreuth bei Wörnsmühl,47.83,11.92
Hofstetten,48.01,10.97
Hofstetten,48.26,8.07
Hohberg,48.42,7.92
Hohburg,51.41,12.81
Hohen Demzin,53.72,12.54
Hohen Neuendorf,52.68,13.28
Hohen Pritz,53.63,11.89
Hohen Sprenz,53.91,12.19
Hohen Viecheln,53.78,11.51
Hohen Wangelin,53.61,12.42
Hohen-Sülzen,49.62,8.23
Hohenahr,50.67,8.49
Hohenaltheim,48.78,10.53
Hohenaspe,53.99,9.53
Hohenau,48.85,13.49
Hohenberg an der Eger,50.09,12.22
Hohenberg-Krusemark,52.72,11.95
Hohenbocka,51.43,14.01
Hohenbollentin,53.79,13.02
Hohenbrunn,48.05,11.70
Hohenbrück-Neu Schadow,52.09,13.92
Hohenbrünzow,53.82,13.14
Hohenbucko,51.77,13.47
Hohenburg,49.30,11.80
Hohendodeleben,52.10,11.50
Hohendorf,54.03,13.73
Hohendubrau,51.24,14.67
Hohenerxleben,51.85,11.65
Hohenfelde,53.63,10.47
Hohenfelde,53.84,9.62
Hohenfelde,54.08,11.91
Hohenfelde,54.37,10.50
Hohenfelden,50.88,11.16
Hohenfels,47.88,9.11
Hohenfels,49.20,11.85
Hohenfels-Essingen,50.25,6.73
Hohenfinow,52.81,13.92
Hohenfurch,47.85,10.90
Hohengandern,51.37,9.95
Hohengöhren,52.62,12.04
Hohenhameln,52.26,10.06
Hohenhorn,53.48,10.36
Hohenkammer,48.42,11.53
Hohenkirchen,50.85,10.70
Hohenleimbach,50.42,7.07
Hohenleipisch,51.50,13.55
Hohenlepte,51.95,12.01
Hohenleuben,50.71,12.05
Hohenlinden,48.16,11.99
Hohenlockstedt,53.97,9.62
Hohenmocker,53.82,13.18
Hohenmölsen,51.16,12.10
Hohenpeißenberg,47.80,11.00
Hohenpolding,48.38,12.13
Hohenreinkendorf,53.23,14.33
Hohenroda,50.80,9.90
Hohenroth,50.32,10.18
Hohensaaten,52.87,14.14
Hohenseefeld,51.89,13.30
Hohenselchow,53.20,14.28
Hohenstadt,48.54,9.66
Hohenstein,48.33,9.33
Hohenstein,50.20,8.07
Hohenstein,51.49,10.58
Hohenstein Bernloch,48.36,9.33
Hohenstein Eglingen,48.35,9.43
Hohenstein Meidelstetten,48.35,9.31
Hohenstein Oberstetten,48.33,9.33
Hohenstein Ödenwaldstetten,48.35,9.37
Hohenstein-Ernstthal,50.80,12.71
Hohentengen,48.03,9.38
Hohentengen am Hochrhein,47.57,8.43
Hohenthann,48.66,12.03
Hohenthurm,51.52,12.10
Hohentramm,52.71,11.15
Hohenwarsleben,52.18,11.50
Hohenwart,48.59,11.38
Hohenwarte,50.60,11.48
Hohenwarth,49.20,12.93
Hohenwarthe,52.23,11.72
Hohenwestedt,54.09,9.65
Hohenwulsch,52.67,11.60
Hohenwutzen,52.84,14.12
Hohenziatz,52.18,12.05
Hohenzieritz,53.44,13.10
Hohenöllen,49.62,7.63
Hohenölsen,50.74,12.09
Hohes Kreuz,51.42,10.10
Hohlstedt,50.96,11.48
Hohn,54.30,9.50
Hohndorf,50.74,12.68
Hohne,52.59,10.38
Hohnhorst,52.37,9.37
Hohnhorst Hohnhorst,52.37,9.37
Hohnhorst Ohndorf,52.36,9.35
Hohnhorst Rehren A.R.,52.37,9.34
Hohnstein,50.98,14.11
Hohnstorf (Elbe),53.37,10.55
Hohwacht,54.32,10.67
Hohwald,51.04,14.22
Hoisdorf,53.65,10.32
Holdenstedt,51.48,11.45
Holdorf,52.58,8.12
Holdorf,53.73,11.06
Holenberg,51.92,9.58
Holldorf,53.47,13.27
Holle,52.09,10.16
Holleben,51.44,11.90
Hollen,53.42,8.70
Hollenbach,48.48,11.07
Hollenbek,53.59,10.82
Hollenstedt,53.37,9.72
Holler,50.42,7.83
Hollern-Twielenfleth,53.60,9.55
Hollfeld,49.94,11.29
Hollingstedt,54.29,9.23
Hollingstedt,54.46,9.34
Hollister Inc. NL Deutschland,48.18,11.63
Hollnich,50.07,7.48
Hollnseth,53.58,9.10
Hollstadt,50.35,10.30
Holm,53.62,9.67
Holm,54.83,8.87
Holste,53.37,8.83
Holstenniendorf,54.04,9.35
Holsthum,49.89,6.41
Holt,54.82,9.15
Holtgast,53.63,7.58
Holthusen,53.54,11.35
Holtland,53.28,7.58
Holtsee,54.40,9.85
Holungen,51.49,10.39
Holzappel,50.34,7.85
Holzbach,49.95,7.53
Holzbunge,54.38,9.70
Holzdorf,51.78,13.13
Holzdorf,54.55,9.88
Holzen,51.93,9.67
Holzerath,49.68,6.76
Holzgerlingen,48.64,9.01
Holzgünz,48.02,10.26
Holzhausen,52.63,11.55
Holzhausen an der Haide,50.22,7.83
Holzheim,48.38,10.10
Holzheim,48.51,10.53
Holzheim,48.61,10.95
Holzheim,50.35,8.05
Holzheim am Forst,49.15,12.00
Holzkirch,48.53,10.00
Holzkirchen,47.88,11.70
Holzkirchen,49.78,9.68
Holzmaden,48.63,9.52
Holzminden,51.83,9.45
Holzsußra,51.28,10.68
Holzweißig,51.60,12.31
Holzwickede,51.50,7.63
Homberg,49.65,7.52
Homberg,50.64,8.11
Homberg (Efze),51.03,9.40
Homberg (Ohm),50.73,9.00
Homburg,49.33,7.34
Hommel Hercules,49.54,8.59
Hommerdingen,49.92,6.32
Honerath,50.38,6.90
Honigsee,54.23,10.18
Hontheim,50.07,6.98
Hooge,54.57,8.55
Hoogstede,52.58,6.95
Hoort,53.48,11.36
Hopferau,47.62,10.63
Hopfgarten,50.98,11.27
Hoppenrade,53.04,12.06
Hoppenrade,53.73,12.27
Hoppstädten,49.70,7.53
Hoppstädten-Weiersbach,49.62,7.20
Hopsten,52.38,7.60
Horath,49.81,6.99
Horb am Neckar,48.49,8.67
Horbach,49.33,7.65
Horbach,49.82,7.52
Horbach,50.37,7.85
Horben,47.93,7.87
Horbruch,49.88,7.23
Horburg-Maßlau,51.37,12.18
Horgau,48.40,10.68
Horgenzell,47.80,9.50
Horhausen,50.37,7.90
Horhausen,50.59,7.53
Horka,51.30,14.90
Horla,51.53,11.18
Hormersdorf,50.67,12.88
Horn,50.05,7.53
Horn-Bad Meinberg,51.89,8.96
Hornbach,49.19,7.37
Hornbek,53.57,10.63
Hornberg,48.21,8.23
Hornburg,51.45,11.59
Hornburg,52.03,10.60
Horne/Tomadich,53.68,10.00
Horneburg,53.51,9.58
Hornhausen,52.05,11.17
Hornow-Wadelsdorf,51.62,14.49
Hornstorf,53.91,11.53
Hornsömmern,51.22,10.82
Horperath,50.25,6.95
Horrweiler,49.90,7.97
Horschbach,49.58,7.53
Horst,53.63,10.77
Horst,54.14,13.22
Horst (Holstein),53.82,9.62
Horstdorf,51.82,12.43
Horstedt,53.18,9.23
Horstedt,54.52,9.07
Horstmar,52.08,7.31
Hosena,51.45,14.03
Hosenfeld,50.51,9.48
Hosten,49.90,6.62
Hottelstedt,51.04,11.23
Hottenbach,49.82,7.30
Hottendorf,52.53,11.53
Hoya,52.81,9.14
Hoyerhagen,52.83,9.08
Hoyershausen,52.02,9.75
Hoyerswerda,51.44,14.24
Hoym,51.78,11.31
Hoßkirch,47.95,9.45
Hude,54.38,9.22
Hude (Oldenburg),53.12,8.47
Huglfing,47.77,11.17
Hugo Vogelsang Bandstahl,51.37,7.55
Hugoldsdorf,54.15,12.75
Huisheim,48.83,10.70
Huje,53.98,9.43
Humana Milchunion eG,52.08,8.62
Humboldt-Krankenhaus,52.59,13.31
Hummelfeld,54.47,9.72
Hummelshain,50.77,11.63
Hummeltal,49.90,11.52
Humptrup,54.87,8.87
Hundeluft,51.97,12.34
Hunderdorf,48.95,12.73
Hundeshagen,51.43,10.28
Hundhaupten,50.83,11.98
Hunding,48.84,13.18
Hundsangen,50.45,7.98
Hundsbach,49.72,7.55
Hundsdorf,50.47,7.70
Hundshübel,50.54,12.57
Hungen,50.47,8.89
Hungenroth,50.13,7.60
Hunkemöller,51.35,12.17
Hunzel,50.25,7.84
Hupperath,50.00,6.83
Hurlach,48.12,10.81
Husby,54.77,9.58
Husemann Assecuranz,51.72,8.72
Husum,52.57,9.25
Husum,54.49,9.05
Hutthurm,48.67,13.47
Huy-Neinstedt,51.97,10.91
Häg-Ehrsberg,47.74,7.91
Hägen,54.25,9.15
Hähnichen,51.37,14.86
Hämelhausen,52.78,9.28
Hämerten,52.59,11.99
Härtlingen,50.52,7.92
Häusern,47.75,8.17
Häuslingen,52.81,9.39
Höchberg,49.78,9.88
Höchenschwand,47.73,8.17
Höchheim,50.37,10.45
Höchst im Odenwald,49.80,9.00
Höchstadt an der Aisch,49.71,10.81
Höchstberg,50.25,7.00
Höchstenbach,50.63,7.74
Höchstädt an der Donau,48.61,10.57
Höchstädt im Fichtelgebirge,50.10,12.08
Höckendorf,50.93,13.59
Hödingen,52.30,11.10
Höfen an der Enz,48.80,8.58
Höfer,52.68,10.25
Höffner Möbelgeschäft,51.35,12.17
Högel,54.65,9.07
Högersdorf,53.92,10.28
Högsdorf,54.25,10.62
Höhbeck,53.06,11.43
Höhbeck Brünkendorf,53.05,11.43
Höhbeck Pevestorf,53.06,11.45
Höhbeck Restorf,53.04,11.44
Höhbeck Schwedenschanze,53.07,11.44
Höhbeck Vietze,53.07,11.41
Höheinöd,49.29,7.61
Höheischweiler,49.23,7.55
Höhenkirchen-Siegertsbrunn,48.02,11.72
Höhenland,52.75,13.88
Höhenland Leuenberg,52.72,13.87
Höhenland Steinbeck,52.76,13.88
Höhenland Wölsickendorf-Wollenberg,52.78,13.90
"Höhenland Wölsickendorf-Wollenberg, Wollenberg",52.79,13.90
"Höhenland Wölsickendorf-Wollenberg, Wölsickendorf",52.76,13.90
Höhfröschen,49.25,7.57
Höhn,50.62,7.98
Höhndorf,54.37,10.37
Höhnstedt,51.50,11.74
Höhr-Grenzhausen,50.43,7.67
Hömberg,50.33,7.78
Hönningen,50.47,6.95
Hönow,52.55,13.64
Höpfingen,49.60,9.43
Hörden,51.67,10.28
Hördt,49.17,8.33
Hörgertshausen,48.55,11.87
Höringen,49.56,7.80
Hörnum,54.76,8.29
Hörscheid,50.22,6.87
Hörschhausen,50.25,6.93
Hörselberg,50.97,10.42
Hörselgau,50.92,10.58
Hörsingen,52.28,11.15
Hörstel,52.30,7.58
Hörsten,54.23,9.58
Hörup,54.74,9.10
Hösbach,50.01,9.21
Höslwang,47.95,12.33
Hötensleben,52.12,11.02
Höttingen,49.06,11.01
Hövede,54.25,9.30
Hövelhof,51.82,8.65
Hövels,50.78,7.77
Höwisch,52.87,11.61
Höxter,51.77,9.38
Hübingen,50.36,7.85
Hübitz,51.59,11.55
Hüblingen,50.57,8.08
Hückelhoven,51.06,6.23
Hückeswagen,51.15,7.34
Hüde,52.48,8.38
Hüffelsheim,49.82,7.80
Hüffenhardt,49.29,9.08
Hüffler,49.50,7.38
Hüfingen,47.93,8.49
Hügelsheim,48.80,8.12
Hülben,48.52,9.41
Hüllhorst,52.28,8.67
Hülseburg,53.51,11.19
Hülsede,52.25,9.36
Hülsede Hülsede,52.25,9.36
Hülsede Meinsen,52.26,9.35
Hülsede Schmarrie,52.24,9.37
Hümmel,50.47,6.78
Hümmerich,50.57,7.49
Hümpfershausen,50.67,10.23
Hünfeld,50.68,9.77
Hünfelden,50.33,8.15
Hünstetten,50.23,8.18
Hünxe,51.65,6.78
Hürtgenwald,50.72,6.37
Hürth,50.87,6.87
Hürup,54.75,9.53
Hüsby,54.50,9.48
Hüselitz,52.51,11.81
Hütschenhausen,49.42,7.48
Hüttblek,53.83,10.07
Hütten,50.02,6.25
Hütten,54.43,9.72
Hütten- und Walzwerk- Berufsgenossenschaft,51.50,7.50
Hüttenberg,50.52,8.58
Hüttenrode,51.77,10.90
Hütterscheid,50.00,6.38
Hüttingen,49.93,6.30
Hüttingen an der Kyll,49.97,6.58
Hüttisheim,48.28,9.94
Hüttlingen,48.89,10.10
Hüven,52.78,7.52
IAWR Internationale Arbeitsgemeinschaft der Wasserwerke im Rheineinzugsgebiet,50.95,6.90
IG Bergbau,51.47,7.21
IG Metall Vorstand,50.10,8.67
IHK,50.10,8.75
IHK Halle-Dessau,51.48,11.98
IHK Industrie- und Handelskammer zu Dortmund,51.50,7.48
IHK Saarland,49.23,7.00
IKEA,53.65,9.93
IKK Brandenburg Regionaldirektion Frankfurt (Oder),52.34,14.55
IKK Brandenburg und Berlin,52.50,13.35
IKK Südhessen,49.67,8.61
IKK Südwest,49.45,7.80
IKK classic,48.37,10.92
IKK classic,48.76,8.24
IKK classic,49.33,11.01
IKK classic,50.75,7.06
IKK classic,50.80,6.49
IKK classic,50.80,7.20
IKK classic,50.87,8.02
IKK classic,50.94,6.84
IKK classic,51.36,7.47
IKK classic,51.37,7.67
IKK classic,51.52,7.47
IKK classic,51.55,7.08
IKK classic,51.62,7.20
IKK classic,51.67,8.35
IKK classic,51.76,7.89
IKK classic,51.78,9.38
IKK classic,51.84,6.61
IKK classic,51.85,6.86
IKK classic,51.89,8.37
IKK classic,51.94,7.17
IKK classic,52.12,8.67
IKK classic,52.20,9.08
IKK classic,52.27,7.45
IKK classic,52.31,8.62
IKK classic,53.59,9.93
IKK classic Heilbronn,49.14,9.22
IKK classic Karlsruhe Regionaldirektion der IKK Baden-Württemberg,49.00,8.38
IKK classic Regionaldirektion Essen,51.45,7.01
IKK classic Regionaldirektion Mannheim,49.50,8.50
IKK gesund plus,52.15,11.63
INA-NZ BZA,48.15,11.52
INFOKOM Gütersloh,51.91,8.35
INTERSPORT Deutschland eG,49.18,9.17
IT. NRW,51.24,6.78
ITS Reisen,50.90,7.07
Ibach,47.73,8.07
Ibbenbüren,52.26,7.71
Ichenhausen,48.37,10.31
Ichstedt,51.38,11.20
Ichtershausen,50.88,11.04
Icking,47.95,11.43
Idar-Oberstein,49.71,7.31
Idelberg,50.72,7.72
Iden,52.78,11.91
Idenheim,49.90,6.57
Idesheim,49.88,6.58
Idstedt,54.58,9.52
Idstein,50.22,8.27
Iffeldorf,47.77,11.32
Iffelsdorf,49.50,12.18
Iffezheim,48.82,8.14
Ifta,51.07,10.18
Igel,49.71,6.55
Igensdorf,49.62,11.23
Igersheim,49.49,9.82
Iggensbach,48.73,13.14
Iggingen,48.83,9.88
Igling,48.07,10.80
Ihleburg,52.33,11.92
Ihlewitz,51.64,11.68
Ihlienworth,53.73,8.92
Ihlow,51.87,13.34
Ihlow,52.62,14.07
Ihlow,53.41,7.40
Ihlow Bangstede,53.42,7.39
Ihlow Barstede,53.43,7.37
Ihlow Ihlowerfehn,53.39,7.43
Ihlow Ludwigsdorf,53.42,7.45
Ihlow Ochtelbur,53.41,7.37
Ihlow Ostersander,53.42,7.52
Ihlow Riepe,53.40,7.35
Ihlow Riepsterhammrich,53.38,7.32
Ihlow Simonswolde,53.37,7.40
Ihlow Westerende-Holzloog,53.44,7.40
Ihlow Westerende-Kirchloog,53.44,7.42
Ihringen,48.04,7.65
Ihrlerstein,48.93,11.87
Ilberstedt,51.80,11.67
Ilbesheim,49.69,8.08
Ilbesheim bei Landau in der Pfalz,49.18,8.05
Ilfeld,51.58,10.78
Illerich,50.20,7.18
Illerkirchberg,48.32,10.02
Illerrieden,48.27,10.05
Illertissen,48.22,10.10
Illesheim,49.48,10.38
Illingen,48.96,8.92
Illingen,49.37,7.05
Illmensee,47.86,9.37
Illschwang,49.45,11.68
Ilmenau,50.68,10.92
Ilmmünster,48.48,11.50
Ilmtal,50.73,11.08
Ilsede,52.26,10.20
Ilsenburg,51.87,10.68
Ilsfeld,49.06,9.25
Ilshofen,49.17,9.92
Ilvesheim,49.47,8.57
Immekath,52.63,11.08
Immelborn,50.79,10.28
Immendingen,47.93,8.73
Immenhausen,51.44,9.52
Immenreuth,49.90,11.87
Immenstaad am Bodensee,47.66,9.36
Immenstadt im Allgäu,47.56,10.21
Immenstedt,54.36,9.23
Immerath,50.13,6.95
Immert,49.77,7.02
Immesheim,49.64,8.11
Impflingen,49.16,8.11
Imsbach,49.58,7.88
Imsweiler,49.60,7.80
Inchenhofen,48.51,11.11
Inden,50.84,6.36
Industrie und Handelskammer zu Bochum,51.48,7.22
Industrie- u. Handelskammer,50.36,7.60
Industrie- u. Handelskammer Bodensee-Oberschwaben,47.80,9.62
Industrie- u. Handelskammer Ostwestfalen zu Bielefeld,52.02,8.53
Industrie- u. Handelskammer Ostwestfalen zu Bielefeld Zweigstelle Paderborn,51.73,8.72
Industrie- u. Handelskammer Schwarzwald-Baar-Heuberg,48.06,8.46
Industrie- u. Handelskammer zu Leipzig,51.34,12.37
Industrie- und Handelskammer,52.13,11.64
Industrie- und Handelskammer (IHK),48.70,10.17
Industrie- und Handelskammer Frankfurt,50.12,8.68
Industrie- und Handelskammer Gießen,50.58,8.68
Industrie- und Handelskammer Heilbronn,49.12,9.22
Industrie- und Handelskammer Karlsruhe,49.01,8.40
Industrie- und Handelskammer Lüneburg-Wolfsburg,53.25,10.41
Industrie- und Handelskammer Nürnberg für Mittelfranken,49.45,11.08
Industrie- und Handelskammer Siegen,50.87,8.01
Industrie- und Handelskammer Würzburg - Schweinfurt,49.80,9.91
Industrie- und Handelskammer für Augsburg und Schwaben,48.36,10.90
"Industrie- und Handelskammer für Essen, Mülheim an der Ruhr, Oberhausen zu Essen",51.45,7.01
Industrie- und Handelskammer für München und Oberbayern,48.14,11.57
Industrie- und Handelskammer für Niederbayern,48.57,13.45
Industrie- und Handelskammer für Oberfranken,49.95,11.58
Industrie- und Handelskammer zu Arnsberg,51.39,8.06
Industrie- und Handelskammer zu Kiel,54.33,10.14
Industrie- und Handelskammer zu KÃ¶ln,50.94,6.95
Industrie- und Handelskammer zu Lübeck,53.87,10.67
Industriegewerkschaft Bauen-Agrar-Umwelt,50.17,8.64
Informationsdienst Zentrum für alternative Medien,50.12,8.65
Inforum,50.72,7.12
Ingelbach,50.68,7.71
Ingeleben,52.11,10.87
Ingelfingen,49.30,9.65
Ingelheim am Rhein,49.97,8.06
Ingendorf,49.93,6.45
Ingenried,47.82,10.78
Ingersheim,48.96,9.18
Ingersleben,50.92,10.94
Ingoldingen,48.03,9.74
Ingolstadt,48.72,11.41
Ingolstadt,48.75,11.46
Ingolstadt,48.77,11.41
Innernzell,48.85,13.28
Inning am Ammersee,48.08,11.15
Inning am Holz,48.35,12.08
Insel,52.56,11.75
Insel Hiddensee,54.55,13.10
Insel Poel,54.00,11.43
Insheim,49.16,8.15
Insingen,49.30,10.17
Insul,50.43,6.92
Interfunk eG,48.82,9.06
Inzell,47.76,12.75
Inzigkofen,48.07,9.18
Inzlingen,47.59,7.69
Iphofen,49.70,10.26
Ippenschied,49.87,7.63
Ippesheim,49.60,10.23
Ipsheim,49.53,10.48
Irchenrieth,49.62,12.22
Irlbach,48.84,12.75
Irmenach,49.92,7.19
Irmtraut,50.55,8.07
Irndorf,48.07,8.97
Irrel,49.85,6.46
Irrhausen,50.07,6.20
Irsch,49.60,6.60
Irschenberg,47.83,11.92
Irsee,47.91,10.57
Irxleben,52.17,11.48
Isen,48.21,12.06
Isenburg,50.48,7.60
Isenbüttel,52.43,10.58
Iserlohn,51.32,7.70
Iserlohn,51.37,7.61
Iserlohn,51.38,7.70
Isernhagen,52.43,9.85
Isert,50.73,7.70
Ismaning,48.23,11.68
Isny im Allgäu,47.69,10.04
Ispringen,48.92,8.67
Isselbach,50.40,7.90
Isselburg,51.83,6.46
Isseroda,50.96,11.22
Issersheilingen,51.20,10.65
Issigau,50.38,11.72
Issum,51.53,6.43
Isterberg,52.35,7.15
Itterbeck,52.51,6.80
Ittlingen,49.19,8.93
Itzehoe,53.92,9.52
Itzgrund,50.15,10.90
Itzstedt,53.81,10.16
Iven,53.80,13.43
Ivenack,53.71,12.97
Ivenrode,52.27,11.23
Jabel,53.54,12.54
Jachenau,47.61,11.43
Jacobsdorf,52.33,14.35
Jacobsdorf Jacobsdorf,52.33,14.42
Jacobsdorf Petersdorf bei Briesen,52.37,14.35
Jacobsdorf Pillgram,52.33,14.40
Jacobsdorf Sieversdorf,52.38,14.37
Jade,53.38,8.24
Jaebetz,53.32,12.37
Jagel,54.46,9.54
Jagsal,51.69,13.35
Jagsthausen,49.31,9.47
Jagstzell,49.03,10.10
Jahnsdorf/Erzgebirge,50.75,12.85
Jahrsdorf,54.07,9.63
Jahrstedt,52.56,10.98
Jakobsdorf,54.23,12.93
Jakobsweiler,49.62,7.95
Jameln,53.05,11.08
Jameln Breese im Bruche,53.05,11.09
Jameln Breselenz,53.04,11.06
Jameln Breustian,53.03,11.03
Jameln Hoheluft,53.05,11.02
Jameln Jameln,53.04,11.08
Jameln Jamelner Mühle,53.05,11.10
Jameln Langenhorst,53.04,11.12
Jameln Mehlfien,53.04,11.01
Jameln Platenlaase,53.03,11.01
Jameln Teichlosen,53.03,11.02
Jameln Volkfien,53.04,11.03
Jameln Wibbese,53.05,11.00
Jamlitz,51.99,14.36
Jandelsbrunn,48.73,13.70
Janisroda,51.11,11.78
Janneby,54.63,9.30
Japenzin,53.77,13.45
Jarchau,52.66,11.90
Jardelund,54.83,9.20
Jarmen,53.92,13.34
Jarplund-Weding,54.74,9.42
Jatznick,53.58,13.94
Jauch und Hübener,51.39,6.87
Jeber-Bergfrieden,51.98,12.35
Jeckenbach,49.72,7.60
Jeeben,52.68,11.09
Jeetze,52.74,11.42
Jeggau,52.54,11.21
Jeggeleben,52.76,11.30
Jelmstorf,53.10,10.52
Jembke,52.50,10.77
Jemgum,53.27,7.38
Jena,50.93,11.59
Jenalöbnitz,50.95,11.70
Jengen,48.00,10.73
Jennewitz,54.09,11.79
Jerchel,52.46,11.95
Jerchel,52.47,11.32
Jerchel,52.49,12.34
Jerichow,52.50,12.02
Jerrishoe,54.66,9.37
Jersbek,53.73,10.22
Jersleben,52.24,11.58
Jerxheim,52.08,10.90
Jesberg,51.00,9.15
Jesendorf,53.80,11.60
Jesenwang,48.17,11.13
Jeserig,52.09,12.45
Jeseritz,52.44,11.31
Jesewitz,51.43,12.50
Jessen (Elster),51.81,12.99
Jessen (Elster) Arnsdorf,51.82,12.95
Jessen (Elster) Battin,51.77,12.90
Jessen (Elster) Buschkuhnsdorf,51.81,13.15
Jessen (Elster) Dixförda,51.81,13.04
Jessen (Elster) Düßnitz,51.73,12.88
Jessen (Elster) Gentha,51.85,12.90
Jessen (Elster) Gerbisbach,51.75,12.95
Jessen (Elster) Gorsdorf-Hemsendorf,51.80,12.88
Jessen (Elster) Grabo,51.77,12.93
Jessen (Elster) Großkorga,51.80,13.08
Jessen (Elster) Holzdorf,51.78,13.12
Jessen (Elster) Jessen (Elster),51.78,12.96
Jessen (Elster) Kleindröben,51.74,12.84
Jessen (Elster) Kleinkorga,51.82,13.08
Jessen (Elster) Klossa,51.78,13.05
Jessen (Elster) Kremitz,51.76,13.11
Jessen (Elster) Leipa,51.84,12.94
Jessen (Elster) Linda,51.86,13.11
Jessen (Elster) Lindwerder,51.83,13.03
Jessen (Elster) Lüttchenseyda,51.86,12.89
Jessen (Elster) Mark Zwuschen,51.91,12.96
Jessen (Elster) Mellnitz,51.91,12.91
Jessen (Elster) Morxdorf,51.91,12.94
Jessen (Elster) Mönchenhöfe,51.78,13.07
Jessen (Elster) Mügeln,51.86,13.03
Jessen (Elster) Neuerstadt,51.83,13.12
Jessen (Elster) Rade,51.75,12.89
Jessen (Elster) Reicho,51.81,13.12
Jessen (Elster) Ruhlsdorf,51.82,12.91
Jessen (Elster) Schadewalde,51.87,12.89
Jessen (Elster) Schweinitz,51.80,13.03
Jessen (Elster) Schöneicho,51.75,12.92
Jessen (Elster) Seyda,51.88,12.91
Jessen (Elster) Steinsdorf,51.83,13.07
Jessenitz,53.27,11.09
Jessern,52.02,14.19
Jesteburg,53.31,9.95
Jestetten,47.65,8.57
Jettenbach,48.17,12.38
Jettenbach,49.53,7.56
Jettingen,48.58,8.79
Jettingen-Scheppach,48.39,10.44
Jetzendorf,48.43,11.42
Jevenstedt,54.23,9.67
Jever,53.57,7.90
Jever Jever,53.57,7.89
Jeßnitz,51.68,12.30
Joachimsthal,52.98,13.74
Job-Center Berlin Mitte,52.51,13.40
Job-Center Essen,51.44,7.05
Job-Center Mitte,51.45,7.00
Job-Center Neukundenbereich (NKB) und Integrationpoint,51.46,7.00
Job-Center Nord,51.49,7.01
Job-Center Süd,51.45,7.01
JobCenter Dortmund Wendepunkt,51.50,7.48
Jobcenter Geschäftsstelle Lichtenberg,52.52,13.49
Jobcenter Halle (Saale),51.48,11.93
Jobcenter Landkreis Würzburg,49.80,10.00
Jobcenter Neukölln,52.48,13.43
Jobcenter Oberhausen,51.48,6.86
Jobcenter Steglitz-Zehlendorf,52.45,13.32
Jockgrim,49.09,8.27
Johannes-Diakonie Mosbach,49.37,9.15
Johannes-Gutenberg-UniversitÃ¤t,50.00,8.25
Johannesberg,50.03,9.14
Johanngeorgenstadt,50.43,12.71
Johanniskirchen,48.53,12.95
Joldelund,54.65,9.13
Jonaswalde,50.83,12.30
Jonsdorf,50.85,14.70
Jork,53.53,9.68
Jossgrund,50.18,9.46
Jucken,50.05,6.23
Judenbach,50.40,11.22
Jugenddorf-Christophorusschule,52.04,8.16
Jugenheim,49.89,8.08
Juist,53.68,7.00
Julbach,48.25,12.96
Juliusburg,53.42,10.50
Jungholz,47.57,10.45
Jungingen,48.33,9.04
JustizbehÃ¶rden,49.84,7.88
Justizbehörde Moabit,52.52,13.35
Justizbehörden,47.87,12.64
Justizbehörden,48.40,9.99
Justizbehörden,49.89,10.90
Justizbehörden,49.98,9.14
Justizbehörden,50.06,8.25
Justizbehörden Bielefeld,52.02,8.53
Justizbehörden Landau,49.19,8.12
Justizbehörden Mosbach,49.36,9.15
Justizbehörden Neustadt,49.36,8.15
Justizbehörden Saarbrücken,49.23,7.00
Justizbehörden-Amtsgericht,49.44,7.77
Justizbehörden-Landgericht,49.44,7.77
Justizvollzugsanstalt,49.14,9.22
Justizvollzugsanstalt,49.54,8.38
Justizvollzugsanstalt,52.12,8.68
Justizvollzugsanstalt,52.99,10.55
Justizvollzugsanstalt (JVA),51.49,7.24
Justizvollzugsanstalt (ohne Insassen),51.37,7.48
Justizvollzugsanstalt Bielefeld-Brackwede I,51.99,8.44
Justizvollzugsanstalt Bielefeld-Senne,51.99,8.45
Justizvollzugsanstalt Bruchsal,49.13,8.60
Justizvollzugsanstalt Essen,51.44,7.00
Justizvollzugsanstalt JVA I,52.52,7.33
Justizvollzugsanstalt Landsberg,48.05,10.87
Justizvollzugsanstalt Lübeck,53.87,10.72
Justizvollzugsanstalt Münster,51.98,7.64
Justizvollzugsanstalt Neumünster,54.06,9.99
Justizvollzugsanstalt Regensburg,49.02,12.06
Justizvollzugsanstalt Werl,51.57,7.91
Justizvollzugsanstalt Wolfenbüttel,52.16,10.54
Jämlitz-Klein Düben,51.57,14.64
Jänschwalde,51.86,14.50
Jävenitz,52.52,11.50
Jöhstadt,50.51,13.09
Jördenstorf,53.88,12.62
Jörl,54.60,9.30
Jößnitz,50.50,12.13
Jübar,52.69,10.91
Jübek,54.56,9.40
Jüchen,51.10,6.50
Jüchsen,50.48,10.50
Jückelberg,50.93,12.63
Jüdenberg,51.75,12.41
Jühnde,51.47,9.80
Jühnsdorf,52.30,13.38
Jülich,50.92,6.36
Jünkerath,50.34,6.58
Jürgen Wernicke,53.69,10.02
Jürgenshagen,53.95,11.90
Jürgenstorf,53.66,12.91
Jüterbog,52.00,13.08
Jütrichau,51.94,12.13
Jützenbach,51.53,10.38
K + S Aktiengesellschaft,51.31,9.45
KIT Karlsruher Institut für Technologie Campus Süd,49.01,8.41
KMG Kliniken PLC,52.96,11.95
KSA Kommunaler Schadenausgleich,52.54,13.49
Kaaks,53.99,9.47
Kaarst,51.23,6.62
Kabelhorst,54.22,10.92
Kablow,52.30,13.72
Kade,52.38,12.27
Kaden,50.55,7.92
Kadenbach,50.38,7.73
Kahl Dr. Pinckernelle,53.58,9.99
Kahl am Main,50.07,9.01
Kahla,50.81,11.59
Kahla,51.47,13.57
Kahlwinkel,51.22,11.48
Kahrs & Partner,52.50,13.36
Kahrstedt,52.71,11.43
Kaifenheim,50.24,7.23
Kail,50.18,7.23
Kaisborstel,54.01,9.48
Kaiser-Wilhelm-Koog,53.95,8.93
Kaisersbach,48.93,9.64
Kaisersesch,50.23,7.14
Kaiserslautern,49.41,7.71
Kaiserslautern,49.44,7.77
Kaiserslautern,49.45,7.75
Kaisheim,48.77,10.80
Kakau,51.80,12.43
Kakenstorf,53.30,9.76
Kakerbeck,52.67,11.28
Kalbach,50.40,9.68
Kalbe,53.29,9.55
Kalbe (Milde),52.65,11.40
Kalbsrieth,51.34,11.34
Kalchreuth,49.56,11.13
Kalefeld,51.80,10.03
Kalenborn,50.27,7.08
Kalenborn,50.55,7.00
Kalenborn-Scheuern,50.25,6.60
Kalkar,51.74,6.29
Kalkhorst,53.97,11.04
Kalkofen,49.73,7.83
Kall,50.54,6.56
Kalletal,52.12,8.96
Kallinchen,52.21,13.56
Kallmerode,51.35,10.30
Kallmünz,49.16,11.96
Kallstadt,49.49,8.18
Kalt,50.27,7.39
Kaltenborn,50.40,7.02
"Kaltenbrunn, Oberpfalz",49.65,11.95
Kaltenengers,50.42,7.55
Kaltenholzhausen,50.30,8.10
Kaltenkirchen,53.83,9.96
Kaltenlengsfeld,50.64,10.19
Kaltennordheim,50.63,10.16
Kaltensundheim,50.61,10.16
Kaltental,47.90,10.75
Kaltenwestheim,50.61,10.12
Kalübbe,54.12,10.28
Kambs,53.32,12.57
Kamen,51.59,7.66
Kamenz,51.27,14.09
Kamern,52.75,12.11
Kamin,53.99,11.74
Kammeltal,48.38,10.37
Kammerforst,50.46,7.68
Kammerforst,51.12,10.42
Kammergericht,52.49,13.36
Kammerstein,49.29,10.97
Kammin,53.98,13.40
Kamminke,53.87,14.21
Kammlach,48.05,10.42
Kamp-Bornhofen,50.22,7.62
Kamp-Lintfort,51.50,6.55
Kampen,54.95,8.34
Kamsdorf,50.64,11.45
Kandel,49.08,8.20
Kandern,47.71,7.66
Kankelau,53.55,10.57
Kannawurf,51.27,11.13
Kanzach,48.08,9.56
Kanzem,49.67,6.58
Kapellen-Drusweiler,49.10,8.03
Kapellendorf,50.97,11.47
Kaperich,50.25,7.03
Kappe,52.97,13.44
Kappel,50.00,7.37
Kappel-Grafenhausen,48.28,7.77
Kappeln,49.68,7.57
Kappeln,54.66,9.93
Kappelrodeck,48.59,8.12
Kapsweyer,49.04,8.02
Karbach,49.87,9.64
Karbach,50.15,7.62
Karben,50.23,8.77
Karbow-Vietlübbe,53.40,12.12
Karby,54.62,9.97
Karenz,53.23,11.34
Karft,53.54,11.04
Kargow,53.51,12.78
Karin,54.01,11.77
Karith,52.11,11.84
Karl,50.05,6.80
Karlsbad,48.92,8.50
Karlsburg,53.97,13.61
Karlsdorf,50.80,11.80
Karlsdorf-Neuthard,49.13,8.53
Karlsfeld,48.22,11.47
Karlshagen,54.11,13.83
Karlshausen,50.02,6.23
Karlshuld,48.68,11.29
Karlskron,48.68,11.42
Karlsruhe,49.00,8.48
Karlsruhe,49.01,8.42
Karlstadt,49.96,9.77
Karlstein am Main,50.05,9.03
Karlum,54.83,8.97
Karnin,54.30,12.79
Karnitz,54.35,13.37
Karolinenkoog,54.28,8.97
Karow,52.35,12.32
Karow,53.54,12.26
Karrenzin,53.34,11.80
Karsbach,50.04,9.79
Karsdorf,51.27,11.66
Karstädt,53.16,11.74
Karstädt,53.29,11.49
Karwitz,53.08,11.02
Karwitz Dragahn,53.09,10.98
Karwitz Gamehlen,53.07,11.03
Karwitz Karwitz,53.09,11.02
Karwitz Lebbien,53.09,11.03
Karwitz Lenzen,53.09,11.01
Karwitz Nausen,53.09,11.00
Karwitz Pudripp,53.08,10.94
Karwitz Pudripp/Bahnhof,53.07,10.94
Karwitz Thunpadel,53.09,11.03
Kasbach-Ohlenberg,50.58,7.27
Kaschenbach,49.88,6.48
Kasdorf,50.21,7.78
Kasel,49.76,6.73
Kasel-Golzig,51.93,13.70
Kasendorf,50.04,11.35
Kassieck,52.59,11.49
Kassow,53.88,12.07
Kastel-Staadt,49.57,6.57
Kastellaun,50.07,7.44
Kastl,48.20,12.70
Kastl,49.37,11.68
Kastl,49.83,11.90
Kastorf,53.75,10.57
Katharinenberg,51.18,10.26
Katharinenheerd,54.33,8.83
Katharinenrieth,51.41,11.35
Kathendorf,52.40,11.13
Kathlow,51.73,14.48
Katlenburg-Lindau,51.68,10.10
Kattendorf,53.84,10.02
Kattenes,50.25,7.44
Katzenbach,49.65,7.81
Katzenelnbogen,50.27,7.97
Katzhütte,50.55,11.05
Katzow,54.05,13.68
Katzweiler,49.50,7.70
Katzwinkel,50.25,6.92
Katzwinkel,50.81,7.82
Kaub,50.09,7.76
Kauern,50.72,12.08
Kaufbeuren,47.88,10.62
Kaufering,48.09,10.88
Kaufhaus Schneider,48.94,8.40
Kaufungen,51.28,9.62
Kaulitz,52.88,11.39
Kaulsdorf,50.62,11.43
Kausen,50.78,7.89
Kavelstorf,54.01,12.19
Kayhude,53.76,10.13
Kayna,50.99,12.24
Kefenrod,50.34,9.21
Kefferhausen,51.32,10.28
Kehl,48.57,7.82
Kehlbach,50.26,7.76
Kehmstedt,51.47,10.60
Kehnert,52.34,11.86
Kehrberg,53.05,12.19
Kehrig,50.28,7.22
Kehrigk,52.16,13.92
Keidelheim,49.98,7.50
Keila,50.64,11.66
Kelberg,50.29,6.92
Kelbra,51.44,11.04
Kelheim,48.92,11.89
Kelkheim (Taunus),50.14,8.45
Kell am See,49.63,6.82
Kella,51.23,10.08
Kellenbach,49.85,7.48
Kellenhusen,54.19,11.06
Kellinghusen,53.95,9.72
Kellmünz,48.12,10.13
Kelsterbach,50.06,8.53
Keltern,48.90,8.58
Kemberg,51.80,12.60
Kemberg Bergwitz,51.80,12.58
Kemberg Kemberg,51.76,12.68
Kemberg Klitzschena,51.82,12.57
Kemmen,51.73,13.91
Kemmenau,50.35,7.75
Kemmern,49.95,10.88
Kemnath,49.87,11.89
Kemnitz,53.14,12.24
Kemnitz,54.08,13.54
Kempen,51.36,6.42
Kempenich,50.42,7.12
Kempfeld,49.79,7.25
Kempten,47.72,10.31
Kenn,49.80,6.72
Kentzlin,53.76,12.97
Kenz-Küstrow,54.34,12.77
Kenzingen,48.20,7.77
Keppeshausen,49.97,6.17
Kerben,50.32,7.37
Kerkau,52.78,11.43
Kerken,51.45,6.37
Kerkow,53.04,13.99
Kernen im Remstal,48.81,9.32
Kerpen,50.31,6.73
Kerpen,50.87,6.74
Kerschenbach,50.35,6.50
Kerzenheim,49.58,8.06
Kescheid,50.67,7.48
Kesfeld,50.15,6.23
Kesseling,50.48,7.02
Kessin,54.06,12.18
Kesten,49.90,6.95
Kestert,50.18,7.65
Ketsch,49.37,8.53
Kettenhausen,50.72,7.63
Kettenheim,49.72,8.11
Kettenkamp,52.58,7.83
Kettershausen,48.18,10.27
Kettig,50.40,7.47
Ketzerbachtal,51.11,13.31
Ketzin,52.48,12.85
Kevelaer,51.58,6.24
Kickeshausen,50.07,6.25
Kiebitzreihe,53.78,9.62
Kiedrich,50.04,8.09
Kiefersfelden,47.61,12.19
Kiehnwerder,52.63,14.30
Kiekebusch,51.72,14.36
Kiekebusch,52.35,13.55
Kiel,54.32,10.13
Kiel,54.32,10.17
Kiel,54.35,10.12
Kiel,54.40,10.15
Kiel Institut für Weltwirtschaft,54.33,10.15
Kienberg,48.03,12.46
Kienberg,52.66,12.91
Kienitz,52.67,14.44
Kierdorf-Inkasso,50.93,7.76
Kierspe,51.13,7.59
Kiesby,54.62,9.82
Kieselbronn,48.93,8.75
Kieve,53.27,12.59
Kiliansroda,50.91,11.37
Kimberly-Clark Bereich Personal Care,49.71,11.07
Kindelbrück,51.26,11.09
Kindenheim,49.61,8.16
Kinderbeuern,50.01,7.02
Kinderkanal ARD/ ZDF,50.96,11.00
Kinding,49.00,11.38
Kindsbach,49.42,7.62
Kinheim,49.97,7.05
Kinsau,47.88,10.92
Kinzenburg,50.12,6.35
Kipfenberg,48.95,11.40
Kippenheim,48.30,7.83
Kirburg,50.68,7.93
Kirch Jesar,53.44,11.28
Kirch Mulsow,53.97,11.70
Kirchanschöring,47.95,12.83
Kirchardt,49.20,8.99
Kirchbarkau,54.21,10.14
Kirchberg,48.40,12.05
Kirchberg,49.94,7.41
Kirchberg,50.62,12.52
Kirchberg an der Iller,48.13,10.08
Kirchberg an der Jagst,49.20,9.98
Kirchberg an der Murr,48.94,9.34
Kirchberg im Wald,48.90,13.18
Kirchbrak,51.97,9.58
Kirchdorf,48.18,12.20
Kirchdorf,48.77,11.90
Kirchdorf,52.60,8.83
Kirchdorf,54.17,13.27
Kirchdorf am Inn,48.25,12.98
Kirchdorf an der Amper,48.47,11.65
Kirchdorf an der Iller,48.08,10.13
Kirchdorf im Wald,48.91,13.27
Kirchehrenbach,49.73,11.15
Kircheib,50.71,7.46
Kirchen,50.81,7.89
Kirchendemenreuth,49.78,12.10
Kirchenkreis Herford,52.12,8.67
Kirchenlamitz,50.15,11.95
Kirchenpingarten,49.93,11.78
Kirchensittenbach,49.56,11.42
Kirchentellinsfurt,48.53,9.15
Kirchenthumbach,49.75,11.73
Kirchgandern,51.38,9.96
Kirchgellersen,53.23,10.30
Kirchhain,50.83,8.93
Kirchham,48.35,13.27
Kirchhaslach,48.15,10.31
Kirchheilingen,51.18,10.71
Kirchheim,49.66,9.86
Kirchheim,50.83,9.57
Kirchheim,50.88,11.02
Kirchheim am Neckar,49.05,9.14
Kirchheim am Ries,48.88,10.40
Kirchheim an der Weinstraße,49.54,8.18
Kirchheim bei München,48.18,11.76
Kirchheim in Schwaben,48.19,10.47
Kirchheim unter Teck,48.65,9.45
Kirchheimbolanden,49.66,8.02
Kirchhundem,51.09,8.09
Kirchlauter,50.04,10.72
Kirchlengern,52.20,8.63
Kirchlinteln,52.94,9.32
Kirchnüchel,54.20,10.68
Kirchroth,48.95,12.55
Kirchsahr,50.52,6.90
Kirchscheidungen,51.24,11.66
Kirchseelte,52.95,8.68
Kirchseeon,48.07,11.89
Kirchspiel Garding,54.32,8.78
Kirchtimke,53.25,9.15
Kirchwald,50.37,7.15
Kirchwalsede,53.02,9.40
Kirchweidach,48.09,12.65
Kirchweiler,50.23,6.75
Kirchwistedt,53.42,8.89
Kirchworbis,51.41,10.40
Kirchzarten,47.97,7.95
Kirchzell,49.62,9.18
Kirf,49.55,6.48
Kirkel,49.28,7.23
Kirn,49.79,7.46
Kirnitzschtal,50.94,14.25
Kirrweiler,49.63,7.50
Kirrweiler (Pfalz),49.30,8.17
Kirsbach,50.33,7.00
Kirschau,51.09,14.43
Kirschkau,50.60,11.89
Kirschroth,49.77,7.57
Kirschweiler,49.75,7.25
Kirtorf,50.77,9.10
Kisdorf,53.82,10.02
Kisselbach,50.05,7.62
Kissenbrück,52.11,10.59
Kissing,48.30,10.97
Kist,49.74,9.84
Kittendorf,53.62,12.90
Kittlitz,51.13,14.68
Kittlitz,51.83,13.92
Kittlitz,53.66,10.92
Kitzen,51.22,12.22
Kitzingen,49.74,10.15
Kitzscher,51.16,12.55
Kißlegg,47.79,9.88
Klais,47.50,11.28
Klamp,54.30,10.53
Klanxbüll,54.86,8.68
Klappholz,54.62,9.55
Klausdorf,52.15,13.41
Klausdorf,54.31,10.21
Klausdorf,54.40,13.01
Klausen,49.90,6.88
Klein Ammensleben,52.22,11.52
Klein Barkau,54.23,10.13
Klein Behnitz,52.57,12.71
Klein Belitz,53.94,11.97
Klein Bengerstorf,53.42,10.85
Klein Bennebek,54.40,9.45
Klein Berßen,52.77,7.46
Klein Bünzow,53.93,13.63
Klein Döbbern,51.67,14.35
Klein Gartz,52.82,11.32
Klein Gladebrügge,53.92,10.32
Klein Gottschow,53.10,12.00
Klein Kussewitz,54.13,12.24
Klein Leine,51.97,14.06
Klein Luckow,53.55,13.84
Klein Lukow,53.53,13.03
Klein Meckelsen,53.30,9.45
Klein Nordende,53.72,9.65
Klein Offenseth-Sparrieshoop,53.80,9.69
Klein Oschersleben,52.01,11.34
Klein Pampau,53.51,10.59
Klein Radden,51.87,13.88
Klein Rheide,54.45,9.48
Klein Rodensleben,52.12,11.44
Klein Rogahn,53.61,11.35
Klein Rönnau,53.97,10.32
Klein Schwechten,52.72,11.83
Klein Trebbow,53.71,11.37
Klein Upahl,53.72,12.06
Klein Vielen,53.45,13.03
Klein Wanzleben,52.07,11.37
Klein Wesenberg,53.82,10.55
Klein Wittensee,54.38,9.73
Klein Woltersdorf,53.08,12.18
Klein Zecher,53.58,10.87
Klein-Mutz,52.97,13.28
Klein-Winternheim,49.94,8.21
Kleinaitingen,48.22,10.87
Kleinau,52.80,11.51
Kleinbartloff,51.35,10.38
Kleinblittersdorf,49.16,7.04
Kleinbockedra,50.85,11.65
Kleinbodungen,51.47,10.53
Kleinbrembach,51.13,11.27
Kleinbundenbach,49.32,7.43
Kleinebersdorf,50.82,11.83
Kleineutersdorf,50.78,11.58
Kleinfischlingen,49.26,8.19
Kleinfurra,51.42,10.76
Kleinhelmsdorf,51.04,11.93
Kleinheubach,49.72,9.21
Kleinich,49.90,7.18
Kleinkahl,50.12,9.27
Kleinkarlbach,49.54,8.15
Kleinkorga,51.81,13.08
Kleinkrausnik,51.74,13.59
Kleinlangenfeld,50.27,6.48
Kleinlangheim,49.77,10.28
Kleinleinungen,51.48,11.16
Kleinmachnow,52.41,13.23
Kleinmaischeid,50.51,7.61
Kleinmölsen,51.03,11.12
Kleinmühlingen,51.93,11.75
Kleinneuhausen,51.15,11.28
Kleinniedesheim,49.59,8.32
Kleinobringen,51.03,11.32
Kleinostheim,50.00,9.07
Kleinow,53.05,11.96
Kleinrinderfeld,49.70,9.84
Kleinschmalkalden,50.78,10.45
Kleinschwabhausen,50.93,11.46
Kleinsendelbach,49.60,11.16
Kleinsteinhausen,49.20,7.47
Kleinwallstadt,49.87,9.17
Kleinwelsbach,51.18,10.67
Klempau,53.77,10.67
Kletkamp,54.25,10.63
Klettbach,50.92,11.15
Klettgau,47.65,8.40
Klettstedt,51.15,10.75
Kletzin,53.92,13.15
Kletzke,53.00,12.06
Kleve,51.79,6.14
Kleve,53.97,9.40
Kleve,54.30,9.12
Kleßen-Görne,52.72,12.50
Kliding,50.12,7.05
Klieken,51.89,12.37
Klietz,52.67,12.07
Klingelbach,50.28,7.97
Klingenberg am Main,49.79,9.18
Klingenmünster,49.14,8.02
Klingenthal/Sachsen,50.37,12.47
Klings,50.65,10.12
Klinik Am Korso,52.20,8.80
Klinik Bavaria,50.95,13.77
Klinik Dr. Otto Buchinger,51.99,9.26
Klinik Schwabenland Fachklinik für Innere Medizin,47.71,10.03
Kliniken Ludwigsburg Bietigheim gGmbH Krankenhaus Bietigheim,48.96,9.14
Kliniken der Landeshauptstadt Wiesbaden Dr.- Horst- Schmidt- Kliniken,50.07,8.19
Kliniken der Stadt KÃ¶ln Kinderkrankenhaus,50.96,6.97
Kliniken der Stadt KÃ¶ln Krankenhaus Holweide,50.97,7.06
Kliniken der Stadt KÃ¶ln Krankenhaus Merheim,50.94,7.05
Klink,53.48,12.62
Klinken,53.50,11.67
Klinkrade,53.72,10.55
Klipphausen,51.07,13.51
Klitsche,52.48,12.23
Klitten,51.35,14.61
Klixbüll,54.80,8.90
Klobikau,51.35,11.83
Klocksin,53.64,12.54
Kloddram,53.41,11.01
Kloschwitz,51.59,11.76
Kloster Lehnin,52.33,12.66
Kloster Neuendorf,52.53,11.46
Kloster Schäftlarn,47.99,11.44
Kloster Veßra,50.50,10.65
Klosterfelde,52.80,13.48
Klosterhäseler,51.16,11.61
Klosterkumbd,50.03,7.53
Klosterlechfeld,48.16,10.83
Klostermansfeld,51.58,11.50
Klosterwalde,53.17,13.56
Klotten,50.17,7.20
Klotzsche,51.11,13.77
Kludenbach,49.98,7.37
Kluis,54.47,13.30
Kluse,52.94,7.34
Kläden,52.63,11.66
Kläden,52.86,11.43
Klöden,51.76,12.83
Klötze,52.63,11.16
Klüden,52.41,11.40
Klüsserath,49.84,6.85
Klütz,53.96,11.16
Knapendorf,51.38,11.94
Knappensee,51.37,14.32
Knappschaft,51.59,7.14
Knappschaftskrankenhaus Bergmannsheil Buer,51.57,7.06
Knau,50.65,11.72
Kneese,53.65,10.97
Kneitlingen,52.17,10.76
Knetzgau,49.98,10.55
Knittelsheim,49.19,8.25
Knittlingen,49.02,8.76
Knopp-Labach,49.33,7.50
Knorrendorf,53.63,13.07
Knöringen,49.24,8.14
Knüllwald,50.98,9.49
Koberg,53.63,10.52
Kobern-Gondorf,50.30,7.46
Koblentz,53.53,14.13
Koblenz,50.32,7.57
Koblenz,50.36,7.53
Koblenz,50.36,7.59
Kobrow,53.68,11.81
Kochel am See,47.66,11.37
Kodersdorf,51.24,14.89
Kogel,53.41,12.42
Kogel,53.50,10.95
Kohlberg,48.56,9.34
Kohlberg,49.59,12.02
Kohren-Sahlis,51.02,12.60
Kolberg,52.24,13.81
Kolbermoor,47.85,12.07
Kolbingen,48.05,8.89
Koldenbüttel,54.38,9.07
Kolitzheim,49.92,10.23
Kolkerheide,54.62,9.13
Kolkwitz,51.75,14.25
Kollig,50.27,7.28
Kollmar,53.73,9.48
Kollmoor,53.92,9.59
Kollnburg,49.05,12.86
Kollow,53.47,10.47
Kollweiler,49.52,7.58
Kolochau,51.73,13.32
Kolrep,53.03,12.29
Kolverath,50.27,6.97
Kommen,49.88,7.13
Kommunale Verkehrsüberwachung,47.54,9.73
Komptendorf,51.68,14.47
Konken,49.51,7.35
Konnersreuth,50.01,12.23
Konradsreuth,50.27,11.85
Konstanz,47.66,9.18
Konz,49.70,6.58
Konzell,49.07,12.71
Konzernsicherheit,49.46,11.09
Konzerthaus Berlin - Schauspielhaus am Gendarmenmarkt - Berliner Sinfonie-,52.51,13.39
Koordination Wohnungslosenhilfe Nordbayern,49.46,11.07
Kopp,50.18,6.58
Koppatz,51.70,14.43
Korb,48.84,9.36
Korbach,51.28,8.87
Korbußen,50.88,12.17
Kordel,49.83,6.63
Korgau,51.67,12.75
Korlingen,49.73,6.72
Korntal-Münchingen,48.82,9.12
Kornwestheim,48.86,9.19
Korschenbroich,51.19,6.51
Korswandt,53.92,14.16
Korweiler,50.10,7.42
Kosel,54.51,9.76
Koserow,54.05,14.00
Kossa,51.62,12.68
Kossebau,52.82,11.56
Kottenborn,50.35,6.90
Kottenheim,50.35,7.25
Kottgeisering,48.12,11.13
Kottweiler-Schwanden,49.48,7.53
Kotzen,52.63,12.52
Kotzenbüll,54.33,8.90
Koxhausen,49.98,6.23
Koßwig,51.78,14.03
Kraam,50.70,7.53
Krackow,53.34,14.26
Kradenbach,50.25,6.85
Kraftisried,47.78,10.47
Kraftsdorf,50.88,11.93
Kraiburg am Inn,48.18,12.43
Kraichtal,49.14,8.77
Krailling,48.10,11.40
Kraja,51.45,10.52
Krakow am See,53.65,12.27
Kramerhof,54.35,13.05
Krampfer,53.06,12.02
Kranenburg,51.78,6.02
Kranenburg,53.61,9.21
Kranichfeld,50.85,11.20
Krankenhaus Eichhof,50.63,9.39
Krankenhaus Hohe Warte,49.97,11.58
Krankenhaus Kaulsdorf,52.51,13.59
Krankenhaus Kemperhof,50.35,7.56
Krankenhaus Mara gGmbH,52.01,8.53
Krankenhaus Maria-Hilf,51.99,6.91
Krankenhaus Neukölln,52.44,13.46
Krankenhaus Reinbek St. Adolf-Stift,53.51,10.24
Krankenhaus Weyertal,50.93,6.93
Krankenhaus für Psychiatrie und Neurologie Winnenden,48.87,9.40
Kranzberg,48.41,11.61
Kratzeburg,53.43,12.94
Kratzenburg,50.18,7.55
Krauchenwies,48.02,9.25
Krauschwitz,51.12,11.97
Krauschwitz,51.52,14.71
Krausnick-Groß Wasserburg,52.05,13.85
Krauthausen,50.96,10.27
Krautheim,49.39,9.64
Krautheim,51.08,11.30
Krautscheid,50.07,6.33
Krauß MC,48.69,9.01
Kravag,53.54,10.03
Kreba-Neudorf,51.34,14.69
Krebeck,51.58,10.12
Kreditanstalt für Wiederaufbau,52.52,13.39
Kreditorische Abrechnung,48.19,11.60
Krefeld,51.30,6.50
Krefeld,51.33,6.56
Krefeld,51.35,6.55
Krefeld,51.36,6.64
Kreien,53.41,12.06
Kreiensen,51.85,9.96
Kreimbach-Kaulbach,49.55,7.63
Kreis Borken,51.85,6.84
Kreis Euskirchen Der Landrat,50.67,6.78
Kreis Heinsberg,51.06,6.11
Kreis Herford,52.12,8.66
Kreis Lippe Der Landrat,51.94,8.85
Kreis Minden-Lübbecke,52.28,8.91
Kreis Neuss Der Landrat,51.09,6.59
Kreis Paderborn,51.71,8.74
Kreis Siegen-Wittgenstein,50.87,8.02
Kreis Soest,51.57,8.11
Kreis Steinfurt,52.15,7.34
Kreisausschuß des Vogelsbergkreises,50.64,9.40
Kreisausschuß des Wetteraukreises und Landrat des Wetteraukreises,50.33,8.75
Kreischa,50.95,13.76
Kreiskliniken Böblingen gGmbH Kliniken Sindelfingen,48.72,9.02
Kreiskliniken Herford-Bünde AöR,52.20,8.59
Kreiskrankenhaus,47.56,9.67
Kreiskrankenhaus,47.87,12.63
Kreiskrankenhaus,49.11,10.77
Kreiskrankenhaus,52.48,10.55
Kreiskrankenhaus Dormagen,51.07,6.81
Kreiskrankenhaus Freiberg gGmbH,50.92,13.35
Kreiskrankenhaus Grevenbroich,51.09,6.59
Kreiskrankenhaus Groß-Gerau,49.91,8.48
Kreiskrankenhaus Mosbach,49.36,9.15
Kreiskrankenhäuser Lübbecke und Rahden,52.30,8.60
Kreispolizeibehörde,52.12,8.67
Kreiszeitung,52.92,8.81
Kreiszeitung Böblinger Bote,48.69,9.01
Krembz,53.65,11.06
Kremkau,52.63,11.45
Kremmen,52.76,13.03
Kremmin,53.25,11.60
Krempdorf,53.83,9.47
Krempe,53.84,9.49
Krempel,54.32,9.03
Kremperheide,53.89,9.48
Krempermoor,53.88,9.48
Krempin,54.01,11.71
Krems II,53.98,10.35
Kressbronn am Bodensee,47.60,9.60
Kretz,50.40,7.36
Kretzschau,51.05,12.07
Kreuth,47.64,11.74
Kreuzau,50.75,6.49
Kreuzbruch,52.84,13.42
Kreuzebra,51.35,10.25
Kreuztal,50.97,7.99
Kreuzwertheim,49.77,9.52
Krevese,52.81,11.69
Krewelin,52.94,13.39
Kreypau,51.33,12.04
Kreßberg,49.13,10.18
Krickenbach,49.37,7.67
Kriebitzsch,51.02,12.33
Kriebstein,51.05,13.02
Kriegsfeld,49.71,7.92
Kriele,52.66,12.56
Krielow,52.42,12.80
Krien,53.83,13.45
Kriesow,53.73,13.05
Kriftel,50.08,8.47
Krina,51.65,12.49
Krinitz,53.17,11.45
Kritzmow,54.05,12.05
Kritzow,53.45,12.13
Krogaspe,54.13,9.93
Krokau,54.40,10.35
Krombach,50.08,9.21
Krombach,51.30,10.13
Kromsdorf,51.00,11.37
Kronach,50.24,11.33
Kronau,49.22,8.63
Kronberg im Taunus,50.18,8.51
Kronburg,47.90,10.16
Kronprinzenkoog,53.97,8.97
Kronsgaard,54.73,9.98
Kronshagen,54.33,10.08
Kronsmoor,53.91,9.59
Kronweiler,49.65,7.27
Kropp,54.42,9.52
Kroppach,50.70,7.74
Kroppen,51.38,13.80
Kroppenstedt,51.94,11.31
Kropstädt,51.96,12.75
Krosigk,51.61,11.93
Krostitz,51.46,12.45
Krottelbach,49.47,7.33
Kruchten,49.90,6.32
Kruckow,53.90,13.24
Kruft,50.38,7.33
Krugau,52.03,13.98
Krugsdorf,53.53,14.08
Krukow,53.42,10.48
Krukow,53.52,13.13
Krumbach,48.24,10.36
Krummbek,54.38,10.40
Krummenau,49.88,7.27
Krummendeich,53.83,9.20
Krummendiek,53.95,9.42
Krummennaab,49.83,12.10
Krummensee,52.60,13.69
Krummesse,53.78,10.65
Krummhörn,53.44,7.09
Krummhörn Campen,53.40,7.05
Krummhörn Canum,53.43,7.11
Krummhörn Eilsum,53.47,7.14
Krummhörn Freepsum,53.42,7.14
Krummhörn Greetsiel,53.50,7.09
Krummhörn Grimersum,53.48,7.17
Krummhörn Groothusen,53.44,7.06
Krummhörn Hamswehrum,53.43,7.05
Krummhörn Jennelt,53.46,7.13
Krummhörn Loquard,53.39,7.05
Krummhörn Manslagt,53.46,7.06
Krummhörn Pewsum,53.43,7.10
Krummhörn Pilsum,53.48,7.06
Krummhörn Rysum,53.38,7.03
Krummhörn Upleward,53.42,7.05
Krummhörn Uttum,53.45,7.16
Krummhörn Visquard,53.47,7.10
Krummhörn Woltzeten,53.41,7.09
Krummhörn Woquard,53.43,7.08
Krummin,54.05,13.85
Krummwisch,54.33,9.90
Krumpa,51.30,11.84
Krumstedt,54.07,9.18
Krunkel,50.58,7.50
Krupp-Polysius Aktiengesellschaft,51.80,8.03
Krusenfelde,53.84,13.40
Krusenhagen,53.94,11.53
Krähenberg,49.33,7.47
Krölpa,50.68,11.54
Kröning,48.53,12.37
Kröpelin,54.07,11.79
Kröppelshagen-Fahrendorf,53.49,10.32
Kröppen,49.15,7.53
Kröslin,54.12,13.75
Kröv,49.98,7.08
Krüden,52.92,11.70
Krümmel,50.54,7.72
Krün,47.51,11.28
Krüssau,52.27,12.07
Krüzen,53.40,10.53
Kublank,53.55,13.51
Kubschütz,51.17,14.50
Kuchelmiß,53.68,12.36
Kuchen,48.64,9.80
Kuddewörde,53.58,10.40
Kuden,53.97,9.18
Kudensee,53.93,9.22
Kuhardt,49.15,8.31
Kuhbier,53.15,12.09
Kuhfelde,52.78,11.12
Kuhlen,53.72,11.61
Kuhlhausen,52.78,12.20
Kuhnhöfen,50.53,7.86
Kuhs,53.86,12.23
Kuhsdorf,53.12,12.11
Kuhstorf,53.38,11.25
Kulmain,49.90,11.90
Kulmbach,50.10,11.45
Kulpin,53.71,10.70
Kumhausen,48.51,12.16
Kummer,53.33,11.39
Kummerfeld,53.69,9.79
Kummerow,53.77,12.83
Kummerow,54.30,12.88
Kummersdorf,52.27,13.87
Kummersdorf-Alexanderdorf,52.17,13.42
Kummersdorf-Gut,52.10,13.38
Kunden NL Spezial,49.46,11.09
Kundert,50.72,7.79
Kunert Wellpappe,50.33,10.22
Kunow,52.99,12.13
Kunrau,52.57,11.02
Kunreuth,49.68,11.14
Kupferberg,50.14,11.58
Kupferzell,49.23,9.69
Kuppenheim,48.83,8.25
Kurtscheid,50.53,7.47
Kurtschlag,53.00,13.48
Kuschkow,52.06,13.96
Kusel,49.54,7.40
Kusey,52.58,11.09
Kusterdingen,48.52,9.12
Kutenholz,53.48,9.32
Kutzenhausen,48.34,10.69
Kutzleben,51.20,10.75
Kyllburg,50.04,6.59
Kyllburgweiler,50.05,6.62
Kyritz,52.98,12.33
Kyritz Drewen,52.98,12.40
Kyritz Holzhausen,52.92,12.35
Kyritz Kötzlin,52.90,12.23
KÃ¶hler & Lafrenz GbR,51.40,7.35
KÃ¶lner Morgen,50.97,6.97
KÃ¶lner Stadt-Anzeiger,50.96,6.97
KÃ¶lner Studentenwerk AÃ¶R,50.92,6.93
Käbschütztal,51.15,13.39
Kämpfelbach,48.93,8.64
Kändler,50.86,12.79
Käshofen,49.33,7.42
Käthen,52.57,11.66
Köchelstorf,53.76,11.10
Köckte,52.53,11.13
Ködderitzsch,51.08,11.50
Köditz,50.33,11.85
Ködnitz,50.10,11.53
Köfering,48.93,12.20
Köhlen,53.54,8.88
Köhn,54.35,10.45
Kölbingen,50.55,7.93
Kölleda,51.19,11.24
Kölln-Reisiek,53.76,9.70
Köln,50.92,7.09
Köln,50.94,6.94
Köln,50.94,6.95
Köln,50.95,6.83
Köln,50.95,6.95
Köln,50.99,6.93
Köln,50.99,7.05
Kölzin,53.96,13.45
Könderitz,51.09,12.21
Köngen,48.68,9.37
Köngernheim,49.85,8.25
Königerode,51.60,11.20
Königheim,49.62,9.60
Königs Wusterhausen,52.30,13.63
Königsau,49.85,7.48
Königsbach-Stein,48.97,8.61
Königsberg in Bayern,50.08,10.57
Königsborn,52.14,11.75
Königsbronn,48.74,10.11
Königsbrunn,48.28,10.89
Königsbrück,51.26,13.91
Königsdorf,47.82,11.48
Königsee,50.66,11.10
Königseggwald,47.93,9.42
Königsfeld,49.95,11.17
Königsfeld,50.50,7.18
Königsfeld,51.07,12.75
Königsfeld im Schwarzwald,48.14,8.42
Königshain,51.18,14.87
Königshain-Wiederau,50.97,12.86
Königsheim,48.10,8.87
Königshügel,54.33,9.47
Königshütte,51.74,10.77
Königslutter am Elm,52.25,10.82
Königsmark,52.80,11.84
Königsmoor,53.23,9.68
Königsmoos,48.67,11.22
Königstein,49.61,11.63
Königstein im Taunus,50.18,8.47
Königstein im Taunus Falkenstein,50.18,8.47
Königstein im Taunus Mammolshain,50.18,8.47
Königstein im Taunus Schneidhain,50.17,8.45
Königstein/Sächsische Schweiz,50.92,14.07
Königswalde,50.55,13.05
Königswartha,51.31,14.33
Königswinter,50.70,7.26
Könitz,50.65,11.49
Könnern,51.67,11.77
Könnigde,52.63,11.58
Köppel Versandhaus für biolog. Produkte,47.54,9.73
Körba,51.80,13.39
Körbelitz,52.18,11.78
Körborn,49.57,7.37
Körchow,53.44,11.06
Kördorf,50.29,7.92
Körle,51.17,9.52
Körner,51.23,10.60
Körperich,49.92,6.26
Kösching,48.81,11.50
Köselitz,51.96,12.49
Köstritzer Schwarzbierbrauerei,50.93,12.01
Köthel,53.61,10.51
Köthen,51.75,11.97
Kötschlitz,51.36,12.17
Kötterichen,50.24,6.98
Kötz,48.42,10.28
Kötzschau,51.31,12.13
Kötzting,49.18,12.86
Köwerich,49.83,6.88
Kößlarn,48.37,13.12
Kühbach,48.49,11.19
Kühdorf,50.71,12.11
Kühlenthal,48.57,10.82
Kühlungsborn,54.15,11.75
Kühndorf,50.61,10.49
Kühren,54.20,10.26
Kühren-Burkartshain,51.33,12.83
Kührstedt,53.58,8.80
Kühsen,53.68,10.62
Kükels,53.90,10.23
Küllstedt,51.28,10.28
Külsheim,49.67,9.52
Külz,50.01,7.49
Kümbdchen,49.98,7.52
Kümmernitztal,53.24,12.16
Kümmersbruck,49.42,11.89
Künzell,50.54,9.72
Künzelsau,49.28,9.68
Künzing,48.67,13.08
Küps,50.19,11.27
Kürnach,49.85,10.03
Kürnbach,49.08,8.85
Kürten,51.05,7.27
Küsel,52.23,12.07
Küssaberg,47.60,8.32
Küsten,52.98,11.06
Küsten Karmitz,53.01,11.06
Küsten Klein Witzeetze,53.03,11.01
Küsten Krummasel,53.01,11.05
Küsten Oldemühle,53.00,11.07
Küsten Saggrian,53.02,11.02
Küsten Sallahn,53.02,11.00
Küsten Tolstefanz,53.00,11.03
Küsten Tüschau,53.02,11.02
Küstriner Vorland,52.56,14.57
Küstriner Vorland Gorgast,52.57,14.55
Küstriner Vorland Küstrin-Kietz,52.57,14.61
Küstriner Vorland Manschnow,52.55,14.56
Kütten,51.59,12.00
L'Oreal,49.04,8.37
LANDKREIS CLOPPENBURG,52.84,8.04
LEG Landesentwicklungsgesellschaft NRW,51.49,7.50
LIGA Spar- und Kreditgenossenschaft eG,49.02,12.11
LSG France S.A.S France,52.17,9.99
LSG Linearis SAS Belegmanagement,52.17,9.99
LSG Sky Chefs,52.17,9.99
"LZB i. d. Fr. Hansestadt Bremen, Niedersachsen u. Sachsen.-Anhalt",53.08,8.82
Laaber,49.07,11.89
Laage,53.93,12.35
Laar,52.62,6.73
Laasdorf,50.87,11.67
Laasow,51.71,14.09
Laasow,51.94,14.13
Laatzen,52.32,9.80
Labenz,53.71,10.52
Laberweinting,48.80,12.32
Laboe,54.40,10.22
Labrun,51.67,12.97
Lachen,47.95,10.24
Lachendorf,52.62,10.25
Ladbergen,52.13,7.75
Ladeburg,52.08,11.94
Ladelund,54.84,9.02
Ladenburg,49.47,8.61
Laer,52.06,7.36
Lage,51.99,8.79
Lage,52.47,6.97
Lagendorf,52.83,10.84
Lahn,52.82,7.62
Lahnau,50.58,8.57
Lahnstein,50.30,7.62
Lahntal,50.86,8.70
Lahr,49.93,6.28
Lahr,50.13,7.37
Lahr/Schwarzwald,48.34,7.87
Lahstedt,52.25,10.22
Laichingen,48.49,9.69
Laichingen Feldstetten,48.48,9.63
Laichingen Machtolsheim,48.49,9.74
Laichingen Suppingen,48.46,9.71
Lalendorf,53.76,12.39
Lalling,48.85,13.14
Lam,49.20,13.05
Lambertsberg,50.08,6.38
Lambrecht,49.37,8.07
Lambrechtshagen,54.10,12.02
Lambsborn,49.37,7.43
Lambsheim,49.51,8.29
Lamerdingen,48.09,10.74
Lammershagen,54.28,10.45
Lampaden,49.65,6.70
Lampertheim,49.60,8.47
Lampertswalde,51.31,13.68
Lamsfeld-Groß Liebitz,51.98,14.23
Lamspringe,51.96,10.01
Lamstedt,53.63,9.10
Lancken-Granitz,54.37,13.63
Landau an der Isar,48.67,12.69
Landau in der Pfalz,49.20,8.12
Landensberg,48.43,10.52
Landesarbeitsgericht Arbeitsgericht,51.68,7.85
Landesbergen,52.56,9.13
Landesbergen Brokeloh,52.55,9.21
Landesbergen Hahnenberg,52.53,9.12
Landesbergen Heidhausen,52.54,9.14
Landesbergen Landesbergen,52.56,9.12
Landesberufsgericht,50.36,7.60
Landesberufsgericht für Architekten,52.49,13.36
Landesberufsgericht für im Bauwesen tätige Ingenieure,52.49,13.36
Landesbeschaffungsstelle Hessen,50.03,8.24
Landesbetrieb Hessisches Landeslabor,51.30,9.43
Landesbetrieb Landwirtschaft Hessen,51.32,9.49
Landesbetrieb NRW Straßenbau NL Münster,51.97,7.63
Landesdirektion Sachsen,50.82,12.92
Landeshauptstadt Der Magistrat,50.08,8.24
Landeshauptstadt Kiel,54.32,10.13
Landeshauptstadt München Baureferat,48.13,11.61
Landeshauptstadt Saarbrücken,49.23,7.00
Landeshauptstadt Stuttgart,48.77,9.18
Landeshauptstadt Wiesbaden Der Magistrat,50.08,8.24
Landesinstitut fÃ¼r Schule und Weiterbildung,51.57,8.09
Landeskrankenhilfe,53.55,10.05
Landeskrankenhilfe VVaG,53.23,10.41
Landesregierung NRW,51.22,6.76
Landessozialgericht Berlin,52.53,13.37
Landgericht,48.96,10.13
Landgericht,49.30,10.57
Landgericht,49.53,8.35
Landgericht,49.84,7.86
Landgericht,50.74,7.10
Landgericht,51.26,7.16
Landgericht,51.40,8.07
Landgericht,51.44,7.00
Landgericht,52.26,9.05
Landgericht,53.25,10.41
Landgericht -Strafsachen-,52.53,13.35
Landgericht / Amtsgericht,50.36,7.60
Landgericht Bielefeld,52.02,8.53
Landgericht Bochum,51.48,7.22
Landgericht Bremen,53.07,8.81
Landgericht Darmstadt,49.87,8.65
Landgericht Dortmund,51.51,7.48
Landgericht Gießen,50.59,8.68
Landgericht Hagen,51.36,7.48
Landgericht Hamburg,53.56,9.98
Landgericht Krefeld,51.34,6.55
Landgericht KÃ¶ln,50.92,6.94
Landgericht Mannheim,49.49,8.46
Landgericht München I,48.14,11.56
Landgericht München I - Strafkammern,48.15,11.55
Landgericht München II,48.15,11.56
Landgericht München II - Strafkammern,48.15,11.55
Landgericht Regensburg,49.01,12.09
Landgericht Verden,52.92,9.23
Landin,52.66,12.54
Landkern,50.19,7.15
Landkreis Anhalt-Bitterfeld,51.73,11.98
Landkreis Cuxhaven,53.86,8.70
Landkreis Darmstadt-Dieburg Kreisausschuß,49.90,8.68
Landkreis Diepholz,52.91,8.82
Landkreis Gifhorn,52.49,10.55
Landkreis Grafschaft Bentheim,52.43,7.06
Landkreis Hildesheim,52.15,9.95
Landkreis Leer,53.23,7.46
Landkreis Leipzig,51.12,12.49
Landkreis Lüneburg,53.25,10.40
Landkreis Marburg KreisJobCenter,50.79,8.78
Landkreis Nienburg/Weser,52.64,9.20
Landkreis Oder-Spree,52.37,14.05
Landkreis Stade,53.60,9.48
Landkreis Uelzen,52.97,10.55
Landkreis Vechta,52.73,8.29
Landkreis Verden,52.93,9.25
Landkreis Waldeck-Frankenberg,51.27,8.86
Landolfshausen,51.53,10.10
Landrat des Landkreises Hersfeld-Rotenburg,50.87,9.72
Landrecht,53.93,9.37
Landsberg,51.53,12.10
Landsberg am Lech,48.05,10.88
Landsberied,48.17,11.17
Landschaftsverband Rheinland,50.93,6.98
Landschaftsverband Westfalen-Lippe,51.96,7.64
Landscheid,49.98,6.77
Landscheide,53.92,9.25
Landshut,48.54,12.13
Landshut,48.54,12.15
Landshut,48.56,12.14
Landstuhl,49.41,7.57
Landtag von Sachsen-Anhalt,52.13,11.63
Landwirtschaftskammer Rheinland,50.73,7.08
Landwirtschaftskammer Westfalen-Lippe Institutszentrum,51.99,7.63
Langballig,54.80,9.63
Langdorf,49.02,13.15
Langeln,51.91,10.79
Langeln,53.79,9.86
Langelsheim,51.92,10.39
Langen,49.99,8.67
Langen,52.54,7.47
Langen,53.61,8.60
Langen Brütz,53.66,11.55
Langen Jarchow,53.76,11.65
Langenaltheim,48.89,10.93
Langenapel,52.82,10.96
Langenargen,47.60,9.54
Langenau,48.50,10.12
Langenbach,48.43,11.85
Langenbach,49.49,7.33
Langenbach bei Kirburg,50.70,7.93
Langenberg,51.77,8.32
Langenbernsdorf,50.76,12.33
Langenbogen,51.48,11.78
Langenbrettach,49.22,9.40
Langenburg,49.25,9.86
Langendorf,51.09,12.26
Langendorf,51.18,11.96
Langendorf,53.10,11.26
Langeneichstädt,51.35,11.74
Langenenslingen,48.15,9.38
Langeneß,54.63,8.63
Langenfeld,49.62,10.52
Langenfeld,50.38,7.09
Langenfeld,51.11,6.95
Langenhagen,52.44,9.74
Langenhagen,52.45,9.75
Langenhagen,53.58,12.03
Langenhahn,50.58,7.92
Langenhessen,50.76,12.37
Langenhorn,54.67,8.92
Langenlehsten,53.50,10.74
Langenleuba-Niederhain,50.96,12.59
Langenlonsheim,49.90,7.90
Langenmosen,48.61,11.21
Langenneufnach,48.27,10.60
Langenorla,50.74,11.58
Langenpreising,48.43,11.97
Langensalzwedel,52.58,11.94
Langenscheid,50.36,7.95
Langenselbold,50.18,9.04
Langensendelbach,49.64,11.07
Langenstein,51.86,10.99
Langenthal,49.83,7.57
Langenweißbach,50.64,12.61
Langenweißbach Grünau,50.65,12.61
Langenweißbach Langenbach,50.64,12.64
Langenweißbach Weißbach,50.63,12.59
Langenwetzendorf,50.68,12.09
Langenwolschendorf,50.64,11.95
Langenzenn,49.49,10.79
Langeoog,53.75,7.48
Langerringen,48.15,10.76
Langerwehe,50.82,6.35
Langerwisch,52.32,13.07
Langewahl,52.33,14.10
Langewiesen,50.67,10.97
Langfurth,49.10,10.45
Langgöns,50.50,8.67
Langhagen,53.69,12.44
Langlingen,52.56,10.28
Langquaid,48.82,12.05
Langscheid,50.38,7.12
Langsdorf,54.08,12.72
Langstedt,54.62,9.38
Langsur,49.72,6.50
Langula,51.15,10.42
Langwedel,52.98,9.19
Langwedel,54.21,9.93
Langweid am Lech,48.48,10.85
Langweiler,49.67,7.52
Langweiler,49.78,7.18
Langwieden,49.38,7.50
Lankau,53.67,10.67
Lanke,52.76,13.57
Lansen,53.60,12.76
Lanz,53.07,11.60
Lanze,53.39,10.60
Lapitz,53.55,13.09
Lappersdorf,49.05,12.09
Lasbek,53.73,10.37
Lascheid,50.12,6.42
Lasel,50.12,6.47
Lassahn,53.60,10.95
Lassan,53.95,13.85
Lastrup,52.79,7.87
Latdorf,51.81,11.80
Latendorf,54.00,10.07
Lathen,52.87,7.32
Laubach,50.05,7.50
Laubach,50.23,7.07
Laubach,50.54,8.99
Lauben,47.78,10.30
Lauben,48.06,10.29
Laubenheim,49.92,7.90
Laubsdorf,51.67,14.44
Laucha,50.93,10.58
Laucha,51.22,11.68
Lauchhammer,51.49,13.77
Lauchheim,48.87,10.24
Lauchringen,47.63,8.31
Lauchröden,50.99,10.16
Lauda-Königshofen,49.57,9.71
Laudenbach,49.61,8.65
Laudenbach,49.75,9.18
Laudert,50.08,7.60
Lauenau,52.27,9.37
Lauenau Feggendorf,52.28,9.39
Lauenau Lauenau,52.27,9.37
Lauenbrück,53.20,9.57
Lauenburg/Elbe,53.37,10.55
Lauenförde,51.66,9.39
Lauenhagen,52.36,9.21
Lauenhagen Hülshagen,52.37,9.23
Lauenhagen Lauenhagen,52.36,9.21
Lauf,48.65,8.13
Lauf an der Pegnitz,49.51,11.28
Laufach,50.02,9.30
Laufeld,50.08,6.87
Laufen,47.94,12.93
Laufenburg,47.57,8.06
Laufersweiler,49.90,7.30
Lauffen am Neckar,49.07,9.15
Laugna,48.53,10.70
Lauingen (Donau),48.57,10.43
Laumersheim,49.55,8.24
Lauperath,50.08,6.33
Laupheim,48.23,9.88
Laurenburg,50.33,7.91
Lauscha,50.48,11.16
Lauschied,49.73,7.62
Lausnitz bei Neustadt an der Orla,50.73,11.73
Lausnitz bei Pößneck,50.67,11.50
Lauta,51.45,14.10
Lautenbach,48.52,8.12
Lauter,49.97,10.79
Lauter/Sachsen,50.57,12.73
Lauterach,48.26,9.58
Lauterbach,48.23,8.35
Lauterbach,50.64,9.40
Lauterbach,51.07,10.35
Lauterecken,49.65,7.59
Lauterhofen,49.37,11.60
Lautersheim,49.59,8.10
Lauterstein,48.71,9.87
Lautert,50.17,7.83
Lautertal,49.73,8.70
Lautertal,50.33,10.97
Lautertal,50.58,9.28
Lautrach,47.90,10.12
Lautzenbrücken,50.67,7.96
Lautzenhausen,49.93,7.27
Laußig,51.55,12.63
Laußnitz,51.25,13.88
Lawalde,51.08,14.60
Lawitz,52.11,14.64
Lebach,49.41,6.91
Lebehn,53.37,14.33
Lebendorf,51.72,11.79
Lebien,51.72,12.94
Lebrade,54.22,10.42
Lebus,52.43,14.53
Lebus Lebus,52.42,14.53
Lebus Mallnow,52.46,14.49
Lebus Schönfließ,52.42,14.47
Lebus Wulkow,52.40,14.47
Lebusa,51.80,13.42
Lechbruck,47.70,10.79
Leck,54.77,8.98
Lederhose,50.80,11.92
Leegebruch,52.72,13.19
Leer (Ostfriesland),53.23,7.48
Leese,52.50,9.12
Leeskow,52.02,14.41
Leetza,51.89,12.82
Leezdorf,53.55,7.30
Leezen,53.66,11.50
Leezen,53.87,10.25
Legau,47.86,10.13
Legde/Quitzöbel,52.91,11.98
Legden,52.03,7.10
Lehe,53.00,7.33
Lehe,54.34,9.02
Lehesten,50.47,11.45
Lehesten,50.98,11.58
Lehmen,50.28,7.45
Lehmkuhlen,54.23,10.37
Lehmrade,53.59,10.75
Lehnitz,52.74,13.26
Lehnstedt,50.93,11.43
Lehrberg,49.35,10.51
Lehre,52.33,10.67
Lehrensteinsfeld,49.13,9.33
Lehrte,52.37,9.98
Lehsen,53.49,11.03
Leibchel,52.03,14.08
Leibertingen,48.04,9.01
Leiblfing,48.78,12.52
Leichlingen,51.11,7.02
Leidenborn,50.13,6.22
Leidersbach,49.90,9.22
Leienkaul,50.22,7.08
Leiferde,52.44,10.43
Leimbach,50.02,6.25
Leimbach,50.40,6.93
Leimbach,50.82,10.20
Leimbach,51.36,11.55
Leimen,49.27,7.77
Leimen,49.35,8.69
Leimersheim,49.12,8.35
Leinach,49.86,9.80
Leinatal,50.86,10.63
Leinburg,49.45,11.31
Leinefelde,51.39,10.33
Leinfelden-Echterdingen,48.69,9.17
Leingarten,49.15,9.12
Leiningen,50.13,7.57
Leinsweiler,49.18,8.02
Leinzell,48.85,9.88
Leipe,51.86,14.04
Leipheim,48.45,10.22
Leippe-Torno,51.42,14.07
Leipzig,51.34,12.32
Leipzig,51.34,12.38
Leipzig,51.37,12.33
Leipzig,51.37,12.38
Leisel,49.72,7.20
Leislau,51.08,11.74
Leisnig,51.16,12.93
Leitzkau,52.06,11.95
Leitzweiler,49.58,7.22
Leiwen,49.82,6.88
Leizen,53.37,12.47
Leißling,51.18,11.91
Lelkendorf,53.84,12.73
Lemberg,49.17,7.65
Lembruch,52.53,8.35
Lemförde,52.47,8.38
Lemgo,52.03,8.90
Lemgow,52.92,11.33
Lemnitz,50.72,11.83
Lemwerder,53.17,8.62
Lengdorf,48.26,12.05
Lengede,52.20,10.31
Lengefeld,50.72,13.19
Lengefeld,51.50,11.27
Lengenbostel,53.30,9.52
Lengenfeld,50.57,12.36
Lengenfeld unterm Stein,51.22,10.22
Lengenwang,47.70,10.60
Lengerich,52.19,7.86
Lengerich,52.55,7.53
Lengfeld,50.53,10.65
Lenggries,47.68,11.57
Lenne,51.89,9.68
Lennestadt,51.12,8.07
Lenningen,48.56,9.47
Lensahn,54.22,10.88
Lenterode,51.33,10.07
Lentföhrden,53.87,9.88
Lenting,48.81,11.46
Lenzen (Elbe),53.08,11.48
Lenzkirch,47.87,8.20
Leonberg,48.80,9.02
Leonberg,49.95,12.29
Leopoldina Krankenhaus,50.05,10.24
Leopoldshagen,53.77,13.89
Leopoldshöhe,52.01,8.70
Leppin,52.89,11.57
Leps,51.92,12.05
Letschin,52.64,14.36
Lettweiler,49.73,7.73
Letzlingen,52.45,11.49
Leuben-Schleinitz,51.15,13.33
Leubnitz,50.72,12.36
Leubsdorf,50.55,7.30
Leubsdorf,50.80,13.17
Leuchtenberg,49.60,12.26
Leun,50.55,8.36
Leuna,51.32,12.02
Leupoldsgrün,50.30,11.80
Leussow,53.28,11.29
Leutenbach,48.89,9.39
Leutenbach,49.71,11.17
Leutenberg,50.56,11.46
Leutenthal,51.05,11.37
Leuterod,50.50,7.82
Leutersdorf,50.52,10.55
Leutersdorf,50.95,14.65
Leutershausen,49.30,10.41
Leutesdorf,50.45,7.38
Leutkirch im Allgäu,47.83,10.02
Levenhagen,54.09,13.27
Leverkusen,51.03,6.99
Leverkusen,51.03,7.05
Leverkusen,51.05,7.06
Leverkusen,51.06,6.96
Levitzow,53.84,12.58
Lexgaard,54.83,8.93
Lexow,53.43,12.50
Libbesdorf,51.77,12.11
Liboriusblatt,51.67,7.76
Lich,50.52,8.82
Licht im Osten,48.83,9.13
Lichte,50.52,11.18
Lichtenau,48.73,8.00
Lichtenau,49.28,10.69
Lichtenau,50.91,12.99
Lichtenau,51.62,8.90
Lichtenberg,50.38,11.68
Lichtenberg,51.18,13.97
Lichtenberg/Erzgebirge,50.83,13.42
Lichtenborn,50.12,6.30
Lichtenfels,50.15,11.06
Lichtenfels,51.16,8.80
Lichtenhain/Bergbahn,50.60,11.13
Lichtenow,52.48,13.91
Lichtenstein,48.44,9.25
Lichtenstein/Sachsen,50.74,12.65
Lichtentanne,50.69,12.43
Lichtenwald,48.75,9.48
Lichterfeld,51.60,13.78
Lichterfelde,52.86,11.88
Liebenau,51.50,9.28
Liebenau,52.60,9.10
Liebenburg,52.02,10.43
Liebenscheid,50.70,8.10
Liebenstein,50.77,10.85
Liebenthal,52.91,13.46
Liebenwalde,52.87,13.39
Lieberose,51.98,14.30
Lieblingshof,54.03,12.33
Liebschützberg,51.33,13.16
Liebshausen,50.03,7.63
Liebstadt,50.86,13.86
Liebstedt,51.05,11.40
Liederbach am Taunus,50.12,8.49
Liedersdorf,51.47,11.43
Lieg,50.13,7.35
Lienen,52.15,7.98
Liepe,52.61,12.60
Liepe,52.86,13.97
Liepen,53.89,13.47
Liepgarten,53.72,14.03
Lierfeld,50.13,6.37
Lierschied,50.17,7.75
Liesenich,50.08,7.28
Lieser,49.92,7.02
Lieskau,51.50,11.86
Lieskau,51.57,14.53
Lieskau,51.62,13.81
Liessow,53.89,12.34
Liesten,52.79,11.29
Lieth,54.16,9.06
Lietzen,52.47,14.34
Lietzow,52.62,12.83
Lietzow,54.48,13.51
Ließem,50.03,6.48
Lilienthal,53.14,8.90
Limbach,49.46,9.21
Limbach,49.73,7.55
Limbach,50.58,12.25
Limbach,50.70,7.80
Limbach-Oberfrohna,50.86,12.76
Limburg an der Lahn,50.38,8.06
Limburgerhof,49.42,8.39
Limeshain,50.26,8.98
Linau,53.64,10.47
Lind,50.32,7.03
Lind,50.50,6.93
Linda (Elster),51.85,13.12
Linda bei Neustadt an der Orla,50.68,11.78
Linda bei Weida,50.80,12.20
Lindau,52.04,12.11
Lindau,54.38,9.90
Lindau (Bodensee),47.55,9.71
Lindauer Zeitung,47.55,9.68
Lindberg,49.04,13.25
Linden,49.35,7.65
Linden,50.54,8.65
Linden,50.60,7.85
Linden,54.25,9.18
Lindena,51.59,13.54
Lindenau,51.40,13.73
Lindenberg,49.38,8.10
Lindenberg,52.60,13.52
Lindenberg,53.04,12.13
Lindenberg,53.76,13.02
Lindenberg im Allgäu,47.60,9.89
Lindendorf,52.49,14.43
Lindendorf Dolgelin,52.50,14.41
Lindendorf Libbenichen,52.48,14.44
Lindendorf Neu Mahlisch,52.48,14.39
Lindendorf Sachsendorf,52.51,14.48
Lindenfels,49.68,8.78
Lindenkreuz,50.85,11.92
Lindenschied,49.90,7.40
Lindern (Oldenburg),52.85,7.78
Lindetal,53.48,13.43
Lindewerra,51.32,9.95
Lindewitt,54.70,9.20
Lindhorst,52.36,9.28
Lindhorst Lindhorst,52.36,9.28
Lindhorst Ottensen,52.37,9.30
Lindhorst Schöttlingen,52.35,9.28
Lindig,50.78,11.60
Lindlar,51.02,7.38
Lindow (Mark),52.97,12.99
Lindow (Mark) Hindenberg,53.03,13.00
Lindow (Mark) Schönberg (Mark),52.93,12.97
Lindstedt,52.59,11.53
Lindthal,51.66,13.78
Lindtorf,52.68,11.91
Lindwedel,52.61,9.69
Lingen,52.51,7.31
Lingenfeld,49.25,8.34
Lingerhahn,50.09,7.56
Linkenbach,50.58,7.55
Linkenheim-Hochstetten,49.13,8.41
Linklaters LLP Rechtsanwälte Notare Steuerberater,52.51,13.38
Linnich,50.98,6.27
Linsburg,52.59,9.30
Linsengericht,50.17,9.22
Linthe,52.20,12.79
Lintig,53.60,8.88
Linz am Rhein,50.57,7.28
Lippersdorf-Erdmannsdorf,50.83,11.79
Lippetal,51.68,8.12
Lipporn,50.13,7.87
Lipprechterode,51.46,10.55
Lippstadt,51.68,8.34
Lipten,51.65,13.93
Lirstal,50.25,7.03
Lisberg,49.88,10.73
Lissendorf,50.32,6.60
List,55.02,8.43
Listerfehrda,51.82,12.85
Litzendorf,49.91,11.01
Livv.at,48.14,11.57
Lobbach,49.37,8.89
Lobenstein,50.49,11.59
Lobetal,52.73,13.59
Lobstädt,51.13,12.45
Loburg,52.12,12.08
Lochum,50.61,7.87
Lockstedt,54.00,9.68
Lockwisch,53.83,10.87
Loddin,54.02,14.01
Loffenau,48.77,8.38
Logistik Bild,51.45,7.02
Lohbarbek,53.95,9.64
Lohberg,49.18,13.11
Lohe-Föhrden,54.33,9.53
Lohe-Rickelshof,54.19,9.07
Lohfelden,51.27,9.53
Lohkirchen,48.32,12.45
Lohmar,50.84,7.21
Lohme,54.58,13.61
Lohmen,50.99,14.00
Lohmen,53.68,12.09
Lohne (Oldenburg),52.66,8.22
Lohnsfeld,49.55,7.85
Lohnweiler,49.63,7.60
Lohr am Main,49.99,9.57
Lohra,50.73,8.63
Lohrheim,50.32,8.05
Lohsa,51.38,14.40
Loibersdorf bei Großhelfendorf,47.96,11.84
Loiching,48.62,12.43
Loissin,54.11,13.53
Loit,54.62,9.70
Loitsche,52.30,11.70
Loitz,53.98,13.14
Loitzendorf,49.08,12.66
Lollar,50.65,8.70
Lollschied,50.26,7.87
Lommatzsch,51.20,13.31
Longen,49.80,6.78
Longkamp,49.89,7.12
Longuich,49.81,6.77
Lonnerstadt,49.70,10.77
Lonnig,50.31,7.41
Lonsee,48.54,9.92
Lonsheim,49.78,8.08
Looft,54.03,9.52
Loop,54.15,9.95
Loose,54.52,9.88
Lorch,48.80,9.69
Lorch,50.05,7.80
Lorsch,49.65,8.57
Lorscheid,49.73,6.85
Lorup,52.92,7.64
Losenrade,52.97,11.77
Losheim am See,49.52,6.74
Lossa,51.22,11.41
Losse,52.87,11.67
Lostau,52.21,11.74
Lotte,52.28,7.92
Lotterie-Einnahme Hans Herzog,53.65,10.04
Lottorf,54.45,9.57
Lottstetten,47.63,8.57
Loxstedt,53.47,8.65
Loßburg,48.40,8.45
Lubmin,54.14,13.62
Lucka,51.10,12.33
Luckaitztal,51.68,14.00
Luckau,51.83,13.67
Luckau,52.93,11.05
Luckenau,51.09,12.08
Luckenbach,50.70,7.83
Luckenwalde,52.09,13.17
Luckow,53.71,14.16
Luckow-Petershagen,53.24,14.26
Luckwitz,53.52,11.15
Ludorf,53.38,12.67
Ludwig Görtz,51.35,12.17
Ludwigsau,50.90,9.77
Ludwigsburg,48.91,9.18
Ludwigschorgast,50.13,11.56
Ludwigsfelde,52.30,13.25
Ludwigshafen am Rhein,49.48,8.44
Ludwigshöhe,49.82,8.34
Ludwigslust,53.33,11.50
Ludwigsstadt,50.49,11.39
Ludwigswinkel,49.08,7.67
Lufthansa WorldShop,51.88,8.44
Lug,49.18,7.90
Lug,51.63,13.93
Lugau,51.61,13.60
Lugau/Erzgebirge,50.73,12.75
Luhden,52.23,9.09
Luhden Luhden,52.23,9.10
Luhden Schermbeck,52.22,9.07
Luhe-Wildenau,49.58,12.15
Luhnstedt,54.17,9.70
Luisenthal,50.78,10.73
Lumpzig,50.95,12.27
Lunden,54.33,9.03
Lunestedt,53.44,8.75
Lunow-Stolzenhagen,52.93,14.11
Lunzenau,50.96,12.76
Lunzig,50.71,12.09
Lupburg,49.16,11.76
Lupendorf,53.64,12.64
Luppenau,51.37,12.05
Luso,51.96,12.13
Lustadt,49.24,8.27
Lutheran,53.46,12.00
Lutherstadt Eisleben,51.53,11.53
Lutherstadt Wittenberg,51.87,12.61
Lutter,51.33,10.12
Lutter am Barenberge,51.99,10.27
Lutterbek,54.40,10.28
Lutzerath,50.13,7.01
Lutzhorn,53.83,9.77
Lutzingen,48.65,10.55
Lutzketal,51.98,14.62
Luxem,50.33,7.10
Lychen,53.21,13.31
Lykershausen,50.20,7.67
Lägerdorf,53.88,9.58
Lähden,52.75,7.57
Lärz,53.29,12.75
Löbau,51.10,14.67
Löbejün,51.64,11.90
Löben,51.77,13.08
Löberitz,51.65,12.15
Löberschütz,50.97,11.70
Löbichau,50.89,12.31
Löbitz,51.09,11.88
Löbnitz,51.59,12.46
Löbnitz,51.86,11.68
Löbnitz,54.30,12.72
Löbnitz an der Linde,51.74,11.88
Löchgau,49.00,9.11
Löcknitz,53.45,14.21
Lödderitz,51.88,11.95
Löderburg,51.88,11.54
Lödla,51.00,12.38
Löf,50.23,7.43
Löffingen,47.88,8.34
Löhma,50.61,11.85
Löhnberg,50.51,8.27
Löhne,52.19,8.69
Löllbach,49.68,7.58
Löningen,52.74,7.76
Löpten,52.15,13.69
Löptin,54.18,10.22
Lörrach,47.62,7.66
Lörzweiler,49.90,8.29
Lösnich,49.97,7.03
Lötzbeuren,49.93,7.22
Löwenberger Land,52.90,13.17
Löwenstedt,54.62,9.17
Löwenstein,49.10,9.38
Löwitz,53.72,13.72
Löwitz,53.79,11.01
Lößnitz,50.62,12.73
Lübars,52.17,12.12
Lübbecke,52.31,8.61
Lübben (Spreewald),51.95,13.89
Lübbenau/Spreewald,51.86,13.96
Lübberstedt,53.33,8.80
Lübberstorf,53.86,11.73
Lübbow,52.91,11.18
Lübeck,53.85,10.68
Lübeck,53.87,10.65
Lübeck,53.87,10.69
Lübeck,53.89,10.76
Lübesse,53.49,11.46
Lüblow,53.42,11.45
Lübow,53.85,11.52
Lübs,52.02,11.94
Lübs,53.73,13.88
Lübtheen,53.30,11.08
Lübz,53.46,12.03
Lüchow,52.97,11.15
Lüchow,53.68,10.53
Lückenburg,49.73,6.97
Lückstedt,52.82,11.59
Lüdelsen,52.69,10.94
Lüdenscheid,51.23,7.63
Lüder,52.81,10.67
Lüderitz,52.51,11.74
Lüdersburg,53.32,10.57
Lüdersdorf,52.19,13.29
Lüdersdorf,53.83,10.81
Lüdersfeld,52.36,9.25
Lüdersfeld Lüdersfeld,52.36,9.25
Lüdersfeld Vornhagen,52.34,9.25
Lüdershagen,54.30,12.61
Lüdinghausen,51.77,7.44
Lüerdissen,51.95,9.62
Lügde,51.96,9.25
Lühburg,53.99,12.60
Lühmannsdorf,54.01,13.64
Lühsdorf,52.16,12.97
Lülsfeld,49.87,10.32
Lünebach,50.13,6.35
Lüneburg,53.23,10.41
Lüneburg,53.26,10.44
Lünen,51.61,7.52
Lünne,52.43,7.43
Lürschau,54.55,9.50
Lüssow,53.84,12.14
Lüssow,53.91,13.50
Lüssow,54.28,13.03
Lütau,53.43,10.55
Lütetsburg,53.60,7.25
Lütjenburg,54.29,10.59
Lütjenholm,54.68,9.02
Lütjensee,53.65,10.37
Lütjenwestedt,54.13,9.48
Lütow,54.01,13.88
Lüttchendorf,51.50,11.63
Lüttgenrode,51.97,10.66
Lüttow,53.53,10.89
Lütz,50.17,7.35
Lützelbach,49.79,9.08
Lützen,51.26,12.14
Lützkampen,50.15,6.18
Lützow,53.65,11.18
MDC Max-Delbrück-Centrum für molekulare Medizin,52.63,13.50
MVZ Labor Ravensburg GbR,47.79,9.62
MZV,48.30,11.62
Maasbüll,54.78,9.52
Maasdorf,51.68,11.96
Maasen,52.69,8.88
Maasholm,54.68,9.98
Machern,51.37,12.63
Macken,50.18,7.40
Mackenbach,49.47,7.58
Mackenrode,51.30,10.07
Mackenrodt,49.72,7.25
Madlitz-Wilmersdorf,52.39,14.26
Madlitz-Wilmersdorf Alt Madlitz,52.38,14.28
Madlitz-Wilmersdorf Falkenberg,52.38,14.24
Madlitz-Wilmersdorf Wilmersdorf,52.40,14.27
Magdala,50.91,11.45
Magdeburg,52.08,11.59
Magdeburg,52.09,11.66
Magdeburg,52.16,11.63
Magdeburg,52.18,11.65
Magdeburgerforth,52.23,12.19
Magistrat der Stadt Bad Vilbel,50.21,8.75
Magistrat der Stadt Bensheim,49.69,8.62
Magistrat der Stadt Hofheim Ts.,50.09,8.45
Magistrat der Stadt Hünfeld,50.67,9.77
Magistrat der Stadt Kronberg,50.18,8.51
Magistrat der Stadt Viernheim,49.54,8.58
Magstadt,48.74,8.97
Mahlberg,48.29,7.81
Mahlow,52.36,13.41
Mahlstetten,48.07,8.84
Mahlwinkel,52.39,11.79
Mahnstelle Amtsgericht Mayen,50.33,7.23
Maierhöfen,47.65,10.05
Maihingen,48.93,10.50
Maikammer,49.31,8.13
Main-Taunus-Kreis Kreisausschuß,50.08,8.45
Mainaschaff,49.98,9.09
Mainbernheim,49.71,10.22
Mainburg,48.64,11.78
Mainhardt,49.08,9.56
Mainhausen,50.01,8.99
Mainleus,50.10,11.38
Mainstockheim,49.77,10.15
Maintal,50.15,8.83
Mainz,50.00,8.27
Mainz,50.02,8.23
Mainz-Kastel,50.01,8.28
Mainz-Kostheim,50.01,8.31
Maisach,48.22,11.27
Maisborn,50.08,7.58
Maitenbeth,48.15,12.09
Maitzborn,49.93,7.43
Malberg,50.05,6.58
Malberg,50.72,7.82
Malbergweich,50.06,6.55
Malborn,49.72,6.98
Malchin,53.74,12.77
Malching,48.36,13.19
Malchow,53.47,12.42
Malente,54.17,10.56
Malgersdorf,48.53,12.75
Malitschkendorf,51.69,13.33
Malk Göhren,53.22,11.38
Malk Göhren Göhren,53.22,11.37
Malk Göhren Malk,53.22,11.38
Mallentin,53.88,11.08
Mallersdorf-Pfaffenberg,48.77,12.23
Mallin,53.54,13.14
Malliß,53.21,11.33
Malsburg-Marzell,47.73,7.71
Malsch,48.88,8.33
Malsch,49.25,8.68
Malschwitz,51.24,14.52
Malsfeld,51.09,9.54
Malterdingen,48.16,7.79
Malz,52.80,13.29
Mammelzen,50.70,7.67
Mammendorf,48.21,11.16
Mamming,48.65,12.61
Manching,48.72,11.49
Mandel,49.85,7.77
Mandelbachtal,49.18,7.17
Mandelshagen,54.15,12.37
Mandern,49.60,6.77
Manderscheid,50.10,6.35
Manderscheid,50.10,6.81
Mangelsdorf,52.51,12.07
Manhagen,54.20,10.92
Mankmuß,53.13,11.67
Mannebach,49.63,6.52
Mannebach,50.28,6.98
Mannesmann Mobilfunk,51.88,8.44
Mannhausen,52.42,11.22
Mannheim,49.49,8.47
Mannheim,49.55,8.45
Mannstedt,51.13,11.38
Mannweiler-Cölln,49.68,7.78
Mansfeld,51.59,11.45
Mantel,49.65,12.04
Manubach,50.03,7.75
Marbach am Neckar,48.97,9.33
Marburg,50.80,8.76
March,48.07,7.78
Margetshöchheim,49.84,9.86
Mariannenhospital,51.55,7.91
Mariaposching,48.83,12.80
Marien-Hospital,51.45,7.34
Marien-Hospital,51.65,7.08
Marienberg,50.61,13.19
Marienborn,52.15,11.20
Marienfels,50.24,7.81
Marienfließ,53.32,12.12
Marienhafe,53.52,7.27
Marienhagen,52.04,9.69
Marienhausen,50.56,7.69
Marienheide,51.08,7.53
Marienhospital,50.83,6.90
Marienhospital Ückendorf,51.50,7.10
Marienkrankenhaus,51.57,8.11
Marienmünster,51.83,9.22
Marienrachdorf,50.55,7.72
Mariental,52.28,10.98
Marienthal,49.64,7.89
Marienthal,53.05,13.28
Marienthal,53.57,14.15
Marienwerder,52.84,13.60
Marihn,53.53,13.00
Marinearsenal,53.52,8.13
Maring-Noviand,49.93,7.00
Marisfeld,50.56,10.57
Mark Landin,53.11,14.09
Markdorf,47.72,9.39
Marke,51.73,12.25
Markee,52.58,12.87
Markersbach,50.54,12.86
Markersdorf,51.13,14.88
Markgröningen,48.90,9.08
Markkleeberg,51.28,12.37
Marklkofen,48.55,12.57
Marklohe,52.67,9.14
Markneukirchen,50.31,12.33
Markranstädt,51.30,12.22
Marksuhl,50.92,10.20
Markt Berolzheim,49.01,10.84
Markt Bibart,49.65,10.42
Markt Einersheim,49.69,10.29
Markt Erlbach,49.49,10.65
Markt Indersdorf,48.36,11.38
Markt Nordheim,49.59,10.36
Markt Rettenbach,47.95,10.40
Markt Schwaben,48.19,11.87
Markt Taschendorf,49.70,10.56
Markt Wald,48.14,10.58
Marktbergel,49.44,10.36
Marktbreit,49.67,10.15
Marktgraitz,50.18,11.19
Marktgölitz,50.56,11.34
Marktheidenfeld,49.85,9.60
Marktl,48.26,12.84
Marktleugast,50.17,11.63
Marktleuthen,50.13,12.00
Marktoberdorf,47.78,10.62
Marktoffingen,48.93,10.47
Marktredwitz,50.00,12.09
Marktrodach,50.25,11.38
Marktschellenberg,47.70,13.04
Marktschorgast,50.09,11.65
Marktsteft,49.70,10.14
Marktzeuln,50.17,11.17
Markvippach,51.08,11.18
Markwerben,51.22,11.94
Marl,51.65,7.08
Marl,51.66,7.11
Marl,52.48,8.37
Marlishausen,50.82,11.02
Marloffstein,49.62,11.06
Marlow,54.15,12.57
Marne,53.95,9.01
Marnerdeich,53.95,8.98
Marnheim,49.63,8.04
Marnitz,53.32,11.93
Maroldsweisach,50.20,10.66
Marolterode,51.23,10.68
Maroth,50.58,7.69
Marpingen,49.45,7.06
Marquardt,52.46,12.97
Marquartstein,47.76,12.46
Marsberg,51.46,8.85
Marschacht,53.42,10.38
Marsdorf,51.16,13.77
Martensrade,54.28,10.40
Martfeld,52.88,9.06
Marth,51.38,10.00
Martin-Luther-Krankenhaus Akademisches Lehrkrankenhaus,52.49,13.29
Martinroda,50.72,10.89
Martinroda,50.80,10.07
Martinsheim,49.62,10.15
Martinshöhe,49.37,7.48
Martinsrieth,51.44,11.24
Martinstein,49.80,7.53
Marxen,53.31,10.00
Marxheim,48.74,10.95
Marxzell,48.87,8.45
Marzhausen,50.69,7.76
Marzling,48.41,11.79
Masburg,50.24,7.12
Maschinenbau- und Metallberufsgenossenschaft,51.50,7.50
Maselheim,48.13,9.88
Massen,51.64,13.73
Massenbachhausen,49.18,9.04
Masserberg,50.52,10.97
Massing,48.39,12.61
Massow,53.31,12.42
Mastershausen,50.07,7.35
Masthorn,50.15,6.30
Material Marketing Solutions Limited UK,52.17,9.99
Matgendorf,53.86,12.50
Mattstedt,51.05,11.52
Matzenbach,49.50,7.47
Matzerath,50.15,6.38
Matzlow-Garwitz,53.45,11.70
Mauchenheim,49.72,8.05
Mauden,50.72,8.00
Mauel,50.07,6.40
Mauer,49.34,8.80
Mauern,48.52,11.90
Mauerstetten,47.89,10.67
Maulbronn,49.00,8.80
Maulburg,47.65,7.78
Mauschbach,49.18,7.40
Mauth,48.89,13.58
Max-Planck-Institut,52.42,12.97
Max-Planck-Institut für Kohlenforschung,51.42,6.89
Max-Planck-Institut für Multidisziplinäre Naturwissenschaften,51.56,9.97
Max-Planck-Institut für Plasmaphysik,48.26,11.67
Max-Planck-Institut für Quantenoptik,48.26,11.67
Max-Planck-Institut für Stoffwechselforschung,50.93,6.92
Maxdorf,49.49,8.29
Maxhütte-Haidhof,49.20,12.09
Maxsain,50.54,7.79
Mayen,50.33,7.22
Mayschoß,50.52,7.02
Maßbach,50.18,10.28
Maßweiler,49.27,7.53
Mc Donalds Stichwort:neue Geschmackswelt,51.88,8.44
Mc Donalds happybirthday.de,51.88,8.44
McDonalds,51.88,8.44
Mechau,52.87,11.35
Mechelroda,50.91,11.38
Mechernich,50.64,6.70
Mechow,53.72,10.80
Mechtersen,53.28,10.32
Mechterstädt,50.94,10.52
Meckel,49.89,6.52
Meckenbach,49.62,7.10
Meckenbach,49.78,7.50
Meckenbeuren,47.70,9.57
Meckenheim,49.40,8.24
Meckenheim,50.62,7.03
Meckesheim,49.32,8.82
Medard,49.67,7.62
Meddersheim,49.78,7.62
Meddewade,53.81,10.44
Medebach,51.20,8.71
Medelby,54.81,9.17
Medialog,49.49,8.49
Medizinische Dienst Bund,51.41,6.98
Medlingen,48.57,10.32
Medow,53.84,13.53
Meeder,50.32,10.91
Meerane,50.85,12.46
Meerbeck,52.34,9.15
Meerbeck Kuckshagen,52.34,9.13
Meerbeck Meerbeck,52.34,9.15
Meerbeck Volksdorf,52.34,9.12
Meerbusch,51.25,6.69
Meerbusch,51.27,6.65
Meerfeld,50.09,6.76
Meersburg,47.69,9.27
Meesiger,53.81,12.92
Meezen,54.05,9.70
Megesheim,48.93,10.65
Meggerdorf,54.35,9.40
Mehlbach,49.52,7.72
Mehlbek,54.00,9.43
Mehlingen,49.49,7.85
Mehlmeisel,49.97,11.86
Mehltheuer,50.55,12.04
Mehmels,50.63,10.33
Mehmke,52.73,10.96
Mehna,50.97,12.32
Mehren,50.18,6.88
Mehren,50.68,7.50
Mehring,48.18,12.78
Mehring,49.80,6.83
Mehringen,51.73,11.51
Mehrow,52.57,13.62
Mehrstetten,48.38,9.57
Meiersberg,53.70,13.94
Meilendorf,51.72,12.10
Meinborn,50.50,7.57
Meine,52.38,10.54
Meinersen,52.47,10.35
Meinerzhagen,51.11,7.65
Meineweh,51.08,11.99
Meinhard,51.22,10.07
Meinheim,49.03,10.82
Meiningen,50.57,10.42
Meisburg,50.12,6.68
Meisdorf,51.71,11.29
Meisenheim,49.71,7.67
Meitingen,48.55,10.85
Meißen,51.16,13.49
Meißenheim,48.41,7.77
Meißner,51.20,9.93
Melbeck,53.18,10.40
Melchow,52.78,13.71
Meldorf,54.09,9.07
Melkof,53.36,11.02
Melle,52.20,8.34
Mellen,53.15,11.59
Mellenbach-Glasbach,50.62,11.10
Mellensee,52.18,13.43
Mellenthin,53.92,14.01
Mellin,52.65,10.99
Mellingen,50.94,11.40
Mellinghausen,52.71,8.90
Mellnitz,51.90,12.91
Mellrichstadt,50.43,10.30
Melpers,50.55,10.15
Melsbach,50.48,7.48
Melsdorf,54.32,10.03
Melsungen,51.13,9.55
Melz,53.30,12.62
Memleben,51.27,11.49
Memmelsdorf,49.93,10.96
Memmingen,47.98,10.19
Memmingerberg,47.99,10.22
Menden,51.44,7.79
Menden,51.46,7.78
Mendhausen,50.38,10.47
Mendig,50.37,7.28
Mengen,48.05,9.33
Mengerschied,49.92,7.50
Mengerskirchen,50.56,8.16
Mengkofen,48.72,12.44
Menningen,49.83,6.48
Menslage,52.68,7.82
Menteroda,51.31,10.56
Menz,52.12,11.76
Menzendorf,53.85,11.01
Meppen,52.69,7.29
Merching,48.25,10.99
Merchweiler,49.35,7.05
Merdingen,48.02,7.68
Merenberg,50.51,8.19
Mering,48.27,10.98
Merkelbach,50.65,7.77
Merkendorf,49.20,10.70
Merkendorf,50.69,11.97
Merkers-Kieselbach,50.82,10.12
Merklingen,48.51,9.76
Merklingen Widderstall,48.53,9.71
Merlscheid,50.13,6.35
Mermuth,50.17,7.48
Merschbach,49.80,7.00
Merseburg,51.35,11.99
Mertendorf,51.00,11.78
Mertendorf,51.12,11.86
Mertesdorf,49.77,6.73
Mertesheim,49.57,8.14
Mertingen,48.66,10.81
Mertloch,50.27,7.31
Merxheim,49.79,7.56
Merzalben,49.24,7.73
Merzdorf,51.40,13.53
Merzen,52.48,7.83
Merzenich,50.83,6.52
Merzhausen,47.97,7.83
Merzig,49.44,6.64
Merzkirchen,49.58,6.48
Merzweiler,49.67,7.53
Meschede,51.35,8.28
Mescherin,53.25,14.43
Meseberg,52.27,11.53
Meseberg,52.81,11.81
Mesekenhagen,54.15,13.32
Mesendorf,53.10,12.13
Mesenich,50.10,7.20
Mespelbrunn,49.91,9.29
Messel,49.94,8.74
Messenkamp,52.26,9.38
Messenkamp Altenhagen II,52.26,9.40
Messenkamp Messenkamp,52.26,9.39
Messerich,49.93,6.48
Messingen,52.47,7.47
Mestlin,53.58,11.93
Metebach,50.97,10.61
Metelen,52.14,7.21
Metelsdorf,53.85,11.43
Metten,48.86,12.92
Mettendorf,49.95,6.33
Mettenheim,48.27,12.47
Mettenheim,49.74,8.33
Metterich,49.98,6.59
Mettingen,52.32,7.78
Mettlach,49.49,6.60
Mettmann,51.25,6.98
Mettweiler,49.58,7.32
Metzels,50.65,10.43
Metzenhausen,49.97,7.37
Metzingen,48.54,9.28
Meudt,50.50,7.89
Meura,50.58,11.20
Meuro,51.73,12.69
Meusebach,50.82,11.73
Meuselbach-Schwarzmühle,50.57,11.08
Meuselwitz,51.06,12.35
Meuspath,50.35,6.97
Mewegen,53.52,14.25
Mey & Edlich,51.33,12.35
Meyenburg,53.31,12.24
Meyn,54.76,9.22
Meßdorf,52.72,11.56
Meßkirch,47.99,9.11
Meßstetten,48.18,8.97
Michael Rihm SpreeBoPrint,52.52,13.39
Michelau im Steigerwald,49.90,10.43
Michelau in Oberfranken,50.17,11.11
Michelbach,50.02,7.45
Michelbach,50.68,7.67
Michelbach an der Bilz,49.07,9.76
Michelfeld,49.12,9.64
Michelin Reifenwerke,49.01,8.35
Micheln,51.81,11.97
Michelsneukirchen,49.12,12.55
Michelstadt,49.68,9.00
Michendorf,52.31,13.03
Mickhausen,48.24,10.64
Middelhagen,54.33,13.70
Midlum,53.73,8.62
Midlum,54.72,8.52
Miehlen,50.23,7.83
Miele,51.91,8.40
Miele & Cie Werk Oelde,51.87,8.16
Mielkendorf,54.28,10.05
Miellen,50.33,7.67
Miesbach,47.79,11.83
Miesitz,50.73,11.83
Mieste,52.50,11.17
Miesterhorst,52.46,11.14
Mietingen,48.18,9.90
Mihla,51.08,10.33
Milchwerke Köln / Wuppertal eG Campina U.A.,50.96,6.94
Milda,50.86,11.46
Mildenau,50.59,13.07
Mildenberg,53.01,13.29
Mildenitz,53.47,13.64
Mildstedt,54.47,9.10
Millienhagen-Oebelitz,54.20,12.82
Milmersdorf,53.11,13.64
Milow,52.52,12.31
Milow,53.19,11.54
Miltach,49.16,12.77
Miltenberg,49.70,9.27
Miltern,52.56,11.93
Miltzow,54.20,13.19
Milz,50.38,10.54
Milzau,51.38,11.90
Mindelheim,48.05,10.49
Mindelstetten,48.85,11.65
Minden,49.83,6.47
Minden,52.29,8.92
Minderlittgen,50.02,6.83
Minfeld,49.07,8.15
Minheim,49.86,6.94
Ministerpräsident des Freistaates Sachsen,51.06,13.75
Ministerpräsident des Landes Nordrhein- Westfalen,51.22,6.76
"Minsterium für Umwelt und Naturschutz, Landwirtschaft u.Verbraucherschutz NRW",51.23,6.78
Mintraching,48.95,12.24
Minzow,53.38,12.51
Mirow,53.28,12.82
Misselberg,50.31,7.77
Misselwarden,53.68,8.52
Missen,51.73,14.05
Missen-Wilhams,47.60,10.12
Missionshaus der Pallottiner,50.38,8.07
Mistelbach,49.91,11.51
Mistelgau,49.91,11.47
Mister Minit,48.14,11.57
Mistorf,53.88,12.14
Mittelbach bei Chemnitz,50.79,12.79
Mittelbiberach,48.08,9.75
Mittelbrunn,49.37,7.55
Mitteleschenbach,49.21,10.80
Mittelfischbach,50.25,7.96
Mittelhausen,51.43,11.46
Mittelherwigsdorf,50.92,14.77
Mittelhof,50.78,7.80
Mittelneufnach,48.18,10.60
Mittelnkirchen,53.54,9.62
Mittelpöllnitz,50.75,11.92
Mittelreidenbach,49.73,7.44
Mittelsinn,50.19,9.62
Mittelstenahe,53.65,9.03
Mittelstetten,48.25,11.10
Mittelstrimmig,50.08,7.28
Mittelsömmern,51.20,10.82
Mittenaar,50.70,8.38
Mittenwald,47.44,11.26
Mittenwalde,52.30,13.54
Mittenwalde,53.18,13.67
Mitterfels,48.98,12.68
Mitterskirchen,48.35,12.73
Mitterteich,49.95,12.24
Mittweida,50.99,12.98
Mitwitz,50.25,11.21
Mixdorf,52.20,14.40
Mlode,51.77,13.96
Mochau,51.13,13.18
Mochau,51.93,12.68
Mochow,51.98,14.19
Mockrehna,51.51,12.81
Modautal,49.76,8.72
Moers,51.45,6.64
Moers,51.45,6.67
Mogendorf,50.47,7.85
Mohlsdorf,50.67,12.27
Mohrkirch,54.67,9.72
Moisburg,53.41,9.70
Molau,51.06,11.78
Molbergen,52.85,7.97
Molfsee,54.27,10.07
Mollenstorf,53.50,13.02
Molmerswende,51.63,11.26
Molsberg,50.48,7.98
Molschleben,51.00,10.78
Moltzow,53.63,12.57
Molzhain,50.75,7.85
Mommenheim,49.88,8.27
Mondelez Deutschland,53.07,8.79
Monheim,48.84,10.86
Monheim am Rhein,51.09,6.89
Monheim am Rhein Baumberg,51.12,6.90
Monheim am Rhein Monheim,51.10,6.90
Monreal,50.30,7.17
Monschau,50.55,6.24
Monsheim,49.64,8.21
Monstab,51.00,12.35
Montabaur,50.44,7.82
Monzelfeld,49.89,7.07
Monzernheim,49.72,8.23
Monzingen,49.80,7.59
Moor-Rolofshagen,53.91,11.14
Moordiek,53.91,9.65
Moordorf,53.90,9.62
Moorenbrunn,49.40,11.17
Moorenweis,48.16,11.08
Moorgrund,50.85,10.28
Moorhusen,53.96,9.38
Moormerland,53.31,7.42
Moorrege,53.67,9.67
Moorweg,53.59,7.58
Moos,47.72,8.93
Moos,48.75,12.96
Moosach,48.03,11.88
Moosbach,49.59,12.41
Moosburg,48.08,9.60
Moosburg,48.47,11.94
Moosinning,48.28,11.84
Moosthenning,48.68,12.50
Moraas,53.42,11.30
Morbach,49.81,7.13
Morgenitz,53.92,13.97
Morgenröthe-Rautenkranz,50.45,12.51
Moringen,51.70,9.87
Moritz,52.00,12.03
Moritzburg,51.16,13.68
Moritzheim,50.05,7.27
Morl,51.55,11.92
Morsbach,50.87,7.73
Morscheid,49.73,6.75
Morschen,51.05,9.60
Morschheim,49.70,8.03
Morshausen,50.20,7.43
Morsleben,52.22,11.11
Morsum,52.95,9.08
Morungen,51.52,11.23
Morxdorf,51.90,12.94
Mosbach,49.35,9.15
Mosbruch,50.27,6.95
Moschheim,50.48,7.84
Moselkern,50.19,7.37
Moselland eG,49.93,7.06
Mossautal,49.65,8.93
Motten,50.40,9.77
Motzen,52.20,13.58
Moxa,50.65,11.63
Much,50.87,7.35
Mucheln,54.25,10.43
Muchow,53.31,11.69
Mudau,49.53,9.20
Mudenbach,50.67,7.73
Mudersbach,50.83,7.94
Mudershausen,50.28,8.03
Muggensturm,48.87,8.28
Muhr am See,49.15,10.72
Mulda/Sachsen,50.80,13.42
Muldenstein,51.67,12.35
Mulfingen,49.34,9.80
Mulsum,53.67,8.55
Mundelsheim,49.00,9.21
Munderkingen,48.24,9.64
Munkbrarup,54.80,9.57
Munningen,48.92,10.60
Munster,52.99,10.09
Murchin,53.91,13.74
Murg,47.55,8.02
Murnau am Staffelsee,47.68,11.20
Murr,48.96,9.26
Murrhardt,48.98,9.57
Muscheid (Eisen),50.88,8.03
Muschwitz,51.19,12.12
Music + More,50.95,6.95
Mustin,53.68,10.88
Mustin,53.70,11.97
Musweiler,50.02,6.80
Mutlangen,48.83,9.80
Mutterschied,49.98,7.57
Mutterstadt,49.44,8.36
Mutzschen,51.26,12.89
Muxerath,49.98,6.27
Mylau,50.62,12.27
Mähren,50.52,7.92
Mähring,49.91,12.52
Märkisch Buchholz,52.11,13.77
Märkisch Linden,52.93,12.71
Märkisch Luch,52.59,12.62
Märkisch Luch Barnewitz,52.57,12.62
Märkisch Luch Buschow,52.58,12.63
Märkisch Luch Garlitz,52.57,12.57
Märkisch Luch Möthlow,52.60,12.65
Märkische Höhe,52.62,14.13
Märkische Höhe Batzlow,52.63,14.12
Märkische Höhe Reichenberg,52.61,14.12
Märkische Höhe Ringenwalde,52.62,14.15
Märkischer Kreis,51.37,7.71
Möbel Kraft,53.94,10.30
Möckern,50.85,11.77
Möckern,52.21,11.97
Möckmühl,49.32,9.36
Mödingen,48.64,10.43
Mögglingen,48.82,9.96
Möglingen,48.89,9.13
Möhlau,51.73,12.35
Möhnesee,51.50,8.13
Möhnsen,53.57,10.45
Möhrenbach,50.62,11.00
Möhrendorf,49.63,11.00
Möllenbeck,53.29,11.74
Möllenbeck,53.39,13.34
Möllendorf,51.57,11.41
Möllenhagen,53.52,12.93
Möllensdorf,51.92,12.54
Möllern,51.16,11.70
Mölln,53.59,13.09
Mölln,53.62,10.69
Mölschow,54.08,13.83
Mölsheim,49.65,8.17
Mömbris,50.07,9.16
Mömlingen,49.86,9.08
Mönchberg,49.79,9.27
Mönchengladbach,51.14,6.41
Mönchengladbach,51.17,6.34
Mönchengladbach,51.20,6.44
Mönchengladbach,51.22,6.48
Mönchenholzhausen,50.97,11.15
Mönchenhöfe,51.78,13.06
Mönchhagen,54.19,12.29
Mönchpfiffel-Nikolausrieth,51.38,11.37
Mönchsdeggingen,48.78,10.58
Mönchsroth,49.02,10.36
Mönchweiler,48.10,8.42
Mönkeberg,54.35,10.18
Mönkebude,53.77,13.97
Mönkhagen,53.90,10.55
Mönkloh,53.89,9.79
Mönsheim,48.87,8.87
Möntenich,50.22,7.30
Mörel,54.12,9.73
Mörfelden-Walldorf,49.99,8.58
Möringen,52.59,11.75
Mörlen,50.70,7.88
Mörlenbach,49.60,8.73
Mörnsheim,48.87,11.01
Mörsbach,50.73,7.78
Mörschbach,50.02,7.62
Mörschied,49.79,7.30
Mörsdorf,50.10,7.35
Mörsdorf,50.87,11.80
Mörsfeld,49.75,7.93
Mörstadt,49.66,8.25
Möser,52.21,11.79
Mössingen,48.41,9.05
Mösthinsdorf,51.64,12.02
Möthlitz,52.48,12.39
Möttingen,48.81,10.59
Mötzing,48.89,12.37
Mötzingen,48.53,8.77
Mözen,53.92,10.25
Mücheln (Geiseltal),51.30,11.80
Mücka,51.32,14.70
Mücke,50.63,9.05
Mückeln,50.08,6.92
Müden,50.19,7.34
Müden (Aller),52.53,10.37
Mügeln,51.24,13.05
Müglitztal,50.91,13.82
Mühbrook,54.16,10.01
Mühl Rosin,53.76,12.21
Mühlacker,48.95,8.84
Mühlacker Tagblatt,48.95,8.86
Mühlanger,51.85,12.75
Mühlau,50.90,12.77
Mühlbeck,51.64,12.38
Mühlberg,50.87,10.82
Mühlberg (Elbe),51.43,13.22
Mühldorf am Inn,48.25,12.52
Mühlen Eichsen,53.76,11.25
Mühlenbach,48.25,8.12
Mühlenbarbek,53.96,9.67
Mühlenbeck,52.66,13.38
Mühlenberge,52.67,12.61
Mühlenfließ,52.12,12.79
Mühlenrade,53.60,10.48
Mühlental,50.45,12.48
Mühlhausen,49.17,11.45
Mühlhausen,49.25,8.73
Mühlhausen,49.75,10.78
Mühlhausen,51.21,10.45
Mühlhausen im Täle,48.57,9.65
Mühlhausen-Ehingen,47.81,8.81
Mühlhausen/Thüringen,51.19,10.53
Mühlheim,50.11,8.83
Mühlheim an der Donau,48.03,8.88
Mühlingen,47.92,9.02
Mühlpfad,50.12,7.56
Mühltal,49.82,8.71
Mühltroff,50.54,11.93
Mülbach,49.97,6.40
Mülheim,49.91,7.02
Mülheim an der Ruhr,51.43,6.82
Mülheim an der Ruhr,51.43,6.88
Mülheim an der Ruhr,51.44,6.96
Mülheim an der Ruhr,51.46,6.89
Mülheim-Kärlich,50.39,7.50
Müllenbach,50.22,7.07
Müllenbach,50.32,6.92
Müllheim,47.81,7.63
Müllrose,52.25,14.42
Mülsen,50.75,12.57
Mülsen Mülsen Sankt Jacob,50.73,12.58
Mülsen Mülsen Sankt Micheln,50.75,12.57
Mülsen Mülsen Sankt Niclas,50.72,12.61
Mülsen Niedermülsen,50.78,12.53
Mülsen Ortmannsdorf,50.71,12.63
"Mülsen Ortmannsdorf, Marienau",50.72,12.64
"Mülsen Ortmannsdorf, Neuschönburg",50.71,12.64
"Mülsen Ortmannsdorf, Ortmannsdorf",50.71,12.62
Mülsen Stangendorf,50.76,12.57
Mülsen Thurm,50.77,12.55
Mülsen Wulm,50.77,12.51
"Mülsen Wulm, Bertelsdorf",50.77,12.51
"Mülsen Wulm, Wulm",50.78,12.50
Mülverstedt,51.12,10.50
Münchberg,50.19,11.79
Müncheberg,52.50,14.13
Münchehofe,52.15,13.83
Münchehofe,52.56,14.14
München,48.12,11.54
München,48.12,11.66
München,48.13,11.57
München,48.16,11.41
München,48.16,11.54
München,48.16,11.56
Münchenbernsdorf,50.82,11.93
Münchener Verein,48.13,11.56
Münchhausen,50.96,8.72
Münchhausen,51.67,13.64
Münchsmünster,48.77,11.68
Münchsteinach,49.64,10.60
Münchwald,49.90,7.68
Münchweiler am Klingbach,49.15,7.97
Münchweiler an der Alsenz,49.55,7.88
Münchweiler an der Rodalb,49.22,7.70
Mündersbach,50.61,7.73
Münk,50.30,7.03
Münnerstadt,50.25,10.20
Münsing,47.90,11.37
Münsingen,48.41,9.50
Münster,48.62,10.90
Münster,49.92,8.87
Münster,51.92,7.71
Münster,51.93,7.63
Münster,51.95,7.54
Münster,51.96,7.63
Münster,52.00,7.69
Münster-Sarmsheim,49.94,7.89
Münsterappel,49.73,7.88
Münsterdorf,53.90,9.54
Münsterhausen,48.31,10.46
Münsterländische Volkszeitung H & J Altmeppen,52.28,7.44
Münstermaifeld,50.25,7.36
Münstertal,47.85,7.78
Münzenberg,50.46,8.73
Mürlenbach,50.15,6.60
Mürow,53.05,14.03
Müsch,50.38,6.83
Müschenbach,50.68,7.78
Müssen,53.49,10.56
Mützel,52.38,12.18
Mützenich,50.25,6.27
Mützlitz,52.56,12.51
N-ERGIE Aktiengesellschaft,49.45,11.06
NORD/LB,52.37,9.74
NOVITAS BKK,51.44,6.76
NOWEDA eG,52.17,9.99
Nabburg,49.45,12.18
Nachrodt-Wiblingwerde,51.32,7.62
Nachterstedt,51.80,11.33
Nachtsheim,50.32,7.07
Nack,49.75,8.00
Nackenheim,49.92,8.34
Nadrensee,53.33,14.35
Nagel,49.98,11.92
Nagold,48.55,8.72
Nahe,53.80,10.13
Nahetal-Waldau,50.52,10.81
Nahrendorf,53.17,10.81
Nahrstedt,52.58,11.71
Naila,50.33,11.70
Nalbach,49.38,6.78
Namborn,49.52,7.14
Nandlstadt,48.54,11.81
Nannhausen,49.97,7.48
Nanzdietschweiler,49.45,7.45
Narsdorf,51.02,12.72
Nasingen,49.97,6.25
Nassau,50.31,7.80
Nassenfels,48.80,11.23
Nassenheide,52.81,13.21
Nastätten,50.20,7.86
Natendorf,53.08,10.47
Nattenheim,50.02,6.52
Nattheim,48.70,10.24
Nauen,52.61,12.87
Nauendorf,50.89,11.18
Nauendorf,51.60,11.89
Nauheim,49.95,8.46
Naumburg,51.15,11.81
Naumburg,51.25,9.17
Naundorf,50.98,12.27
Naundorf,51.26,13.11
Naundorf,51.74,13.44
Naundorf bei Seyda,51.93,12.88
Naunheim,50.25,7.32
Naunhof,51.28,12.59
Nauort,50.47,7.63
Naurath,49.76,6.88
Naurath (Eifel),49.88,6.75
Nauroth,50.70,7.88
Nausitz,51.32,11.33
Nausnitz,50.95,11.73
Nauwalde,51.42,13.41
Nazza,51.11,10.33
Nebel,54.65,8.35
Nebelin,53.11,11.72
Nebelschütz,51.26,14.16
Nebra,51.29,11.58
Neckarbischofsheim,49.30,8.96
Neckargemünd,49.39,8.80
Neckargerach,49.40,9.07
Neckarsteinach,49.41,8.84
Neckarsulm,49.19,9.23
Neckartailfingen,48.61,9.26
Neckartenzlingen,48.59,9.23
Neckarwestheim,49.05,9.19
Neckarzimmern,49.32,9.13
Neddemin,53.65,13.28
Nedlitz,52.08,12.23
Nedlitz,52.13,11.83
Neef,50.10,7.13
Neehausen,51.52,11.70
Neenstetten,48.55,10.02
Neetze,53.27,10.62
Neetzka,53.53,13.51
Neetzow,53.88,13.41
Negenborn,51.88,9.57
Negenharrie,54.14,10.07
Negernbötel,53.98,10.25
Nehlitz,51.58,11.96
Nehms,54.02,10.37
Nehmten,54.10,10.40
Nehren,48.43,9.07
Nehren,50.08,7.20
Neichen,50.27,6.87
Neidenbach,50.10,6.55
Neidenfels,49.39,8.05
Neidenstein,49.32,8.88
Neidhartshausen,50.68,10.13
Neidlingen,48.58,9.56
Neinstedt,51.75,11.09
Neitersen,50.67,7.59
Neiße-Malxetal,51.64,14.63
Neißeaue,51.25,14.85
Neißemünde,52.05,14.73
Neißemünde Breslack,52.05,14.73
Neißemünde Coschen,52.02,14.73
Neißemünde Ratzdorf,52.07,14.75
Neißemünde Wellmitz,52.07,14.72
Nellingen,48.54,9.79
Nellingen Aichen,48.53,9.81
Nellingen Oppingen,48.54,9.83
Nempitz,51.29,12.15
Nemsdorf-Göhrendorf,51.35,11.65
Nenndorf,53.58,7.43
Nennhausen,52.60,12.50
Nennslingen,49.05,11.13
Nentershausen,50.42,7.93
Nentershausen,51.02,9.93
Neppermin,53.94,14.04
Nerchau,51.27,12.79
Nerdin,53.82,13.55
Nerdlen,50.23,6.87
Nerenstetten,48.53,10.10
Neresheim,48.76,10.33
Neritz,53.78,10.28
Neroth,50.20,6.75
Nersingen,48.43,10.12
Nerzweiler,49.60,7.55
Neschwitz,51.27,14.33
Nesow,53.75,11.05
Nessa,51.15,12.01
Nesselwang,47.62,10.50
Netphen,50.90,8.15
Nettelsee,54.18,10.19
Nettersheim,50.49,6.63
Nettetal,51.32,6.23
Nettgau,52.64,10.90
Netzbach,50.32,8.10
Netzow,52.92,12.14
Netzschkau,50.61,12.24
Neu Bartelshagen,54.34,12.86
Neu Boltenhagen,54.07,13.61
Neu Darchau,53.23,10.89
Neu Duvenstedt,54.37,9.67
Neu Fahrland,52.45,13.05
Neu Gaarz,53.58,12.53
Neu Gülze,53.38,10.79
Neu Heinde,53.89,12.46
Neu Kaliß,53.17,11.29
Neu Kosenow,53.79,13.75
Neu Käbelich,53.50,13.47
Neu Königsaue,51.83,11.40
Neu Poserin,53.55,12.16
Neu Wulmstorf,53.42,9.79
Neu Zauche,51.93,14.09
Neu-Anspach,50.32,8.50
Neu-Bamberg,49.80,7.92
Neu-Eichenberg,51.38,9.88
Neu-Isenburg,50.06,8.69
Neu-Seeland,51.62,14.13
Neu-Ulm,48.40,10.02
Neualbenreuth,49.98,12.44
Neubarnim,52.70,14.31
Neuberend,54.55,9.53
Neuberg,50.20,8.98
Neubeuern,47.77,12.14
Neubiberg,48.08,11.66
Neubrandenburg,53.55,13.26
Neubrandenburg,53.58,13.28
Neubrunn,49.73,9.67
Neubrunn,50.50,10.47
Neubukow,54.03,11.67
Neubulach,48.66,8.70
Neuburg,53.95,11.59
Neuburg am Inn,48.50,13.45
Neuburg am Rhein,48.98,8.25
Neuburg an der Donau,48.73,11.19
Neuburg an der Kammel,48.30,10.36
Neubörger,52.96,7.45
Neuching,48.23,11.85
Neudenau,49.29,9.27
Neudietendorf,50.91,10.91
Neudorf,51.61,11.11
Neudorf-Bornstein,54.43,9.95
Neudrossenfeld,50.02,11.50
Neuekrug,52.77,10.80
Neuenbrook,53.86,9.53
Neuenburg am Rhein,47.81,7.56
Neuenbürg,48.85,8.60
Neuendeich,53.68,9.62
Neuendettelsau,49.28,10.78
Neuendorf,50.03,9.65
Neuendorf,50.28,6.47
Neuendorf,52.68,11.22
Neuendorf,53.86,11.94
Neuendorf A,53.73,13.84
Neuendorf B,53.80,13.37
Neuendorf am Damm,52.64,11.44
Neuendorf bei Elmshorn,53.73,9.57
Neuendorf-Sachsenbande,53.97,9.34
Neuendorf-Sachsenbande Neuendorf bei Wilster,53.97,9.33
Neuendorf-Sachsenbande Sachsenbande,53.97,9.35
Neuengönna,50.98,11.65
Neuengörs,53.90,10.38
Neuenhagen,52.84,14.05
Neuenhagen bei Berlin,52.53,13.68
Neuenhaus,52.50,6.97
Neuenhofe,52.30,11.46
Neuenkirchen,52.24,7.37
Neuenkirchen,52.42,7.84
Neuenkirchen,52.78,8.75
Neuenkirchen,53.03,9.71
Neuenkirchen,53.52,9.60
Neuenkirchen,53.60,13.37
Neuenkirchen,53.78,8.89
Neuenkirchen,53.80,13.57
Neuenkirchen,54.05,13.39
Neuenkirchen,54.24,8.99
Neuenkirchen,54.54,13.33
Neuenkirchen-Vörden,52.52,8.07
Neuenmarkt,50.09,11.58
Neuenrade,51.28,7.78
Neuensalz,50.50,12.22
Neuenstadt am Kocher,49.23,9.33
Neuenstein,49.20,9.58
Neuenstein,50.93,9.55
Neuental,51.00,9.22
Neuenweg,47.80,7.83
Neuerburg,50.01,6.29
Neuerkirch,50.02,7.48
Neuermark-Lübars,52.65,12.04
Neuerstadt,51.83,13.12
Neufahrn bei Freising,48.32,11.66
Neufahrn in Niederbayern,48.74,12.19
Neufeld,53.90,9.02
Neufelderkoog,53.90,8.97
Neuferchau,52.58,11.06
Neuffen,48.55,9.38
Neufra,48.25,9.18
Neufraunhofen,48.40,12.22
Neugattersleben,51.85,11.71
Neugernsdorf,50.72,12.13
Neugersdorf,50.98,14.61
Neugrimnitz,52.98,13.83
Neuhardenberg,52.60,14.24
Neuhardenberg Altfriedland,52.63,14.21
Neuhardenberg Neuhardenberg,52.60,14.24
Neuhardenberg Quappendorf,52.62,14.27
Neuhardenberg Wulkow bei Trebnitz,52.57,14.24
Neuharlingersiel,53.70,7.70
Neuhaus,53.29,10.93
Neuhaus am Inn,48.46,13.42
Neuhaus am Rennweg,50.51,11.14
Neuhaus an der Oste,53.80,9.03
Neuhaus an der Pegnitz,49.63,11.55
Neuhaus-Schierschnitz,50.31,11.24
Neuhausen,48.79,8.78
Neuhausen,51.68,14.42
Neuhausen auf den Fildern,48.68,9.28
Neuhausen ob Eck,47.97,8.93
Neuhausen/Erzgebirge,50.67,13.47
Neuheilenbach,50.12,6.57
Neuhemsbach,49.52,7.92
Neuhof,50.45,9.62
Neuhof,51.98,10.05
Neuhof,53.57,11.00
Neuhof an der Zenn,49.46,10.65
Neuhofen,49.43,8.42
Neuholland,52.86,13.33
Neuhäusel,50.38,7.71
Neuhütten,49.64,7.01
Neuhütten,50.00,9.42
Neukalen,53.82,12.79
Neukamperfehn,53.34,7.56
Neukieritzsch,51.15,12.41
Neukirch,47.66,9.70
Neukirch,51.28,13.98
Neukirch/Lausitz,51.10,14.31
Neukirchen,48.98,12.76
Neukirchen,50.87,9.35
Neukirchen,54.32,11.01
Neukirchen,54.87,8.73
Neukirchen (Altmark),52.88,11.88
Neukirchen bei Sulzbach-Rosenberg,49.53,11.63
Neukirchen beim Heiligen Blut,49.26,12.97
Neukirchen vorm Wald,48.68,13.38
Neukirchen-Balbini,49.29,12.44
Neukirchen-Vluyn,51.45,6.55
Neukirchen/Erzgebirge,50.78,12.87
Neukirchen/Pleiße,50.80,12.37
Neukloster,53.87,11.69
Neukyhna,51.52,12.25
Neukünkendorf,52.97,14.04
Neulehe,53.00,7.41
Neuleiningen,49.54,8.14
Neuler,48.93,10.07
Neulewin,52.72,14.28
Neulewin Güstebieser Loose,52.75,14.30
Neulewin Neulewin,52.72,14.28
Neulewin Neulietzegöricke,52.77,14.25
Neulingen,48.97,8.70
Neulingen,52.86,11.57
Neulußheim,49.30,8.52
Neumagen-Dhron,49.86,6.90
Neumark,50.66,12.36
Neumark,51.08,11.25
Neumarkt in der Oberpfalz,49.28,11.46
Neumarkt-Sankt Veit,48.36,12.51
Neumühle,50.70,12.17
Neumünster,54.07,9.98
Neunburg vorm Wald,49.35,12.39
Neundorf (Anhalt),51.82,11.57
Neundorf (bei Lobenstein),50.43,11.60
Neundorf (bei Schleiz),50.60,11.77
Neunheilingen,51.19,10.68
Neunkhausen,50.71,7.90
Neunkirchen,49.39,9.01
Neunkirchen,49.71,9.40
Neunkirchen,49.75,6.95
Neunkirchen,50.55,8.10
Neunkirchen,50.80,8.00
Neunkirchen am Brand,49.61,11.13
Neunkirchen am Potzberg,49.50,7.48
Neunkirchen am Sand,49.52,11.32
Neunkirchen-Seelscheid,50.87,7.33
Neunkirchen/Saar,49.34,7.18
Neunkirchen/Saar,49.37,7.18
Neupetershain,51.61,14.17
Neuplatendorf,51.70,11.35
Neupotz,49.12,8.32
Neureichenau,48.75,13.75
Neuried,48.09,11.47
Neuried,48.45,7.83
Neurochlitz,53.28,14.41
Neuruppin,52.93,12.80
Neusalza-Spremberg,51.04,14.54
Neuschoo,53.57,7.51
Neuschönau,48.88,13.48
Neusitz,49.37,10.23
Neusiß,50.75,10.88
Neusorg,49.93,11.97
Neuss,51.16,6.75
Neuss,51.20,6.69
Neustadt,51.47,10.47
Neustadt (Dosse),52.85,12.45
Neustadt (Hessen),50.85,9.12
Neustadt (Westerwald),50.63,8.03
Neustadt (Wied),50.62,7.43
Neustadt am Kulm,49.82,11.83
Neustadt am Main,49.93,9.57
Neustadt am Rennsteig,50.58,10.93
Neustadt am Rübenberge,52.50,9.46
Neustadt an der Aisch,49.58,10.61
Neustadt an der Donau,48.81,11.77
Neustadt an der Orla,50.74,11.75
Neustadt an der Waldnaab,49.73,12.18
Neustadt an der Weinstraße,49.35,8.14
Neustadt an der Weinstraße,49.35,8.15
Neustadt bei Coburg,50.33,11.12
Neustadt in Holstein,54.11,10.81
Neustadt in Sachsen,51.03,14.22
Neustadt-Glewe,53.38,11.59
Neustadt/Harz,51.57,10.83
Neustadt/Vogtland,50.47,12.33
Neustetten,48.48,8.88
Neustrelitz,53.36,13.07
Neusäß,48.39,10.83
Neutraubling,48.99,12.20
Neutrebbin,52.66,14.23
Neutrebbin Altbarnim,52.69,14.28
Neutrebbin Alttrebbin,52.69,14.25
Neutrebbin Neutrebbin,52.67,14.23
Neutz-Lettewitz,51.60,11.88
Neuwallmoden,52.02,10.27
Neuweiler,48.67,8.60
Neuwied,50.43,7.46
Neuwied,50.46,7.47
Neuwittenbek,54.37,10.02
Neuzelle,52.06,14.60
Neuzelle Bahro,52.05,14.57
Neuzelle Bomsdorf,52.03,14.65
Neuzelle Göhlen,52.05,14.58
Neuzelle Henzendorf,52.05,14.52
Neuzelle Kobbeln,52.10,14.65
Neuzelle Möbiskruge,52.10,14.60
Neuzelle Neuzelle,52.08,14.63
Neuzelle Ossendorf,52.07,14.57
Neuzelle Schwerzko,52.07,14.62
Neuzelle Steinsdorf,52.03,14.67
Neuzelle Streichwitz,52.07,14.65
Neuzelle Treppeln,52.07,14.53
Neuötting,48.24,12.69
Neverin,53.62,13.34
Neversdorf,53.87,10.28
Newel,49.81,6.58
Nexdorf,51.64,13.37
Ney,50.18,7.53
Nickenich,50.41,7.33
Nidda,50.41,9.01
Niddatal,50.28,8.83
Nidderau,50.24,8.87
Nideggen,50.69,6.48
Niebendorf-Heinsdorf,51.93,13.33
Nieblum,54.69,8.49
Nieby,54.77,9.93
Niebüll,54.79,8.83
Nieden,53.44,13.92
Niedenstein,51.23,9.31
Nieder Kostenz,49.95,7.37
Nieder-Hilbersheim,49.91,8.04
Nieder-Olm,49.91,8.21
Nieder-Wiesen,49.73,7.98
Niederahr,50.49,7.86
Niederaichbach,48.60,12.32
Niederalben,49.60,7.47
Niederalteich,48.77,13.02
Niederau,51.14,13.57
Niederaula,50.80,9.60
Niederbachheim,50.25,7.77
Niederbergkirchen,48.32,12.50
Niederbreitbach,50.53,7.42
Niederbrombach,49.68,7.25
Niederburg,50.12,7.70
Niederbösa,51.27,11.00
Niedercunnersdorf,51.05,14.66
Niederdorf,50.73,12.79
Niederdorfelden,50.19,8.80
Niederdorla,51.16,10.45
Niederdreisbach,50.75,7.92
Niederdürenbach,50.45,7.18
Niederelbert,50.41,7.81
Niederer Fläming,51.90,13.21
Niedererbach,50.43,7.97
Niedereschach,48.13,8.53
Niederfell,50.28,7.47
Niederfinow,52.83,13.93
Niederfischbach,50.85,7.87
Niederfrohna,50.90,12.72
Niederfüllbach,50.22,10.99
Niedergebra,51.42,10.60
Niedergeckler,49.97,6.30
Niedergörsdorf,51.98,12.99
Niederhambach,49.68,7.20
Niederhausen,49.80,7.78
Niederhausen an der Appel,49.75,7.90
Niederheimbach,50.03,7.82
Niederhofen,50.57,7.60
Niederhorbach,49.12,8.03
Niederhosenbach,49.80,7.37
Niederirsen,50.75,7.60
Niederkirchen,49.58,7.70
Niederkirchen bei Deidesheim,49.41,8.21
Niederkrüchten,51.21,6.18
Niederkumbd,50.02,7.53
Niederlangen,52.86,7.28
Niederlauch,50.17,6.43
Niederlauer,50.29,10.18
Niederlehme,52.32,13.65
Niedermohr,49.46,7.47
Niedermoschel,49.73,7.80
Niedermurach,49.45,12.38
Niedernberg,49.91,9.14
Niederndodeleben,52.13,11.50
Niederneisen,50.33,8.05
Niedernhall,49.30,9.62
Niedernhausen,50.16,8.31
Niedernwöhren,52.35,9.15
Niederorschel,51.37,10.42
Niederotterbach,49.06,8.05
Niederpierscheid,50.08,6.37
Niederraden,49.98,6.32
Niederreißen,51.10,11.41
Niederrieden,48.06,10.18
Niederroßbach,50.59,8.08
Niederroßla,51.03,11.48
Niederröblingen,51.43,11.34
Niedersachswerfen,51.55,10.77
Niedersayn,50.53,7.83
Niederscheidweiler,50.07,6.95
Niederschlettenbach,49.08,7.85
Niederschöna,50.97,13.42
Niederschönenfeld,48.72,10.93
Niedersohren,49.93,7.33
Niederstadtfeld,50.16,6.76
Niederstaufenbach,49.53,7.52
Niederstedem,49.93,6.50
Niedersteinebach,50.60,7.51
Niederstetten,49.40,9.92
Niederstotzingen,48.54,10.24
Niederstriegis,51.08,13.15
Niedert,50.13,7.53
Niedertaufkirchen,48.33,12.55
Niedertiefenbach,50.26,7.90
Niedertrebra,51.07,11.58
Niederviehbach,48.62,12.38
Niederwallmenach,50.17,7.82
Niederwambach,50.63,7.60
Niederweiler,49.90,7.28
Niederweiler,50.03,6.45
Niederweis,49.87,6.47
Niederwerrn,50.06,10.18
Niederwerth,50.40,7.62
Niederwiesa,50.87,13.02
Niederwinkling,48.88,12.80
Niederwörresbach,49.77,7.33
Niederwürschnitz,50.73,12.75
Niederzier,50.88,6.47
Niederzimmern,51.00,11.19
Niederzissen,50.46,7.22
Niederöfflingen,50.07,6.88
Niedling,47.94,12.63
Niefern-Öschelbronn,48.92,8.78
Niefernheim-Zellertal,49.64,8.15
Niegripp,52.26,11.76
Nieheim,51.80,9.11
Niehl,49.96,6.36
Nielebock,52.44,12.07
Niemberg,51.55,12.09
Niemegk,52.05,12.62
Niemetal,51.50,9.72
Nienborstel,54.13,9.62
Nienburg (Saale),51.83,11.75
Nienburg (Weser),52.65,9.24
Nienburg (Weser) Erichshagen,52.66,9.24
Nienburg (Weser) Holtorf,52.68,9.23
Nienburg (Weser) Langendamm,52.62,9.26
Nienburg (Weser) Nienburg (Weser),52.65,9.22
Nienbüttel,54.03,9.41
Niendorf,53.70,10.63
Niendorf,53.81,10.89
Niendorf an der Rögnitz,53.23,11.27
Niendorf an der Stecknitz,53.59,10.61
Nienhagen,51.95,11.16
Nienhagen,52.56,10.10
Nienhagen,54.16,11.95
Nienstedt,51.44,11.40
Nienstädt,52.29,9.16
Nienstädt Liekwegen,52.29,9.17
Nienstädt Nienstädt,52.29,9.17
Nienwohld,53.79,10.19
Niepars,54.31,12.92
Niersbach,49.94,6.74
Nierstein,49.87,8.34
Niesgrau,54.75,9.82
Niesky,51.29,14.82
Nieste,51.32,9.67
Niestetal,51.31,9.57
Nievern,50.33,7.68
Nimritz,50.70,11.65
Nimshuscheid,50.10,6.48
Nimsreuland,50.13,6.45
Nindorf,54.08,9.12
Nindorf,54.13,9.70
Nirmsdorf,51.09,11.47
Nister,50.68,7.84
Nister-Möhrendorf,50.67,8.08
Nisterau,50.67,7.98
Nisterberg,50.68,7.98
Nistertal,50.63,7.90
Nittel,49.65,6.45
Nittenau,49.19,12.27
Nittendorf,49.02,11.96
Nitz,50.33,7.02
Nitzahn,52.47,12.36
Nobitz,50.98,12.49
Nochern,50.17,7.72
Noer,54.47,10.00
Nohen,49.63,7.25
Nohfelden,49.58,7.08
Nohn,50.33,6.78
Nohra,50.96,11.26
Nohra,51.48,10.72
Nomborn,50.43,7.92
Nonnenhorn,47.57,9.61
Nonnewitz,51.09,12.12
Nonnweiler,49.61,6.97
Norath,50.13,7.58
Norddeich,54.22,8.90
Norddorf,54.68,8.33
Norden,53.60,7.21
Norden Bargebur,53.59,7.22
Norden Leybuchtpolder,53.51,7.14
Norden Neuwesteel,53.54,7.17
Norden Norddeich,53.62,7.16
Norden Norden,53.59,7.21
Norden Ostermarsch,53.64,7.23
Norden Süderneuland I,53.58,7.22
Norden Süderneuland II,53.56,7.25
Norden Tidofeld,53.60,7.23
Norden Westermarsch I,53.57,7.14
Norden Westermarsch II,53.59,7.13
Nordendorf,48.59,10.83
Nordenham,53.49,8.48
Norderbrarup,54.65,9.77
Norderfriedrichskoog,54.40,8.90
Norderheistedt,54.25,9.15
Nordermeldorf,54.12,9.02
Norderney,53.71,7.16
Norderstapel,54.36,9.24
Norderstedt,53.72,10.01
Norderwöhrden,54.20,9.02
Nordgermersleben,52.21,11.34
Nordhackstedt,54.73,9.17
Nordhalben,50.37,11.51
Nordhastedt,54.17,9.18
Nordhausen,51.50,10.80
Nordheim,49.11,9.13
Nordheim,50.45,10.40
Nordheim am Main,49.85,10.18
Nordheim vor der Rhön,50.48,10.18
Nordhofen,50.52,7.75
Nordholz,53.78,8.60
Nordhorn,52.45,7.05
Nordhorn,52.45,7.11
Nordkirchen,51.74,7.52
Nordleda,53.77,8.83
Nordmilch eG,53.05,8.78
Nordrach,48.40,8.08
Nordsehl,52.35,9.18
Nordstemmen,52.16,9.78
Nordstrand,54.50,8.89
Nordwalde,52.08,7.48
Nordwest-Krankenhaus,50.15,8.62
Nordwestuckermark,53.27,13.60
Norheim,49.81,7.81
Norken,50.67,7.90
Norstedt,54.58,9.13
Northeim,51.71,10.00
Nortmoor,53.25,7.57
Nortorf,53.92,9.32
Nortorf,54.17,9.85
Nortrup,52.62,7.86
Nossen,51.07,13.34
Nossendorf,53.96,12.96
Nossentiner Hütte,53.53,12.42
Nostorf,53.41,10.65
Nothweiler,49.07,7.80
Nottensdorf,53.48,9.60
Nottfeld,54.62,9.77
Nottleben,50.97,10.85
Nottuln,51.93,7.35
Notzingen,48.67,9.46
Novartis Pharma Produktion,47.62,7.91
Novitas BKK,51.45,7.02
Novitas BKK,53.93,9.52
Nudersdorf,51.93,12.60
Nudow,52.33,13.16
Nufringen,48.62,8.89
Nunsdorf,52.23,13.32
Nusbaum,49.92,6.35
Nusplingen,48.13,8.89
Nusse,53.66,10.58
Nustrow,54.02,12.60
Nutha,51.96,12.01
Nuthe-Urstromtal,52.11,13.22
Nutteln,53.99,9.39
Nußbach,49.63,7.70
Nußbaum,49.80,7.62
Nußdorf,47.91,12.60
Nußdorf am Inn,47.74,12.16
Nußloch,49.32,8.70
Nächst Neuendorf,52.23,13.42
Nöbdenitz,50.87,12.28
Nöda,51.07,11.02
Nördlingen,48.85,10.49
Nörten-Hardenberg,51.63,9.94
Nörtershausen,50.22,7.48
Nörvenich,50.81,6.64
Nübbel,54.27,9.62
Nübel,54.57,9.58
Nüdlingen,50.22,10.12
Nümbrecht,50.90,7.54
Nünchritz,51.30,13.39
Nünschweiler,49.22,7.51
Nürburg,50.33,6.95
Nürnberg,49.41,11.16
Nürnberg,49.45,11.02
Nürnberg,49.45,11.07
Nürnberg,49.45,11.08
Nürnberg,49.52,11.01
Nürtingen,48.63,9.34
Nüsttal,50.63,9.85
Nützen,53.87,9.92
OBI-Systemzentrale Außenstelle Erfurt,50.97,10.96
OEDIV,52.01,8.62
OFFIS Team,53.15,8.20
OMW Oberrheinische Mineralölwerke,49.05,8.31
OVAG,52.50,13.37
Oakfield Farms Solutions Europe LTD UK,52.17,9.99
Ober Kostenz,49.95,7.35
Ober-Flörsheim,49.68,8.16
Ober-Hilbersheim,49.90,8.03
Ober-Mörlen,50.37,8.69
Ober-Olm,49.94,8.19
Ober-Ramstadt,49.83,8.75
Oberahr,50.50,7.87
Oberalben,49.58,7.40
Oberammergau,47.60,11.07
Oberarnbach,49.38,7.58
Oberasbach,49.42,10.96
Oberau,47.56,11.14
Oberaudorf,47.65,12.17
Oberaula,50.85,9.47
Oberaurach,49.93,10.63
Oberbachheim,50.25,7.75
Oberbarnim,52.59,14.04
Oberbarnim Bollersdorf,52.59,14.08
"Oberbarnim Bollersdorf, Bollersdorf",52.58,14.05
"Oberbarnim Bollersdorf, Pritzhagen",52.59,14.10
Oberbarnim Grunow,52.60,14.03
"Oberbarnim Grunow, Ernsthof",52.60,14.03
"Oberbarnim Grunow, Grunow",52.61,14.04
Oberbarnim Klosterdorf,52.59,13.96
Oberbergkirchen,48.30,12.38
Oberbettingen,50.28,6.63
Oberbillig,49.71,6.51
Oberbodnitz,50.80,11.67
Oberboihingen,48.65,9.37
Oberbrombach,49.70,7.27
Oberbösa,51.29,11.02
Obercunnersdorf,51.03,14.67
Oberdachstetten,49.42,10.43
Oberderdingen,49.07,8.80
Oberdiebach,50.03,7.78
Oberding,48.32,11.85
Oberdischingen,48.30,9.83
Oberdolling,48.83,11.59
Oberdorla,51.17,10.42
Oberdreis,50.63,7.67
Oberdürenbach,50.47,7.17
Oberehe-Stroheich,50.28,6.77
Oberelbert,50.39,7.82
Oberellen,50.95,10.19
Oberelsbach,50.44,10.12
Oberelz,50.27,7.05
Obererbach,50.45,7.97
Obererbach,50.72,7.66
Oberfell,50.26,7.44
Oberfischbach,50.25,7.96
Obergebra,51.41,10.58
Obergeckler,49.97,6.30
Obergriesbach,48.42,11.07
Obergröningen,48.89,9.91
Obergurig,51.13,14.40
Obergünzburg,47.85,10.42
Oberhaching,48.02,11.60
Oberhaid,49.93,10.81
Oberhaid,50.52,7.72
Oberhain,50.63,11.13
Oberhambach,49.68,7.17
Oberharmersbach,48.37,8.13
Oberhausen,47.78,11.13
Oberhausen,48.72,11.11
Oberhausen,49.10,8.06
Oberhausen,49.81,7.45
Oberhausen,51.47,6.86
Oberhausen,51.48,6.84
Oberhausen an der Appel,49.72,7.87
Oberhausen an der Nahe,49.80,7.75
Oberhausen-Rheinhausen,49.27,8.47
Oberheimbach,50.02,7.78
Oberheldrungen,51.28,11.25
Oberhof,50.70,10.73
Oberhonnefeld-Gierend,50.56,7.52
Oberhosenbach,49.82,7.33
Oberickelsheim,49.60,10.13
Oberirsen,50.72,7.58
Oberkail,50.03,6.68
Oberkatz,50.60,10.23
Oberkirch,48.53,8.08
Oberkirn,49.88,7.37
Oberkochen,48.78,10.11
Oberkotzau,50.26,11.93
Oberkrämer,52.58,13.32
Oberlahr,50.62,7.52
Oberland am Rennsteig,50.45,11.22
Oberlandesgericht,49.45,11.06
Oberlandesgericht,50.36,7.60
Oberlandesgericht,51.68,7.83
Oberlandesgericht Frankfurt am Main Sozialabteilung Hünfeld,50.67,9.77
Oberlandesgericht München - Strafsenate,48.15,11.55
Oberlangen,52.85,7.27
Oberlascheid,50.25,6.30
Oberlauch,50.17,6.42
Oberleichtersbach,50.28,9.80
Oberlichtenau,51.22,13.99
Oberlungwitz,50.78,12.71
Obermaiselstein,47.45,10.23
Obermarchtal,48.23,9.57
Obermaßfeld-Grimmenthal,50.53,10.44
Obermehler,51.27,10.60
Obermeitingen,48.15,10.81
Obermichelbach,49.53,10.91
Obermoschel,49.73,7.77
Obernau,50.67,7.57
Obernbreit,49.66,10.16
Obernburg am Main,49.84,9.13
Oberndorf,49.72,7.82
Oberndorf,53.75,9.15
Oberndorf am Lech,48.67,10.87
Oberndorf am Neckar,48.30,8.57
Oberneisen,50.33,8.08
Oberneukirchen,48.18,12.52
Obernfeld,51.55,10.23
Obernheim,48.16,8.86
Obernheim-Kirchenarnbach,49.35,7.58
Obernhof,50.32,7.85
Obernholz,52.77,10.60
Obernkirchen,52.27,9.13
Obernkirchen Gelldorf,52.28,9.12
Obernkirchen Krainhagen,52.25,9.12
Obernkirchen Obernkirchen,52.26,9.14
Obernkirchen Röhrkasten,52.26,9.12
Obernkirchen Vehlen,52.27,9.10
Obernzell,48.55,13.64
Obernzenn,49.45,10.47
Oberoppurg,50.70,11.68
Oberostendorf,47.94,10.74
Oberotterbach,49.07,7.97
Oberottmarshausen,48.24,10.86
Oberpframmern,48.02,11.81
Oberpierscheid,50.07,6.37
Oberpleichfeld,49.88,10.09
Oberpöring,48.70,12.82
Oberraden,50.55,7.53
Oberreichenbach,48.73,8.67
Oberreichenbach,49.59,10.77
Oberreidenbach,49.71,7.46
Oberreißen,51.09,11.41
Oberreute,47.56,9.94
Oberried,47.93,7.95
Oberrieden,48.09,10.43
Oberriexingen,48.93,9.03
Oberrod,50.59,8.13
Oberrot,49.01,9.67
Oberroth,48.18,10.19
Oberroßbach,50.65,8.04
Oberröblingen,51.44,11.31
Oberscheidweiler,50.08,6.93
Oberscheinfeld,49.71,10.43
Oberschleißheim,48.25,11.57
Oberschlettenbach,49.15,7.87
Oberschneiding,48.80,12.64
Oberschwarzach,49.86,10.41
Oberschweinbach,48.24,11.16
Oberschöna,50.90,13.25
Oberschönau,50.72,10.62
Oberschönegg,48.11,10.30
Obersdorf,51.52,11.33
Obersimten,49.17,7.58
Obersinn,50.21,9.62
Obersontheim,49.06,9.90
Oberstadion,48.19,9.69
Oberstadt,50.56,10.60
Oberstadtfeld,50.18,6.77
Oberstaufen,47.56,10.02
Oberstaufenbach,49.52,7.51
Oberstdorf,47.41,10.28
Oberstedem,49.93,6.52
Obersteinebach,50.58,7.48
Oberstenfeld,49.03,9.32
Oberstreit,49.80,7.70
Oberstreu,50.40,10.29
Obersulm,49.14,9.38
Obersöchering,47.73,11.22
Obersülzen,49.57,8.21
Obersüßbach,48.62,11.95
Obertaufkirchen,48.26,12.28
Oberteuringen,47.72,9.47
Oberthal,49.51,7.08
Oberthulba,50.20,9.96
Obertiefenbach,50.24,7.89
Obertraubling,48.97,12.17
Obertrebra,51.06,11.57
Obertrubach,49.70,11.35
Obertshausen,50.07,8.85
Oberuckersee,53.21,13.89
Oberursel,50.21,8.58
Oberviechtach,49.46,12.42
Oberwallmenach,50.17,7.83
Oberwambach,50.67,7.65
Oberweid,50.59,10.06
Oberweiler,50.05,6.45
Oberweiler im Tal,49.58,7.55
Oberweiler-Tiefenbach,49.60,7.62
Oberweis,49.97,6.42
Oberweißbach,50.58,11.14
Oberwesel,50.11,7.73
Oberweser,51.58,9.57
Oberwiera,50.88,12.50
Oberwies,50.29,7.78
Oberwiesen,49.70,7.97
Oberwiesenthal,50.42,12.98
Oberwolfach,48.32,8.22
Oberwörresbach,49.78,7.32
Oberzissen,50.45,7.20
Oberöfflingen,50.07,6.87
Obhausen,51.39,11.65
Obing,48.00,12.41
Obrigheim,49.35,9.09
Obrigheim,49.54,8.20
Ochsenfurt,49.66,10.06
Ochsenhausen,48.07,9.95
Ochtendung,50.35,7.38
Ochtersum,53.61,7.52
Ochtersum Ostochtersum,53.61,7.52
Ochtersum Westochtersum,53.61,7.51
Ochtmersleben,52.16,11.41
Ochtrup,52.21,7.19
Ockenfels,50.58,7.28
Ockenheim,49.94,7.97
Ockfen,49.62,6.58
Ockholm,54.67,8.83
Odderade,54.14,9.19
Odelzhausen,48.31,11.20
Odenbach,49.68,7.65
Odenthal,51.03,7.12
Oderaue,52.78,14.20
Oderaue Altreetz,52.77,14.17
Oderaue Mädewitz,52.75,14.34
"Oderaue Mädewitz, Altmädewitz",52.75,14.33
"Oderaue Mädewitz, Neumädewitz",52.74,14.34
Oderaue Neuküstrinchen,52.80,14.17
Oderaue Neureetz,52.78,14.15
Oderaue Neurüdnitz,52.80,14.18
Oderaue Wustrow,52.76,14.21
"Oderaue Wustrow, Neu-Wustrow",52.76,14.20
"Oderaue Wustrow, Wustrow",52.76,14.22
Oderaue Zäckericker Loose,52.78,14.22
Oderberg,52.87,14.05
Oderin,52.07,13.73
Odernheim am Glan,49.76,7.71
Oderwitz,50.96,14.71
Odisheim,53.70,8.94
Oebisfelde,52.43,10.99
Oebles-Schlechtewitz,51.26,12.06
Oechlitz,51.33,11.77
Oechsen,50.75,10.06
Oederan,50.86,13.17
Oederquart,53.80,9.24
Oedheim,49.24,9.25
Oelde,51.83,8.15
Oelixdorf,53.93,9.56
Oelsberg,50.20,7.84
Oelsnitz,50.41,12.17
Oelsnitz/Erzgebirge,50.72,12.72
Oepfershausen,50.64,10.24
Oer-Erkenschwick,51.64,7.26
Oerel,53.48,9.05
Oering,53.83,10.15
Oerlenbach,50.15,10.13
Oerlinghausen,51.95,8.66
Oersberg,54.67,9.85
Oersdorf,53.84,9.99
Oeschebüttel,53.99,9.72
Oesterdeichstrich,54.15,8.88
Oesterwurth,54.22,8.98
Oestrich-Winkel,50.00,8.00
Oettern,50.92,11.36
Oettersdorf,50.60,11.82
Oettingen in Bayern,48.95,10.60
Oetzen,53.02,10.68
Oevenum,54.71,8.53
Oeversee,54.70,9.43
Offenau,49.25,9.16
Offenbach,50.11,8.73
Offenbach,50.11,8.76
Offenbach an der Queich,49.20,8.20
Offenbach-Hundheim,49.62,7.55
Offenberg,48.86,12.86
Offenburg,48.47,7.96
Offenburg,48.48,7.94
Offenbüttel,54.17,9.36
Offenhausen,49.45,11.41
Offenheim,49.73,8.03
Office Discount,48.31,11.65
Offingen,48.48,10.36
Offstein,49.61,8.24
Ofterdingen,48.42,9.03
Ofterschwang,47.50,10.23
Oftersheim,49.37,8.58
Oggelshausen,48.07,9.65
Ogrosen,51.71,14.04
Ohlenhard,50.45,6.77
Ohletz Rechtsanwälte Notare Steuerberater,51.44,7.05
Ohlsbach,48.43,7.99
Ohlstadt,47.63,11.23
Ohlweiler,49.97,7.50
Ohmbach,49.45,7.35
Ohmden,48.65,9.53
Ohne,52.27,7.28
Ohorn,51.17,14.05
Ohrdruf,50.83,10.73
Ohrenbach,49.47,10.21
Ohrsleben,52.09,10.99
Ohrum,52.12,10.56
Olbernhau,50.66,13.34
Olbersdorf,50.87,14.77
Olbersleben,51.15,11.33
Olching,48.20,11.33
Oldenborstel,54.07,9.52
Oldenburg,53.14,8.22
Oldenburg,53.16,8.21
Oldenburg in Holstein,54.30,10.90
Oldenbüttel,54.17,9.45
Oldendorf,53.58,9.25
Oldendorf,53.95,9.46
Oldendorf (Luhe),53.15,10.22
Oldenhütten,54.15,9.73
Oldenswort,54.37,8.94
Oldersbek,54.45,9.17
Olderup,54.53,9.12
Oldisleben,51.31,11.17
Oldsum,54.73,8.44
Olfen,51.71,7.38
Ollendorf,51.03,11.18
Ollmuth,49.67,6.72
Olmscheid,50.07,6.22
Olpe,51.03,7.85
Olsberg,51.36,8.49
Olsbrücken,49.54,7.66
Olsdorf,49.95,6.38
Olzheim,50.27,6.46
Onsdorf,49.65,6.48
Opfenbach,47.63,9.83
Oppach,51.07,14.50
Oppelhain,51.55,13.59
Oppenau,48.47,8.16
Oppenheim,49.85,8.36
Oppenweiler,48.98,9.46
Oppershausen,51.13,10.45
Oppertshausen,49.95,7.47
Oppin,51.55,12.03
Oppurg,50.71,11.65
Oranienbaum,51.80,12.41
Oranienburg,52.76,13.24
Orbis,49.70,8.00
Orenhofen,49.90,6.65
Orfgen,50.67,7.53
Orlamünde,50.77,11.52
Orlenbach,50.17,6.38
Ormont,50.33,6.44
Ornbau,49.18,10.66
Orsfeld,50.03,6.62
Orsingen-Nenzingen,47.84,8.96
Ortenberg,48.45,7.97
Ortenberg,50.36,9.06
Ortenburg,48.55,13.22
Orthopädische Versorgungsstelle Karlsruhe,49.01,8.42
Ortrand,51.38,13.76
Ortwig,52.70,14.36
Osann-Monzel,49.92,6.95
Osburg,49.72,6.78
Oschatz,51.30,13.11
Oschersleben,52.03,11.23
Osdorf,54.43,10.02
Osloß,52.47,10.68
Osnabrück,52.24,8.06
Osnabrück,52.25,8.04
Osnabrück,52.27,8.01
Osnabrück,52.27,8.05
Osnabrück,52.28,7.95
Ostbevern,52.04,7.84
Osteel,53.54,7.25
Ostelsheim,48.73,8.85
Osten,53.70,9.20
Ostenfeld,54.32,9.78
Ostenfeld,54.46,9.23
Oster-Ohrstedt,54.52,9.22
Osterberg,48.15,10.17
Osterbruch,53.78,8.94
Osterburg,52.79,11.75
Osterburken,49.43,9.42
Osterby,54.45,9.75
Osterby,54.80,9.22
Ostercappeln,52.35,8.23
Ostereistedt,53.30,9.17
Osterfeld,51.08,11.93
Osterhausen,51.45,11.50
Osterhever,54.39,8.77
Osterhofen,48.70,13.02
Osterholz-Scharmbeck,53.23,8.80
Osterhorn,53.87,9.70
Osternienburg,51.79,12.03
Osterode,52.03,10.67
Osterode am Harz,51.73,10.25
Osterrade,54.20,9.35
Osterrönfeld,54.29,9.70
Osterspai,50.24,7.61
Osterstedt,54.11,9.57
Osterwald,52.53,7.00
Osterwieck,51.97,10.71
Osterwohle,52.84,11.01
Osterzell,47.88,10.75
Ostfildern,48.73,9.25
Osthausen-Wülfershausen,50.85,11.08
Ostheim vor der Rhön,50.46,10.23
Osthofen,49.70,8.32
Ostingersleben,52.21,11.17
Ostrach,47.95,9.38
Ostramondra,51.20,11.33
Ostrau,51.20,13.17
Ostrau,51.62,12.01
Ostrhauderfehn,53.13,7.62
Ostritz,51.01,14.93
Ostrohe,54.22,9.13
Ostsee-Klinik,54.59,10.02
Ostseebad Boltenhagen,53.99,11.20
Oststeinbek,53.54,10.17
Ottenbach,48.74,9.75
Ottenbüttel,53.97,9.50
Ottendorf,50.83,11.83
Ottendorf,54.34,10.05
Ottendorf-Okrilla,51.18,13.83
Ottenhofen,48.22,11.88
Ottenhöfen im Schwarzwald,48.57,8.15
Ottensoos,49.51,11.34
Ottenstein,51.95,9.41
Otter,53.24,9.74
Otterbach,49.49,7.73
Otterberg,49.50,7.77
Otterfing,47.91,11.68
Otterndorf,53.81,8.90
Ottersberg,53.13,9.11
Ottersheim,49.19,8.23
Ottersheim,49.63,8.11
Otterskirchen,48.62,13.22
Otterstadt,49.37,8.45
Ottersweier,48.67,8.11
Otterwisch,51.20,12.62
Otting,48.87,10.80
Otto Versand,53.61,10.08
Ottobeuren,47.94,10.30
Ottobrunn,48.06,11.66
Ottrau,50.81,9.39
Ottstedt am Berge,51.02,11.22
Ottweiler,49.40,7.16
Otzberg,49.83,8.92
Otzing,48.76,12.81
Otzweiler,49.72,7.52
Ovelgönne,53.34,8.42
Ovelgünne,52.15,11.27
Overath,50.93,7.28
Owema,48.78,10.10
Owen,48.59,9.45
Owingen,47.81,9.17
Owschlag,54.39,9.59
Oy-Mittelberg,47.63,10.43
Oybin,50.85,14.75
Oyten,53.05,9.02
Oßling,51.36,14.17
Oßmannstedt,51.02,11.43
PARACELSUS KURFÜRSTENKLINIK BREMEN,53.08,8.88
PBeaKK,49.01,8.41
PROKON Regenerative Energien eG,53.96,9.48
PS-Team,50.04,8.16
Paaren im Glien,52.65,12.99
Pabstorf,52.03,10.96
Packebusch,52.76,11.50
Padenstedt,54.05,9.92
Paderborn,51.71,8.76
Paderborn,51.72,8.74
Paderborn,51.76,8.73
Padingbüttel,53.70,8.53
Pahlen,54.27,9.30
Pahlsdorf,51.72,13.65
Painten,49.00,11.82
Paitzdorf,50.85,12.22
Palling,48.00,12.64
Palzem,49.57,6.37
Pampow,53.54,14.29
Pampow,53.57,11.36
Panker,54.33,10.57
Panschwitz-Kuckau,51.23,14.20
"Pansdorf, Holstein",53.99,10.71
Pansfelde,51.66,11.28
Pantelitz,54.30,12.97
Panten,53.67,10.62
Pantenburg,50.08,6.83
Panzweiler,50.02,7.30
Papenburg,53.08,7.40
Papendorf,53.50,13.95
Papendorf,54.04,12.13
Papenhagen,54.15,12.98
Papenhusen,53.86,11.05
Papier Fischer,49.01,8.40
Paplitz,52.28,12.24
Pappenheim,48.93,10.97
Parchau,52.32,11.88
Parchen,52.35,12.08
Parchim,53.43,11.85
Parchtitz,54.44,13.40
Parkstein,49.73,12.07
Parkstetten,48.92,12.60
Parsau,52.53,10.89
Parsberg,49.16,11.72
Parsdorf,48.14,11.79
Parsteinsee,52.93,14.05
Partenheim,49.88,8.08
Partenstein,50.04,9.52
Parthenstein,51.26,12.64
Partnerschaftspraxis für Laboratoriumsmedizin,52.10,9.37
Parum,53.55,11.19
Paschel,49.63,6.68
Pasewalk,53.51,13.99
Paska,50.62,11.63
Passade,54.37,10.32
Passau,48.57,13.45
Passau,48.59,13.40
Passee,53.96,11.77
Passow,53.14,14.11
Passow,53.51,12.05
Pastetten,48.20,11.94
Patersberg,50.15,7.73
Patersdorf,49.02,12.98
Pathologisch-anatomisches Institut,49.02,12.09
Patienten-Heimversorgung,50.22,8.62
Pattensen,52.26,9.76
Patzig,54.46,13.40
Paulinenaue,52.68,12.71
Paulinenpflege Winnenden,48.87,9.39
Paunzhausen,48.47,11.56
Pausa,50.58,12.00
Pausin,52.64,13.04
Pechbrunn,49.97,12.17
Peckfitz,52.51,11.18
Peenemünde,54.14,13.77
Peffingen,49.90,6.40
Pegau,51.17,12.25
Pegestorf,51.93,9.50
Pegnitz,49.75,11.54
Peine,52.32,10.23
Peissen,54.03,9.61
Peiting,47.80,10.93
Peitz,51.86,14.41
Peißen,51.50,12.06
Peißen,51.74,11.76
Peißenberg,47.80,11.07
Pellingen,49.68,6.67
Pellworm,54.52,8.65
Pelm,50.23,6.69
Pelsin,53.81,13.68
Pemfling,49.27,12.62
Penig,50.93,12.70
Penkow,53.46,12.48
Penkun,53.30,14.24
Pennewitz,50.66,11.05
Pennigsehl,52.64,9.03
Pentenried,48.10,11.40
Pentling,48.98,12.06
Penzberg,47.75,11.38
Penzin,53.91,11.93
Penzing,48.07,10.93
Penzlin,53.50,13.08
Pepelow,54.04,11.59
Perach,48.27,12.77
Perasdorf,48.95,12.80
Perkam,48.86,12.44
Perl,49.47,6.38
Perleberg,53.08,11.86
Perlesreut,48.78,13.44
Perlin,53.59,11.18
Perscheid,50.07,7.70
Perwenitz,52.66,13.01
Peseckendorf,52.02,11.32
Pessin,52.64,12.67
Petersaurach,49.30,10.75
Petersberg,49.23,7.57
Petersberg,50.56,9.71
Petersberg,50.98,11.83
Petersberg,51.60,11.95
Petersdorf,48.52,11.03
Petersdorf,51.53,10.83
Petersdorf,53.48,13.51
Petershagen,52.38,8.97
Petershagen-Eggersdorf,52.52,13.80
Petershausen,48.41,11.47
Peterslahr,50.62,7.47
Petersroda,51.57,12.29
Peterswald-Löffelscheid,50.00,7.30
Petriroda,50.87,10.70
Pettendorf,49.06,12.01
Petting,47.91,12.82
Pettstadt,49.83,10.93
Petznick,53.16,13.63
Peuschen,50.66,11.64
Pfaffen-Schwabenheim,49.85,7.95
Pfaffenhausen,48.12,10.46
Pfaffenhofen,49.06,8.98
Pfaffenhofen an der Glonn,48.30,11.16
Pfaffenhofen an der Ilm,48.53,11.51
Pfaffenhofen an der Roth,48.35,10.16
Pfaffenweiler,47.93,7.75
Pfaffing,48.05,12.11
Pfaffroda,50.70,13.35
Pfaffschwende,51.25,10.10
Pfakofen,48.86,12.23
Pfalzfeld,50.11,7.58
Pfalzgrafenweiler,48.53,8.57
Pfannkuch Handelsgesellschaft,49.01,8.35
Pfarrkirchen,48.43,12.94
Pfarrweisach,50.15,10.73
Pfatter,48.96,12.38
Pfedelbach,49.18,9.51
Pfeffelbach,49.54,7.33
Pfeffenhausen,48.66,11.97
Pfeifer & Langen,50.94,6.89
Pferdingsleben,50.97,10.82
Pfiffelbach,51.06,11.44
Pfinztal,49.00,8.52
Pflückuff,51.51,13.01
Pfofeld,49.11,10.84
Pforzen,47.93,10.61
Pforzheim,48.89,8.70
Pfreimd,49.49,12.18
Pfreimd Hohentreswitz,49.50,12.26
Pfreimd Pamsendorf,49.49,12.27
Pfreimd Pfreimd,49.49,12.18
Pfreimd Untersteinbach,49.49,12.17
Pfreimd Weihern,49.52,12.21
Pfronstetten,48.28,9.36
Pfronten,47.58,10.55
Pfullendorf,47.93,9.26
Pfullingen,48.46,9.23
Pfungstadt,49.81,8.60
Pförring,48.81,11.69
Philadelphia,52.25,13.90
Philipp Holzmann Bauaktiengesellschaft Süd,48.10,11.60
Philippsburg,49.23,8.46
Philippsheim,49.95,6.63
Philippsreut,48.87,13.68
Philippsthal,52.33,13.14
Philippsthal (Werra),50.85,9.98
Picher,53.35,11.35
Pickließem,49.99,6.65
Piding,47.77,12.92
Pielenhofen,49.07,11.96
Piesau,50.52,11.22
Piesport,49.89,6.92
Piethen,51.67,11.93
Pietzpuhl,52.21,11.85
Pillig,50.24,7.31
Pillingsdorf,50.78,11.79
Pilsach,49.32,11.50
Pilsting,48.70,12.65
Pingelshagen,53.68,11.34
Pinneberg,53.66,9.80
Pinnow,53.06,14.09
Pinnow,53.60,11.55
Pinnow-Heideland,51.98,14.53
Pintesfeld,50.12,6.37
Pinzberg,49.69,11.10
Pirk,49.63,12.17
Pirmasens,49.21,7.63
Pirna,50.96,13.94
Pirow,53.22,11.90
Pischertshofen,48.28,11.17
Piskaborn,51.58,11.37
Pittenbach,50.18,6.35
Pittenhart,47.98,12.39
Plaaz,53.84,12.34
Plaidt,50.39,7.39
Planebruch,52.25,12.69
Planegg,48.11,11.42
Planetal,52.12,12.68
Plankenfels,49.88,11.33
Plankstadt,49.39,8.60
Plascheid,50.03,6.28
Plate,53.55,11.51
Platten,49.95,6.95
Plattkow,52.11,14.02
Plattling,48.78,12.88
Plau am See,53.46,12.26
Plaue,50.78,10.90
Plauen,50.49,12.14
Plauen,50.49,12.18
Plauerhagen,53.50,12.21
Plech,49.65,11.47
Pleckhausen,50.60,7.54
Pleidelsheim,48.96,9.20
Plein,50.03,6.87
Pleinfeld,49.10,10.98
Pleiskirchen,48.31,12.60
Pleisweiler-Oberhofen,49.12,8.01
Pleitersheim,49.83,7.95
Pleizenhausen,50.02,7.57
Pleißa,50.84,12.77
Plessa,51.47,13.62
Plettenberg,51.21,7.87
Pleystein,49.65,12.41
Pleß,48.10,10.15
Pliening,48.20,11.80
Pliezhausen,48.56,9.21
Plochingen,48.71,9.42
Plodda,51.66,12.45
Plossig,51.70,12.95
Plothen,50.63,11.77
Pluwig,49.69,6.71
Plön,54.16,10.42
Plötz,51.64,11.95
Plötz,53.87,13.29
Plötzkau,51.75,11.68
Plötzky,52.05,11.80
Plöwen,53.46,14.26
Plößberg,49.78,12.31
Plüderhausen,48.80,9.60
Plüschow,53.84,11.27
Plütscheid,50.08,6.42
Pobershau,50.64,13.22
Pobzig,51.83,11.85
Pockau,50.72,13.28
Pocking,48.40,13.31
Podelzig,52.47,14.53
Pogeez,53.75,10.73
Poggelow,53.91,12.61
Poggensee,53.65,10.58
Pohl,50.25,7.87
Pohle,52.27,9.34
Pohlheim,50.52,8.70
Pohnsdorf,54.24,10.25
Poing,48.17,11.82
Pokrent,53.65,11.15
Polch,50.30,7.31
Polenzko,52.01,12.25
Poley,51.78,11.82
Polizei,51.49,7.22
Polizeidirektion,49.30,10.57
Polizeidirektion Heidelberg,49.40,8.68
Polizeidirektion Weilheim,47.84,11.15
Polizeiinspektion Erlangen-Stadt,49.58,11.00
Polizeipräsident,51.38,7.49
Polizeipräsident Essen,51.44,7.00
Polizeipräsidium,51.58,7.06
Polizeipräsidium,52.03,8.51
Polizeipräsidium Dortmund,51.50,7.46
Polizeipräsidium Fotozentrallabor,52.03,8.51
Polizeipräsidium Koblenz,50.36,7.59
Polizeipräsidium Köln,50.94,6.99
Polizeipräsidium Mannheim,49.48,8.47
Polizeipräsidium Mittelfranken,49.45,11.07
Polizeipräsidium Nordhessen,51.32,9.49
Polizeipräsidium Oberfranken,49.93,11.57
Polizeipräsidium Oberpfalz Zentrale Geschäftsstelle,49.00,12.12
Polizeipräsidium Südosthessen Öff. Untern./Behörde,50.09,8.78
Polizeipräsidium Westhessen,50.07,8.23
Polle,51.90,9.40
Polleben,51.58,11.60
Pollenfeld,48.95,11.20
Pollhagen,52.39,9.19
Polling,47.81,11.13
Polling,48.22,12.57
Pollitz,52.97,11.62
Polsingen,48.92,10.71
Polz,53.12,11.36
Polzow,53.50,14.06
Pommelsbrunn,49.50,11.51
Pommerby,54.77,9.95
Pommern,50.17,7.28
Pommersfelden,49.77,10.82
Pomster,50.35,6.84
Ponnsdorf,51.67,13.68
Poppenbüll,54.36,8.76
Poppendorf,54.14,12.31
Poppenhausen,50.10,10.14
Poppenhausen,50.49,9.87
Poppenricht,49.48,11.80
Porschdorf,50.94,14.13
Porta Möbel,52.21,8.88
Porta Westfalica,52.23,8.92
Poseritz,54.30,13.27
Poserna,51.21,12.08
Postau,48.65,12.33
Postbauer-Heng,49.31,11.36
Posterstein,50.87,12.27
Postfeld,54.21,10.21
Postlow,53.84,13.58
Postmünster,48.42,12.90
Potsdam,52.40,13.07
Potsdam,52.41,12.99
Pottenstein,49.77,11.41
Pottiga,50.41,11.74
Pottum,50.60,8.00
Potzbach,49.54,7.82
Potzehne,52.45,11.34
Pouch,51.62,12.40
Poxdorf,49.66,11.07
Poxdorf,50.97,11.75
Poyenberg,54.03,9.70
Pracht,50.76,7.65
Prackenbach,49.10,12.83
Pragsdorf,53.54,13.39
Praktiker,49.29,7.22
Prasdorf,54.38,10.30
Prath,50.18,7.68
Prebberede,53.91,12.49
Prebitz,49.83,11.68
Preetz,54.24,10.28
Preetz,54.35,12.99
Preischeid,50.03,6.15
Preist,49.91,6.63
Prem,47.68,10.80
Premnitz,52.53,12.35
Premsendorf,51.75,13.13
Prenden,52.79,13.55
Prenzlau,53.32,13.86
Prerow,54.43,12.58
Pressath,49.77,11.94
Presseck,50.23,11.56
Pressig,50.35,11.31
Pretschen,52.09,13.99
Prettin,51.66,12.92
Pretzfeld,49.75,11.17
Pretzien,52.05,11.83
Pretzier,52.83,11.26
Pretzsch,51.09,11.95
Pretzsch/Elbe,51.72,12.80
Pretzschendorf,50.87,13.53
Preußisch Oldendorf,52.34,8.53
Preußlitz,51.73,11.81
Prezelle,52.97,11.40
Priborn,53.31,12.66
Prichsenstadt,49.82,10.35
Prien am Chiemsee,47.86,12.35
Priepert,53.22,13.04
Prieros,52.22,13.77
Priesendorf,49.91,10.71
Priesitz,51.70,12.82
Priestewitz,51.25,13.52
Prießen,51.66,13.43
Prießnitz,51.09,11.78
Prinzenmoor,54.22,9.45
Prinzhöfte,52.95,8.57
Pripsleben,53.72,13.19
Prisannewitz,53.99,12.22
Prisdorf,53.68,9.75
Prislich,53.27,11.62
Prittitz,51.15,11.93
Prittriching,48.20,10.93
Pritzier,53.38,11.08
Pritzwalk,53.15,12.17
Pro Solar Schwaben,48.37,10.89
Probsteierhagen,54.36,10.29
Probstzella,50.53,11.38
Produktion/Layout Bild Ruhrgebiet,51.38,6.94
Profen,51.13,12.22
Prohn,54.37,13.02
Pronsfeld,50.16,6.34
Pronstorf,53.95,10.47
Proschim,51.55,14.19
Prosigk,51.70,12.06
Prosselsheim,49.86,10.13
Provinzialat der Pallottiner,48.35,10.99
Proßmarke,51.74,13.49
Pruchten,54.38,12.67
Prutting,47.89,12.20
Prödel,52.04,11.92
Prösen,51.42,13.55
Pröttlin,53.20,11.58
Prötzel,52.64,13.99
Prötzel Harnekop,52.68,14.01
Prötzel Prädikow,52.62,14.02
Prötzel Prötzel,52.64,13.99
Prötzel Sternebeck,52.67,13.99
Prüm,50.21,6.42
Prümzurlay,49.87,6.43
Prüzen,53.76,12.03
Psychiatrische Klinik Lüneburg gGmbH,53.26,10.39
Puchheim,48.15,11.35
Puchow,53.53,13.07
Pudagla,53.97,14.07
Puderbach,50.60,7.57
Pulheim,51.00,6.81
Pullach im Isartal,48.06,11.52
Pullenreuth,49.93,12.00
Pulow,53.96,13.79
Puls,54.08,9.52
Pulsnitz,51.18,14.01
Purzien,51.76,13.02
Puschendorf,49.52,10.83
Puschwitz,51.26,14.30
Putbus,54.36,13.48
Putgarten,54.67,13.42
Putlitz,53.25,12.04
Putzar,53.72,13.66
Putzbrunn,48.08,11.72
Pyrbaum,49.30,11.29
Pähl,47.90,11.18
Pätow,53.40,11.14
Pätz,52.23,13.66
Päwesin,52.52,12.72
Pöcking,47.97,11.30
Pödelist,51.21,11.83
Pöhl,50.55,12.18
Pöhla,50.51,12.82
Pölchow,54.02,12.10
Pölich,49.80,6.85
Pölitz,53.77,10.38
Pölitz,53.84,12.43
Pölsfeld,51.53,11.34
Pölzig,50.95,12.20
Pömmelte,51.99,11.84
Pörmitz,50.62,11.82
Pörnbach,48.62,11.47
Pöschendorf,54.04,9.49
Pösing,49.23,12.55
Pötenitz,53.95,10.92
Pöttmes,48.58,11.09
Pößneck,50.69,11.59
Püchersreuth,49.75,12.23
Püggen,52.73,11.06
Pünderich,50.04,7.13
Pürgen,48.02,10.92
Püttlingen,49.29,6.89
Quakenbrück,52.67,7.95
Quarnbek,54.33,9.98
Quarnstedt,53.95,9.79
Quaschwitz,50.68,11.70
Quedlinburg,51.79,11.15
Queidersbach,49.37,7.63
Queienfeld,50.45,10.46
Queis,51.48,12.13
Quelle Shop,49.47,11.02
Quellendorf,51.75,12.13
Quendorf,52.33,7.18
Quenstedt,51.70,11.46
Querenhorst,52.33,10.97
Querfurt,51.38,11.60
Quern,54.75,9.72
Quernheim,52.47,8.40
Querstedt,52.60,11.66
Questenberg,51.49,11.12
Quetzdölsdorf,51.59,12.13
Quickborn,53.73,9.91
Quickborn,54.01,9.21
Quiddelbach,50.35,6.93
Quierschied,49.32,7.05
Quirla,50.87,11.77
Quirnbach,49.48,7.42
Quirnbach,50.52,7.80
Quirnheim,49.58,8.13
Quitzdorf am See,51.28,14.77
Quitzerow,53.93,13.11
RAG Aktiengesellschaft,51.49,7.03
RAe. Thun und Partner,53.68,9.99
"RBB, ARD Textredaktion",52.51,13.28
RCI Banque S.A. Niederlassung Deutschland,51.17,6.76
REHA-Zentrum Bernkastel-Kues,49.92,7.05
RTL Teleshopping,51.50,7.57
"RTS Rieger Team, Werbeagentur",48.69,9.13
RWTH Aachen,50.78,6.08
Raa-Besenbek,53.75,9.59
Rabel,54.70,9.95
Raben Steinfeld,53.60,11.50
Rabenau,50.68,8.86
Rabenau,50.96,13.64
Rabenholz,54.72,9.90
Rabenkirchen-Faulück,54.63,9.85
Rabenstein/Fläming,52.03,12.63
Rackith,51.80,12.69
Racksen,50.73,7.70
Rackwitz,51.43,12.38
Radbruch,53.32,10.28
Raddestorf,52.45,8.97
Raddusch,51.82,14.04
Rade,54.00,9.74
Rade bei Hohenwestedt,54.10,9.72
Rade bei Rendsburg,54.33,9.75
Radeberg,51.11,13.91
Radebeul,51.11,13.66
Radeburg,51.22,13.73
Radegast,51.66,12.09
Radegast,53.97,11.85
Radekow,53.30,14.35
Rademin,52.80,11.34
Radevormwald,51.20,7.36
Radibor,51.24,14.40
Radio BB,48.71,9.00
Radio Bremen,53.08,8.80
Radis,51.75,12.51
Radisleben,51.74,11.29
Radolfzell am Bodensee,47.74,8.97
Raduhn,53.48,11.68
Raesfeld,51.77,6.85
Ragow,51.89,13.90
Ragow,52.29,13.54
Ragow-Merz,52.20,14.32
Ragow-Merz Merz,52.20,14.30
Ragow-Merz Ragow,52.20,14.35
Raguhn,51.71,12.28
Ragösen,51.98,12.30
Rahden,52.43,8.61
Rahnsdorf,51.95,12.79
Raich,47.75,7.80
Raiffeisen-Waren Rhein-Main eG,50.94,6.96
Rain,48.69,10.92
Rain,48.91,12.47
Rainau,48.93,10.15
Raisdorf,54.28,10.25
Raisting,47.92,11.10
Raitenbuch,49.01,11.12
Rakow,54.04,11.62
Ralbitz-Rosenthal,51.29,14.24
Ralingen an der Sauer,49.82,6.50
Ralswiek,54.47,13.45
Ramberg,49.26,8.01
Rambin,54.36,13.20
Ramerberg,48.02,12.15
Ramhusen,53.95,9.08
Ramin,53.41,14.29
Rammelsbach,49.54,7.44
Rammenau,51.13,14.22
Rammingen,48.07,10.58
Rammingen,48.52,10.17
Ramsau,47.62,12.90
Ramsen,49.54,8.01
Ramsla,51.05,11.28
Ramstedt,54.40,9.17
Ramstein-Miesenbach,49.44,7.56
Ramsthal,50.14,10.07
Randersacker,49.76,9.98
Randowtal,53.31,14.06
Rangendingen,48.38,8.89
Rangsdorf,52.29,13.42
Ranies,52.02,11.83
Ranis,50.66,11.57
Rankwitz,53.95,13.93
Rannstedt,51.08,11.55
Rannungen,50.17,10.20
Ransbach-Baumbach,50.47,7.73
Ranschbach,49.20,8.03
Ranstadt,50.36,8.98
Ransweiler,49.67,7.77
Rantrum,54.44,9.13
Rantum,54.85,8.29
Rantzau,54.25,10.52
Ranzin,53.95,13.53
Raphaels-Klinik,51.96,7.63
Rappin,54.51,13.38
Raschau,50.53,12.83
Rascheid,49.72,6.93
Rasdorf,50.72,9.90
Rastatt,48.86,8.21
Rastdorf,52.91,7.71
Rastede,53.25,8.20
Rastenberg,51.17,11.42
Rastorf,54.27,10.28
Rastow,53.46,11.43
Rat für Sozial- und Wirtschaftsdaten,52.46,13.30
Ratekau,53.95,10.73
Rathaus Beuel,50.74,7.12
Rathebur,53.74,13.79
Rathen,50.96,14.09
Rathenow,52.61,12.34
Rathjensdorf,54.18,10.43
Rathmannsdorf,50.93,14.14
Rathmannsdorf,51.82,11.63
Rathskirchen,49.62,7.72
Rathsweiler,49.60,7.47
Ratingen,51.30,6.85
Ratingen,51.30,6.86
Ratshausen,48.19,8.80
Rattelsdorf,50.02,10.89
Rattelsdorf,50.82,11.77
Rattenberg,49.09,12.75
Rattenkirchen,48.24,12.32
Rattiszell,49.03,12.66
Ratzeburg,53.70,10.77
Ratzert,50.65,7.62
Raubach,50.57,7.62
Raubling,47.79,12.11
Rauda,50.95,11.94
Rauen,52.33,14.03
Rauenberg,49.27,8.70
Rauhenebrach,49.88,10.62
Raumbach,49.72,7.65
Raunheim,50.01,8.45
Rauschenberg,50.88,8.92
Rauschwitz,50.97,11.80
Rausdorf,50.87,11.68
Rausdorf,53.59,10.33
Ravengiersburg,49.93,7.48
Ravens Bekleidungsindustrie,52.30,8.70
Ravensberg,53.99,11.70
Ravensburg,47.78,9.62
Ravenstein,49.39,9.53
Raversbeuren,49.95,7.23
Rayerschied,50.02,7.58
Rech,50.52,7.03
Rechberghausen,48.73,9.64
Rechbergklinik,49.03,8.70
Rechenberg-Bienenmühle,50.74,13.54
Rechlin,53.34,12.73
Rechnungswesen & Controlling GHS,49.46,11.09
Rechtenbach,49.98,9.51
Rechtenstein,48.24,9.55
Rechtmehring,48.12,12.17
"Rechtsanwälte Laatsch, Govari & Kaminski",51.37,7.69
Rechtsschutz Union,48.13,11.57
Rechtsupweg,53.53,7.33
Recke,52.37,7.72
Reckendorf,50.02,10.83
Reckenroth,50.23,8.02
Reckershausen,49.98,7.40
Recklinghausen,51.61,7.20
Recknitz,53.86,12.30
Redaktion Bild Ruhrgebiet,51.45,7.02
Redaktion Schlagartig,50.98,11.03
Reddeber,51.87,10.80
Reddelich,54.09,11.85
Redefin,53.35,11.20
Redekin,52.47,12.08
Rednitzhembach,49.30,11.08
Redwitz an der Rodach,50.17,11.21
Rees,51.81,6.40
Reesdorf,52.24,12.17
Reesdorf,54.18,10.05
Reesen,52.28,11.94
Reeßum,53.13,9.22
Regen,48.97,13.13
Regensburg,49.02,12.10
Regenstauf,49.12,12.13
Regesbostel,53.38,9.65
Regierung der Oberpfalz,49.02,12.09
Regierung von Mittelfranken,49.30,10.58
Regierung von Niederbayern,48.54,12.16
Regierung von Oberbayern,48.14,11.59
Regierung von Schwaben,48.37,10.89
Regierung von Unterfranken,49.79,9.93
Regierungspräsidium Darmstadt,49.87,8.65
Regierungspräsidium Dessau,51.84,12.21
Regierungspräsidium Freiburg,48.00,7.85
Regierungspräsidium Karlsruhe,49.01,8.41
Regierungspräsidium Karlsruhe Zentrale Bußgeldstelle,49.00,8.44
Regierungspräsidium Sachsen-Anhalt,52.13,11.62
Regio Print,49.23,6.99
Regis-Breitingen,51.09,12.44
Regnitzlosau,50.30,12.05
Reha-Klinik Damp,54.58,10.02
Reha-Klinik Helenenquelle,51.11,9.11
Reha-Zentrum,47.91,7.70
Rehagen,52.17,13.37
Rehau,50.25,12.03
Rehbach,49.85,7.63
Rehborn,49.73,7.68
Rehburg-Loccum,52.47,9.20
Rehburg-Loccum Bad Rehburg,52.44,9.22
Rehburg-Loccum Loccum,52.45,9.15
Rehburg-Loccum Münchehagen,52.44,9.19
Rehburg-Loccum Rehburg,52.48,9.23
Rehburg-Loccum Winzlar,52.45,9.26
Rehden,52.61,8.48
Rehe,50.63,8.12
Reher,54.07,9.58
Rehfeld-Berlitt,52.95,12.29
Rehfelde,52.53,13.91
Rehfelde Rehfelde,52.54,13.92
Rehfelde Werder,52.52,13.95
Rehfelde Zinndorf,52.50,13.93
Rehhorst,53.88,10.47
Rehling,48.48,10.93
Rehlingen,53.11,10.22
Rehlingen-Siersburg,49.38,6.68
Rehm-Flehde-Bargen,54.28,9.02
Rehmsdorf,51.06,12.21
Rehna,53.78,11.05
Rehsen,51.83,12.50
Rehungen,51.38,10.52
Rehweiler,49.49,7.44
Reich,50.00,7.43
Reichardtswerben,51.25,11.95
Reichartshausen,49.35,8.95
Reichelsheim,49.71,8.84
Reichelsheim,50.36,8.87
Reichenau,47.69,9.06
Reichenbach,49.18,12.35
Reichenbach,49.64,7.29
Reichenbach,50.42,11.41
Reichenbach,50.87,11.88
Reichenbach am Heuberg,48.13,8.85
Reichenbach an der Fils,48.71,9.46
Reichenbach-Steegen,49.50,7.55
Reichenbach/Oberlausitz,51.15,14.80
Reichenbach/Vogtland,50.62,12.30
Reichenberg,49.73,9.91
Reichenberg,50.15,7.77
Reichenhain,51.46,13.43
Reichenow-Möglin,52.66,14.09
Reichenow-Möglin Möglin,52.67,14.11
Reichenow-Möglin Reichenow,52.65,14.08
Reichenschwand,49.51,11.37
Reichenwalde,52.27,14.00
Reichenwalde Dahmsdorf,52.23,13.98
Reichenwalde Kolpin,52.28,13.98
Reichenwalde Reichenwalde,52.27,14.00
Reichersbeuern,47.77,11.63
Reichertshausen,48.47,11.52
Reichertsheim,48.20,12.28
Reichertshofen,48.66,11.47
Reichling,47.92,10.93
Reichmannsdorf,50.55,11.26
Reicho,51.81,13.12
Reichshof,50.93,7.64
Reichsthal,49.60,7.73
Reichstädt,50.92,12.23
Reichweiler,49.53,7.28
Reidenhausen,50.05,7.32
Reifenberg,49.28,7.51
Reiferscheid,50.65,7.55
Reiff,50.10,6.20
Reiffelbach,49.68,7.68
Reifferscheid,50.41,6.88
Reil,50.02,7.12
Reilingen,49.30,8.56
Reimerath,50.30,6.97
Reimershagen,53.67,12.18
Reimlingen,48.82,10.52
Reinbek,53.52,10.25
Reinberg,54.21,13.25
Reinfeld (Holstein),53.82,10.50
Reinhardshagen,51.49,9.61
Reinhardtsdorf-Schöna,50.90,14.20
Reinhardtsgrimma,50.89,13.76
Reinheim,49.83,8.84
Reinholterode,51.42,10.19
Reinickendorf,52.57,13.33
Reinsberg,51.01,13.37
Reinsbüttel,54.18,8.91
Reinsdorf,50.70,12.56
Reinsdorf,51.29,11.60
Reinsdorf,51.33,11.27
Reinsfeld,49.68,6.88
Reinshagen,54.03,11.91
Reinstedt,51.76,11.35
Reinstorf,53.23,10.57
Reinstädt,50.81,11.47
Reipeldingen,50.08,6.18
Reipoltskirchen,49.63,7.67
Reisbach,48.57,12.63
Reischach,48.29,12.73
Reisdorf,51.10,11.56
"Reiser, Gemeinde Gars am Inn",48.15,12.32
Reiskirchen,50.60,8.83
Reit im Winkl,47.66,12.53
Reitwein,52.50,14.58
Reitzenhain,50.15,7.78
Reken,51.83,7.03
Reklame Center,51.29,6.52
Rellingen,53.64,9.86
Relsberg,49.60,7.67
Remagen,50.58,7.23
Remchingen,48.95,8.57
Remda-Teichel,50.76,11.25
Remlin,53.91,12.66
Remlingen,49.80,9.69
Remlingen,52.11,10.67
Remmels,54.12,9.65
Remplin,53.75,12.70
Remptendorf,50.53,11.65
Remscheid,51.18,7.19
Remscheid,51.18,7.26
Remse,50.85,12.57
Remseck am Neckar,48.88,9.27
Remshalden,48.82,9.42
Remstädt,50.98,10.69
Renchen,48.59,8.01
Rendsburg,54.31,9.66
Rendswühren,54.08,10.18
Rengsdorf,50.50,7.50
Renkenberge,52.90,7.38
Rennau,52.30,10.91
Rennerod,50.61,8.07
Rennertshofen,48.76,11.05
Renningen,48.77,8.94
Renquishausen,48.08,8.90
Renthendorf,50.80,11.97
Rentweinsdorf,50.06,10.80
Rentwertshausen,50.46,10.44
Renzow,53.62,11.15
Reppenstedt,53.25,10.35
Reppichau,51.81,12.08
Rerik,54.10,11.62
Ressen-Zaue,52.04,14.16
Retgendorf,53.73,11.50
Rethem (Aller),52.78,9.38
Rethwisch,53.78,10.45
Rethwisch,53.87,9.59
Retschow,54.05,11.88
Rettenbach,48.46,10.35
Rettenbach,49.07,12.45
Rettenbach am Auerberg,47.77,10.75
Rettenberg,47.57,10.29
Retterath,50.27,7.02
Rettersen,50.70,7.50
Rettershain,50.15,7.83
Rettert,50.23,7.94
Retzau,51.72,12.31
Retzin,53.11,11.99
Retzow,52.62,12.69
Retzow,53.37,12.20
Retzstadt,49.91,9.88
Reudelsterz,50.32,7.15
Reuden,51.11,12.19
Reuden,52.07,12.30
Reupzig,51.74,12.07
Reurieth,50.45,10.65
Reut,48.32,12.93
Reute,48.08,7.82
Reuterstadt Stavenhagen,53.70,12.90
Reuth,50.30,6.48
Reuth,50.47,11.96
Reuth bei Erbendorf,49.84,12.12
Reuthen,51.59,14.53
Reutlingen,48.51,9.20
Reußen,51.50,12.13
Reußenköge,54.60,8.90
Rhade,53.33,9.11
Rhauderfehn,53.14,7.57
Rhaunen,49.86,7.34
Rheda-Wiedenbrück,51.85,8.30
Rhede,51.84,6.70
Rhede,53.06,7.27
Rheden,52.06,9.79
Rhein. Landesklinik,50.75,7.09
RheinEnergie Köln,50.95,6.90
Rheinau,48.67,7.94
Rheinbach,50.63,6.95
Rheinberg,51.55,6.60
Rheinbreitbach,50.62,7.23
Rheinbrohl,50.50,7.33
Rheinböllen,50.01,7.67
Rheine,52.29,7.44
Rheinfelden,47.57,7.78
Rheinhausen,48.23,7.71
Rheinisch-Bergischer Kreis,50.98,7.14
Rheinische Post,51.23,6.70
Rheinmünster,48.76,8.05
Rheinsberg,53.10,12.90
Rheinsberg Braunsberg,53.05,12.83
Rheinsberg Dierberg,53.03,12.97
Rheinsberg Dorf Zechlin,53.13,12.77
Rheinsberg Flecken Zechlin,53.15,12.77
Rheinsberg Großzerlang,53.18,12.95
Rheinsberg Heinrichsdorf,53.05,12.95
Rheinsberg Kagar,53.13,12.82
Rheinsberg Kleinzerlang,53.18,12.92
Rheinsberg Linow,53.10,12.83
Rheinsberg Luhme,53.18,12.83
Rheinsberg Schwanow,53.05,12.87
Rheinsberg Wallitz,53.12,12.77
Rheinsberg Zechlinerhütte,53.15,12.88
Rheinsberg Zechow,53.05,12.92
Rheinsberg Zühlen,53.08,12.82
Rheinstetten,48.97,8.31
Rheintalklinik,47.92,7.69
Rheinzabern,49.12,8.28
Rhens,50.28,7.62
Rheumaklinik der LVA Oldenburg-Bremen,51.12,9.11
Rheurdt,51.47,6.47
Rhinow,52.75,12.34
Rhoden,52.01,10.66
Rhodt unter Rietburg,49.27,8.11
Rhumspringe,51.58,10.30
Rhönblick,50.55,10.37
Ribbeck,52.62,12.75
Ribbesbüttel,52.43,10.51
Ribnitz-Damgarten,54.24,12.46
Richtenberg,54.20,12.89
Rickenbach,47.62,7.98
Rickert,54.33,9.67
Rickling,54.02,10.17
Riebau,52.86,11.28
Ried,48.29,11.04
Riedbach,50.10,10.47
Riede,52.97,8.95
Riedelberg,49.18,7.45
Rieden,47.95,10.65
Rieden,49.32,11.94
Rieden,50.40,7.18
Rieden am Forggensee,47.62,10.72
Riedenberg,50.32,9.86
Riedenburg,48.96,11.69
Riedenheim,49.56,9.98
Rieder,51.73,11.17
Riederich,48.56,9.27
Riedering,47.84,12.21
Riedhausen,47.91,9.43
Riedlingen,48.15,9.48
Riedstadt,49.83,8.50
Riegel am Kaiserstuhl,48.15,7.75
Riegelsberg,49.30,6.93
Riegenroth,50.05,7.58
Riegsee,47.70,11.23
Riekofen,48.92,12.35
Rielasingen-Worblingen,47.73,8.84
Rieneck,50.09,9.65
Rieplos,52.28,13.91
Rieps,53.77,10.86
Riepsdorf,54.23,10.97
Riesa,51.30,13.28
Riesbürg,48.85,10.43
Rieschweiler-Mühlbach,49.23,7.50
Riesdorf,51.69,12.11
Rieseby,54.54,9.82
Riesigk,51.82,12.47
Rieste,52.48,8.02
Riestedt,51.49,11.36
Riesweiler,49.96,7.56
Rietberg,51.81,8.43
Rietheim-Weilheim,48.02,8.77
Riethgen,51.25,11.12
Riethnordhausen,51.08,11.00
Riethnordhausen,51.42,11.24
Rietschen,51.40,14.78
Rietz-Neuendorf,52.23,14.16
Rietz-Neuendorf Ahrensdorf,52.17,14.08
Rietz-Neuendorf Alt Golm,52.30,14.12
Rietz-Neuendorf Behrensdorf,52.18,14.05
Rietz-Neuendorf Birkholz,52.20,14.20
Rietz-Neuendorf Buckow,52.18,14.17
Rietz-Neuendorf Drahendorf,52.28,14.23
Rietz-Neuendorf Glienicke,52.20,14.08
Rietz-Neuendorf Groß Rietz,52.22,14.22
Rietz-Neuendorf Görzig,52.23,14.20
Rietz-Neuendorf Herzberg,52.22,14.12
Rietz-Neuendorf Neubrück (Spree),52.27,14.28
Rietz-Neuendorf Pfaffendorf,52.27,14.17
Rietz-Neuendorf Sauen,52.27,14.22
Rietz-Neuendorf Wilmersdorf,52.27,14.13
Rietzel,52.28,12.02
Rietzneuendorf-Staakow,52.02,13.68
Rimbach,48.47,12.65
Rimbach,49.23,12.88
Rimbach,49.62,8.76
Rimpar,49.86,9.96
Rimsberg,49.65,7.22
Rimsting,47.88,12.34
Rinchnach,48.95,13.20
Ringe,52.58,6.93
Ringelai,48.81,13.47
Ringfurth,52.38,11.90
Ringgau,51.08,10.07
Ringleben,51.10,10.95
Ringleben,51.37,11.22
Ringsberg,54.81,9.60
Ringsheim,48.25,7.78
Ringstedt,53.56,8.85
Rinnthal,49.22,7.92
Rinteln,52.17,9.12
Rinteln Ahe,52.18,9.14
Rinteln Deckbergen,52.20,9.17
Rinteln Engern,52.19,9.11
Rinteln Exten,52.17,9.10
Rinteln Friedrichswald,52.13,9.15
Rinteln Goldbeck,52.10,9.15
Rinteln Hohenrode,52.17,9.15
Rinteln Kohlenstädt,52.19,9.15
Rinteln Krankenhagen,52.15,9.08
Rinteln Möllenbeck,52.16,9.03
Rinteln Rinteln,52.18,9.07
Rinteln Schaumburg,52.20,9.19
Rinteln Steinbergen,52.21,9.12
Rinteln Strücken,52.17,9.12
Rinteln Todenmann,52.21,9.05
Rinteln Uchtorf,52.16,9.10
Rinteln Volksen,52.14,9.11
Rinteln Wennenkamp,52.14,9.14
Rinteln Westendorf,52.20,9.15
Rinzenberg,49.68,7.13
Riol,49.79,6.79
Rippach,51.23,12.06
Rippershausen,50.60,10.35
Ristedt,52.65,11.08
Risum-Lindholm,54.76,8.87
Ritschenhausen,50.51,10.43
Ritterhude,53.18,8.74
Ritterode,51.64,11.45
Rittersdorf,50.00,6.50
Rittersdorf,50.82,11.23
Rittersgrün,50.48,12.79
Rittersheim,49.66,8.06
Ritzerau,53.67,10.57
Ritzerow,53.66,12.96
Ritzgerode,51.61,11.29
Rivenich,49.88,6.85
Riveris,49.72,6.77
Robert-Koch-Krankenhaus,52.30,9.60
Rochau,52.71,11.74
Rochlitz,51.05,12.80
Rockenberg,50.43,8.74
Rockenhausen,49.63,7.82
Rockenstuhl,50.63,9.93
Rockeskyll,50.25,6.70
Rockhausen,50.90,11.04
Rockstedt,51.29,10.76
Rodalben,49.24,7.64
Rodden,51.33,12.16
Rodder,50.39,6.86
Rodeberg,51.22,10.32
Roden,49.90,9.63
Rodenbach,49.47,7.66
Rodenbach,50.15,9.03
Rodenbach,50.64,7.65
Rodenbek,54.28,10.02
Rodenberg,52.31,9.36
Rodenberg Algesdorf,52.32,9.34
Rodenberg Rodenberg,52.30,9.35
Rodenwalde,53.44,10.93
Rodenäs,54.88,8.70
Rodershausen,49.98,6.20
Rodewald,52.67,9.48
Rodewisch,50.53,12.41
Rodgau,50.03,8.89
Roding,49.19,12.52
Rodishain,51.54,10.92
Rodleben,51.90,12.20
Roduchelstorf,53.82,10.99
Roes,50.24,7.26
Roetgen,50.65,6.20
Rogeez,53.39,12.39
Roggenburg,48.28,10.23
Roggendorf,53.69,11.01
Roggenstorf,53.91,11.07
Roggentin,53.33,12.88
Roggentin,54.07,12.20
Roggosen,51.70,14.46
Rogätz,52.32,11.77
Rohlstorf,53.97,10.39
Rohr,49.34,10.89
Rohr,50.58,10.50
Rohr in Niederbayern,48.77,11.97
Rohrbach,48.62,11.57
Rohrbach,49.14,8.13
Rohrbach,49.58,7.27
Rohrbach,49.88,7.42
Rohrbach,50.60,11.22
Rohrbach,51.07,11.40
Rohrberg,51.42,10.02
Rohrberg,52.71,11.04
Rohrdorf,47.80,12.17
Rohrdorf,48.57,8.70
Rohrenfels,48.69,11.16
Rohrsen,52.71,9.23
Rohrsheim,52.02,10.83
Roigheim,49.36,9.34
Roitham bei Stein an der Traun,48.00,12.55
Roitzsch,51.58,12.26
Roklum,52.07,10.74
Rolls-Royce Motor Cars,48.20,11.61
Rollshausen,51.57,10.22
Rollwitz,53.47,13.98
Rom,53.44,11.95
Romanwoche,48.87,8.22
Rommersheim,50.20,6.45
Rommerskirchen,51.03,6.68
Romrod,50.71,9.22
Rondeshagen,53.75,10.63
Ronneburg,50.23,9.06
Ronneburg,50.86,12.19
Ronnenberg,52.32,9.66
Ronsberg,47.90,10.42
Ronshausen,50.95,9.85
Rorodt,49.77,7.05
Rosa,50.71,10.25
Rosbach vor der Höhe,50.30,8.69
Rosbach vor der Höhe Nieder-Rosbach,50.30,8.71
Rosbach vor der Höhe Ober-Rosbach,50.30,8.69
Rosbach vor der Höhe Rodheim vor der Höhe,50.27,8.70
Roschbach,49.25,8.12
Rosche,52.99,10.75
Roscheid,50.12,6.18
Rosdorf,51.50,9.90
Rosdorf,53.98,9.73
Roseburg,53.53,10.63
Rosenau,52.33,12.36
Rosenbach,51.09,14.74
Rosenberg,49.02,10.03
Rosenberg,49.46,9.47
Rosendahl,52.02,7.22
Rosendorf,50.77,11.78
Rosenfeld,48.29,8.72
Rosengarten,49.08,9.70
Rosengarten,53.41,9.93
Rosenheim,47.84,12.10
Rosenheim,47.85,12.12
Rosenheim,50.71,7.85
Rosenkopf,49.35,7.43
Rosenkranz & Cie Metallwarenfabrik,50.49,8.27
Rosenow,53.63,13.04
Rosenthal,50.97,8.87
Rosenthal-Bielatal,50.87,14.05
Rosian,52.10,12.15
Rositz,51.02,12.36
Roskow,52.47,12.72
Rosow,53.31,14.39
Rossau,51.00,13.07
Rossau,52.79,11.64
Rossin,53.77,13.71
Rossow,53.47,14.13
Rostock,54.09,12.11
Rostock,54.09,12.15
Rostock,54.14,12.03
Rot am See,49.25,10.02
Rot an der Rot,48.01,10.03
Rotenburg (Wümme),53.12,9.42
Rotenburg an der Fulda,51.00,9.73
Rotenhain,50.60,7.88
Roth,49.26,11.15
Roth,49.93,7.80
Roth,50.08,7.45
Roth,50.27,7.90
Roth,50.31,6.38
Roth,50.76,7.70
Roth an der Our,49.92,6.22
Rotha,51.54,11.15
Rothemühl,53.59,13.82
Rothenbach,50.56,7.90
Rothenberg,49.50,8.92
Rothenbuch,49.97,9.39
Rothenburg,51.65,11.76
Rothenburg ob der Tauber,49.38,10.19
Rothenburg/Oberlausitz,51.36,14.95
Rothenfels,49.89,9.59
Rothenklempenow,53.52,14.20
Rothenschirmbach,51.46,11.55
Rothenstein,50.85,11.60
Rothselberg,49.55,7.60
Rott,47.90,10.97
Rott,50.63,7.52
Rott am Inn,47.98,12.13
Rotta,51.76,12.60
Rottach-Egern,47.69,11.77
Rottelsdorf,51.58,11.68
Rottenacker,48.23,9.69
Rottenbach,50.69,11.17
Rottenbuch,47.73,10.97
Rottenburg am Neckar,48.48,8.95
Rottenburg an der Laaber,48.70,12.03
Rottendorf,49.79,10.03
Rotterode,50.71,10.55
Rotthalmünster,48.36,13.20
Rottleben,51.36,11.05
Rottleberode,51.52,10.95
Rottmersleben,52.21,11.40
Rottstock,52.20,12.35
Rottweil,48.17,8.63
Roxförde,52.43,11.41
Roxheim,49.87,7.82
Roßbach,48.60,12.93
Roßbach,50.58,7.42
Roßbach,50.61,7.68
Roßbach,51.26,11.89
Roßdorf,49.86,8.76
Roßdorf,50.70,10.22
Roßdorf,52.37,12.18
Roßhaupten,47.65,10.72
Roßla,51.46,11.08
Roßlau,51.95,12.30
Roßleben,51.30,11.43
Roßtal,49.40,10.89
Roßwein,51.07,13.18
Rubenow,54.10,13.70
Rubkow,53.94,13.72
Rubow,53.76,11.57
Rudelzhausen,48.60,11.77
Ruderatshofen,47.82,10.58
Rudersberg,48.89,9.53
Rudersdorf,51.10,11.45
Ruderting,48.65,13.42
Rudolstadt,50.72,11.34
Rugendorf,50.20,11.47
Ruhla,50.89,10.37
Ruhland,51.46,13.87
Ruhlsdorf,52.82,13.56
Ruhmannsfelden,48.98,12.98
Ruhpolding,47.77,12.65
Ruhrverband,51.45,7.02
Ruhstorf an der Rott,48.43,13.33
Ruhwinkel,54.10,10.22
Rukieten,53.90,12.15
Rullstorf,53.29,10.53
Rumbach,49.10,7.79
Rumohr,54.26,10.02
Runding,49.22,12.76
Runkel,50.41,8.15
Ruppach-Goldhausen,50.47,7.88
Ruppertsberg,49.40,8.20
Ruppertsecken,49.65,7.88
Ruppertshofen,48.88,9.82
Ruppertshofen,50.20,7.81
Ruppertsweiler,49.20,7.69
Ruppichteroth,50.84,7.48
Ruschberg,49.62,7.29
Rust,48.27,7.73
Rustenfelde,51.40,10.00
Rutesheim,48.81,8.95
Ruthenbeck,53.53,11.71
Ruthweiler,49.55,7.37
Rutsweiler am Glan,49.53,7.45
Rutsweiler an der Lauter,49.57,7.62
Ruttersdorf-Lotschen,50.88,11.73
Räbke,52.20,10.88
Räckelwitz,51.25,14.23
Rätzlingen,52.40,11.11
Rätzlingen,52.98,10.68
Röbel/Müritz,53.39,12.60
Röblingen am See,51.46,11.68
Röcken,51.24,12.12
Röckingen,49.06,10.56
Röckwitz,53.71,13.10
Röddelin,53.10,13.44
Rödelhausen,50.00,7.33
Rödelmaier,50.32,10.28
Rödelsee,49.73,10.25
Rödental,50.30,11.04
Röderaue,51.39,13.46
Rödermark,49.97,8.83
Rödern,49.95,7.45
Rödersheim-Gronau,49.43,8.26
Rödgen,51.64,12.19
Rödinghausen,52.25,8.48
Röfingen,48.42,10.44
Rögling,48.85,10.95
Rögnitz,53.61,11.02
Röhl,49.93,6.58
Röhrig,51.33,10.03
Röhrmoos,48.33,11.45
Röhrnbach,48.74,13.52
Röhrsdorf,50.86,12.83
Röllbach,49.77,9.25
Römerberg,49.30,8.41
Römerstein,48.50,9.51
Römerstein Donnstetten,48.52,9.57
Römerstein Zainingen,48.48,9.55
Römhild,50.40,10.54
Römnitz,53.72,10.77
Römstedt,53.10,10.65
Rönnebeck,53.00,13.04
Rösa,51.62,12.49
Röslau,50.08,11.98
Rösrath,50.90,7.18
Rötgesbüttel,52.42,10.53
Rötha,51.20,12.41
Röthenbach (Allgäu),47.62,9.98
Röthenbach an der Pegnitz,49.48,11.24
Röthlein,49.98,10.22
Rötsweiler-Nockenthal,49.72,7.27
Röttenbach,49.15,11.03
Röttenbach,49.66,10.93
Röttingen,49.51,9.97
Röttlerweiler,47.63,7.66
Rötz,49.34,12.53
Rövershagen,54.18,12.24
Rübeland,51.76,10.85
Rüber,50.30,7.37
Rückeroth,50.56,7.75
Rückersdorf,49.50,11.25
Rückersdorf,50.82,12.22
Rückersdorf,51.57,13.57
Rückholz,47.67,10.55
Rückweiler,49.58,7.23
Rüde,54.82,9.57
Rüdenau,49.71,9.18
Rüdenhausen,49.77,10.34
Rüdersdorf bei Berlin,52.47,13.77
Rüdershausen,51.58,10.27
Rüdesheim,49.85,7.82
Rüdesheim am Rhein,49.98,7.93
Rüdnitz,52.72,13.62
Rügge,54.68,9.77
Rügland,49.40,10.58
Rühen,52.49,10.89
Rühn,53.82,11.94
Rühstädt,52.92,11.87
Rülzheim,49.15,8.29
Rümmelsheim/Burg Layen,49.93,7.87
Rümmingen,47.64,7.64
Rümpel,53.78,10.35
Rüscheid,50.53,7.57
Rüsselsheim,49.99,8.42
Rüssingen,49.62,8.09
Rüterberg,53.15,11.18
Rüthen,51.49,8.44
Rüthnick,52.88,13.00
Rüting,53.79,11.22
SIGNAL IDUNA,50.94,6.96
SOENNECKEN eG Belegmanagement,52.17,9.99
SOS-Kinderdörfer,48.16,11.53
SPAR Handels-Aktiengesellschaft,53.59,9.84
SPARCO,51.37,7.55
STARFOOD SRL Italy,52.17,9.99
STRACK ET COLLEGAE Rechtsanwälte,49.36,8.69
SWR,48.79,9.20
Saal,54.31,12.50
Saal an der Donau,48.90,11.93
Saal an der Saale,50.32,10.36
Saalburg-Ebersdorf,50.49,11.70
Saaldorf-Surheim,47.88,12.94
Saale-Reha-Klinik der BfA,50.20,10.08
Saaleplatte,51.01,11.58
Saalfeld/Saale,50.65,11.38
Saalfelder Höhe,50.61,11.31
Saalow,52.19,13.38
Saalstadt,49.32,7.55
Saara,50.85,11.97
Saara,50.93,12.42
Saarbrücken,49.25,6.91
Saarbrücken,49.25,7.00
Saarbrücken,49.27,7.03
Saarbrücker Media Verkaufsgesellschaft,49.23,6.99
Saarburg,49.61,6.54
Saarlouis,49.31,6.75
Saarmund,52.32,13.13
Saarwellingen,49.35,6.80
Saathain,51.46,13.46
Sachau,52.47,11.26
Sachsen,49.29,10.66
Sachsenbrunn,50.45,10.95
Sachsendorf,51.87,11.88
Sachsenhagen,52.40,9.27
Sachsenhagen Nienbrügge,52.38,9.23
Sachsenhagen Sachsenhagen,52.39,9.22
Sachsenhausen,51.05,11.37
Sachsenheim,48.96,9.07
Sachsenkam,47.81,11.64
Sacrow-Waldow,51.96,14.13
Sadenbeck,53.19,12.27
Saerbeck,52.17,7.63
Saffig,50.38,7.42
Sagard,54.53,13.55
Sahms,53.53,10.53
Sailauf,50.02,9.26
Salach,48.69,9.74
Salching,48.81,12.57
Saldenburg,48.77,13.36
Salem,47.76,9.29
Salem,53.66,10.83
Salgen,48.13,10.48
Sallgast,51.59,13.85
Sallneck,47.72,7.77
Salm,50.15,6.69
Salmtal,49.93,6.85
Salz,50.31,10.21
Salz,50.51,7.96
Salzbergen,52.33,7.43
Salzburg,50.67,8.05
Salzfurtkapelle,51.69,12.18
Salzgitter,52.12,10.38
Salzgitter Bad,52.05,10.37
Salzgitter Barum,52.12,10.35
Salzgitter Beddingen,52.18,10.48
Salzgitter Beinum,52.08,10.41
Salzgitter Bleckenstedt,52.18,10.41
Salzgitter Bruchmachtersen,52.14,10.30
Salzgitter Calbecht,52.09,10.38
Salzgitter Drütte,52.15,10.44
Salzgitter Engelnstedt,52.17,10.35
Salzgitter Engenrode,52.09,10.37
Salzgitter Flachstöckheim,52.09,10.44
Salzgitter Gebhardshagen,52.11,10.36
Salzgitter Gitter,52.04,10.35
Salzgitter Groß Mahner,52.05,10.41
Salzgitter Hallendorf,52.15,10.38
Salzgitter Heerte,52.12,10.39
Salzgitter Hohenrode,52.02,10.35
Salzgitter Immendorf,52.15,10.44
Salzgitter Lebenstedt,52.16,10.33
Salzgitter Lesse,52.16,10.26
Salzgitter Lichtenberg,52.13,10.29
Salzgitter Lobmachtersen,52.10,10.42
Salzgitter Ohlendorf,52.06,10.45
Salzgitter Osterlinde,52.13,10.25
Salzgitter Reppner,52.17,10.31
Salzgitter Ringelheim,52.04,10.31
Salzgitter Salder,52.14,10.34
Salzgitter Sauingen,52.19,10.41
Salzgitter Thiede,52.19,10.48
Salzgitter Watenstedt,52.15,10.41
Salzgitter Üfingen,52.20,10.41
Salzhausen,53.22,10.17
Salzhemmendorf,52.09,9.63
Salzkotten,51.67,8.60
Salzlandkreis,51.80,11.74
Salzmünde,51.53,11.83
Salzwedel,52.85,11.15
Salzwedel Stappenbeck,52.82,11.23
Salzweg,48.62,13.48
Samerberg,47.78,12.19
Samern,52.30,7.26
Samswegen,52.26,11.56
Samtens,54.35,13.29
Sand am Main,49.98,10.60
Sandau (Elbe),52.78,12.05
Sandauerholz,52.79,12.01
Sandbeiendorf,52.40,11.72
Sandberg,50.35,10.01
Sandbostel,53.41,9.13
Sande,53.50,8.01
Sande Cäciliengroden,53.48,8.05
Sande Dykhausen,53.50,7.97
Sande Mariensiel,53.51,8.05
Sande Neustadtgödens,53.48,7.99
Sande Sande,53.49,8.03
Sande Sanderbusch,53.51,8.02
Sandersdorf,51.62,12.24
Sandersdorf Heideloh,51.63,12.20
Sandersdorf Ramsin,51.62,12.23
Sandersdorf Renneritz,51.60,12.23
Sandersdorf Sandersdorf,51.63,12.27
Sandersdorf Zscherndorf,51.62,12.27
Sandersleben,51.68,11.57
Sandesneben,53.68,10.50
Sandhausen,49.34,8.66
Sandstedt,53.36,8.52
Sangerhausen,51.47,11.30
Sanitz,54.08,12.38
Sankelmark,54.72,9.42
Sankt Alban,49.68,7.87
Sankt Aldegund,50.08,7.13
Sankt Andreasberg,51.71,10.52
Sankt Annen,54.35,9.08
Sankt Augustin,50.78,7.20
Sankt Bernhard,50.46,10.60
Sankt Blasien,47.76,8.13
Sankt Egidien,50.79,12.62
Sankt Englmar,49.00,12.83
Sankt Gangloff,50.86,11.89
Sankt Georgen im Schwarzwald,48.13,8.34
Sankt Goar,50.15,7.71
Sankt Goarshausen,50.16,7.71
Sankt Ingbert,49.28,7.12
Sankt Johann,48.48,9.32
Sankt Johann,49.87,8.01
Sankt Johann,50.35,7.20
Sankt Julian,49.62,7.52
Sankt Katharinen,49.87,7.77
Sankt Katharinen,50.58,7.38
Sankt Kilian,50.53,10.76
Sankt Leon-Rot,49.27,8.62
Sankt Margarethen,53.89,9.25
Sankt Marien-Hospital Buer,51.58,7.05
Sankt Martin,49.30,8.11
Sankt Michaelisdonn,53.98,9.12
Sankt Märgen,48.01,8.09
Sankt Oswald-Riedlhütte,48.90,13.42
Sankt Ottilien,48.10,11.05
Sankt Peter,48.01,8.03
Sankt Peter-Ording,54.30,8.64
Sankt Sebastian,50.41,7.56
Sankt Thomas,50.07,6.60
Sankt Wendel,49.47,7.17
Sankt Wolfgang,48.22,12.13
Sanne,52.66,11.94
Sanne-Kerkuhn,52.83,11.44
Sans Soucis,48.78,8.18
Sanzkow,53.89,13.12
Sargenroth,49.93,7.52
Sargstedt,51.94,10.99
Sarkwitz,54.00,10.71
Sarlhusen,54.02,9.79
Sarmersbach,50.23,6.88
Sarnow,53.75,13.63
Sarow,53.79,13.10
Sarstedt,52.23,9.85
Sarzbüttel,54.12,9.18
Sasbach,48.64,8.09
Sasbach am Kaiserstuhl,48.13,7.62
Sasbachwalden,48.62,8.13
Sassen,50.27,6.97
Sassen,54.02,13.19
Sassenberg,51.99,8.04
Sassenburg,52.52,10.63
Sassnitz,54.51,13.62
Saterland,53.10,7.68
Satow,53.41,12.38
Satow,53.99,11.89
Satrup,54.69,9.61
Satteldorf,49.17,10.08
Satzkorn,52.47,12.99
Saubach,51.21,11.52
Sauensiek,53.38,9.60
Sauerlach,47.96,11.57
Sauerthal,50.09,7.82
Sauldorf,47.94,9.11
Saulgrub,47.67,11.02
Saulheim,49.88,8.14
Saustrup,54.67,9.77
Sauzin,54.04,13.79
Saxler,50.13,6.90
Sayda,50.71,13.42
Saßleben,51.76,13.99
Schaafhausen,53.07,11.07
Schaafheim,49.92,9.01
Schaalby,54.55,9.63
Schacht-Audorf,54.31,9.72
Schachtebich,51.40,10.05
Schackendorf,53.94,10.31
Schackensleben,52.20,11.42
Schackenthal,51.74,11.59
Schacksdorf,51.62,13.76
Schackstedt,51.72,11.62
Schadeleben,51.84,11.36
Schadewitz,51.56,13.48
Schafflund,54.76,9.18
Schafstedt,54.08,9.30
Schafstädt,51.38,11.77
Schalkau,50.40,11.01
Schalkenbach,50.49,7.15
Schalkenmehren,50.17,6.86
Schalkham,48.48,12.42
Schalkholz,54.25,9.26
Schalksmühle,51.24,7.53
Schallbach,47.65,7.63
Schallodenbach,49.55,7.72
Schallstadt,47.96,7.76
Schankweiler,49.90,6.38
Schapen,52.40,7.57
Schaprode,54.51,13.17
Scharbeutz,54.03,10.73
Scharbeutz,54.03,10.75
Scharfbillig,49.93,6.56
Scharfenstein,50.70,13.06
Scharnebeck,53.29,10.50
Scharnhorst,52.72,10.28
Schartau,52.29,11.79
Schashagen,54.13,10.88
Schauen,51.95,10.72
Schauenburg,51.29,9.27
Schauenstein,50.28,11.74
Schauerberg,49.32,7.58
Schaufling,48.85,13.07
Schauren,49.81,7.24
Schauren,50.02,7.27
Schechen,47.93,12.12
Schechingen,48.87,9.92
Scheden,51.45,9.73
Scheer,48.07,9.29
Scheeßel,53.17,9.48
Schefflenz,49.40,9.27
Scheggerott,54.67,9.82
Scheibe-Alsbach,50.49,11.06
Scheibenberg,50.54,12.91
Scheibenhardt,48.98,8.14
Scheid,50.36,6.42
Scheidegg,47.58,9.85
Scheiditz,50.91,11.75
Scheidt,50.34,7.91
Scheinfeld,49.67,10.47
Scheitenkorb,50.02,6.20
Schelkau,51.10,12.00
Schelklingen,48.38,9.73
Schellbach,50.98,12.12
Schelldorf,52.47,11.98
Schellerten,52.19,10.10
Schellhorn,54.23,10.29
Schellweiler,49.51,7.39
Schemmerhofen,48.17,9.79
Schenefeld,53.60,9.85
Schenefeld,54.05,9.48
Schenkelberg,50.58,7.78
Schenkenberg,52.39,12.71
Schenkenberg,53.37,13.95
Schenkendorf,52.28,13.59
Schenkenhorst,52.60,11.40
Schenkenzell,48.31,8.37
Schenklengsfeld,50.82,9.85
Schermbeck,51.68,6.87
Schermcke,52.06,11.29
Schermen,52.23,11.81
Schernberg,51.33,10.77
Schernebeck,52.46,11.73
Schernfeld,48.90,11.10
Schernikau,52.63,11.77
Scherstetten,48.18,10.64
Scheuder,51.77,12.08
Scheuerfeld,50.79,7.84
Scheuern,50.02,6.30
Scheuring,48.17,10.90
Scheyern,48.50,11.47
Scheßlitz,49.98,11.03
Schieder-Schwalenberg,51.88,9.20
Schielo,51.62,11.22
Schierau,51.75,12.28
Schieren,53.94,10.39
Schierensee,54.25,9.98
Schierke,51.76,10.66
Schierling,48.83,12.14
Schiersfeld,49.70,7.77
Schiesheim,50.28,8.05
Schiffdorf,53.53,8.65
Schifferstadt,49.38,8.38
Schiffmühle,52.81,14.04
Schiffweiler,49.37,7.13
Schilda,51.60,13.38
Schildau,51.46,12.93
Schildow,52.64,13.38
Schillingen,49.63,6.78
Schillingsfürst,49.29,10.26
Schillingstedt,51.23,11.20
Schillsdorf,54.12,10.13
Schiltach,48.29,8.34
Schiltberg,48.46,11.25
Schimberg,51.27,10.15
Schimm,53.82,11.57
Schindhard,49.14,7.82
"Schindler, Staatliche Lotterie-Einnahme",49.40,8.68
Schinkel,54.37,9.95
Schinne,52.66,11.73
Schiphorst,53.71,10.46
Schipkau,51.55,13.91
Schipkau Annahütte,51.56,13.88
"Schipkau Annahütte, Annahütte",51.56,13.90
"Schipkau Annahütte, Annahütte-Siedlung",51.56,13.87
"Schipkau Annahütte, Herrnnmühle",51.56,13.89
"Schipkau Annahütte, Karl-Marx-Siedlung",51.56,13.87
Schipkau Drochow,51.57,13.92
Schipkau Hörlitz,51.53,13.95
Schipkau Klettwitz,51.54,13.90
Schipkau Meuro,51.55,13.92
Schipkau Schipkau,51.51,13.90
Schirgiswalde,51.08,14.43
Schirmitz,49.65,12.17
Schirnding,50.08,12.23
Schkeuditz,51.40,12.22
Schkopau,51.40,12.05
Schkopau Burgliebenau,51.40,12.03
Schkopau Döllnitz,51.40,12.03
Schkopau Ermlitz,51.38,12.17
Schkopau Hohenweiden,51.42,11.93
Schkopau Korbetha,51.40,11.97
Schkopau Lochau,51.40,12.07
Schkopau Raßnitz,51.40,12.10
Schkopau Röglitz,51.40,12.13
Schkopau Schkopau,51.40,11.98
Schkortleben,51.24,12.02
Schkölen,51.04,11.82
Schköna,51.68,12.54
Schlabendorf,51.81,13.82
Schladen,52.02,10.54
Schladt,50.03,6.83
Schlagenthin,52.46,12.28
Schlagsdorf,53.73,10.83
Schlaitdorf,48.60,9.22
Schlaitz,51.66,12.43
Schlammersdorf,49.80,11.73
Schlangen,51.81,8.85
Schlangenbad,50.09,8.10
Schlanstedt,52.01,11.03
Schlat,48.65,9.71
Schlaubetal,52.13,14.51
Schlaubetal Bremsdorf,52.15,14.50
Schlaubetal Fünfeichen,52.15,14.53
Schlaubetal Kieselwitz,52.12,14.50
Schleberoda,51.24,11.80
Schleching,47.72,12.39
Schlechtsart,50.33,10.62
Schleesen,51.78,12.49
Schlegel,50.40,11.62
Schlegel,50.98,14.88
Schlehdorf,47.66,11.31
Schleich,49.82,6.83
Schleid,50.07,6.48
Schleid,50.70,9.97
Schleiden,50.53,6.48
Schleife,51.53,14.53
Schleifreisen,50.88,11.82
Schleiz,50.58,11.81
Schlema,50.60,12.66
Schlemmin,54.22,12.68
Schlepzig,52.03,13.90
Schlesen,54.32,10.33
Schleswig,54.52,9.56
Schlettau,50.56,12.95
Schleusegrund,50.52,10.87
Schleusingen,50.51,10.76
Schlichting,54.31,9.09
Schlieben,51.72,13.38
Schliengen,47.76,7.58
Schlier,47.77,9.67
Schlierbach,48.67,9.52
Schlierschied,49.87,7.43
Schliersee,47.74,11.86
Schlitz,50.67,9.56
Schloen,53.54,12.79
Schlotfeld,53.96,9.58
Schlotheim,51.25,10.66
Schloß Holte-Stukenbrock,51.90,8.62
Schloßböckelheim,49.80,7.75
Schloßvippach,51.10,11.15
Schluchsee,47.82,8.18
Schlöben,50.89,11.69
Schlüchtern,50.37,9.58
Schlüsselfeld,49.76,10.62
Schmachtenhagen,52.77,13.33
Schmadebeck,54.04,11.82
Schmalenberg,49.33,7.73
Schmalensee,54.08,10.27
Schmalfeld,53.88,9.97
Schmalkalden,50.72,10.44
Schmallenberg,51.15,8.29
Schmalstede,54.20,10.03
Schmalzerode,51.49,11.49
Schmargendorf,52.98,13.96
Schmarsow,53.88,13.21
Schmatzfeld,51.89,10.76
Schmatzin,53.92,13.55
Schmedeswurth,53.92,9.05
Schmeheim,50.57,10.58
Schmelz,49.43,6.85
Schmergow,52.45,12.81
Schmidgaden,49.42,12.09
Schmidmühlen,49.27,11.92
Schmidthachenbach,49.73,7.47
Schmiechen,48.22,10.97
Schmiedeberg,50.84,13.68
Schmiedeberg,53.14,13.95
Schmiedefeld,50.53,11.22
Schmiedefeld am Rennsteig,50.61,10.81
Schmiedehausen,51.07,11.67
Schmieritz,50.72,11.80
Schmilau,53.66,10.76
Schmilkendorf,51.93,12.63
Schmitshausen,49.30,7.52
Schmitt,50.17,7.02
Schmitten,50.27,8.45
Schmittweiler,49.68,7.70
Schmißberg,49.67,7.20
Schmogrow-Fehrow,51.85,14.23
Schmon,51.34,11.54
Schmorda,50.64,11.59
Schmölln,50.90,12.35
Schmölln-Putzkau,51.12,14.23
Schnabelwaid,49.81,11.58
Schnackenburg,53.04,11.56
Schnaitsee,48.07,12.37
Schnaittach,49.56,11.34
Schnaittenbach,49.55,12.00
Schnakenbek,53.38,10.50
Schnarup-Thumby,54.65,9.65
Schneckenhausen,49.54,7.75
Schneckenlohe,50.21,11.19
Schneeberg,49.64,9.25
Schneeberg,50.59,12.64
Schneefernerhaus,47.42,10.98
Schnega,52.89,10.89
Schnega Bahnhof Varbitz,52.87,10.80
Schnega Billerbeck,52.87,10.87
Schnega Gielau,52.86,10.85
Schnega Gielauer Mühle,52.86,10.86
Schnega Gledeberg,52.88,10.86
Schnega Grotenhof,52.90,10.89
Schnega Göhr,52.90,10.88
Schnega Harpe,52.85,10.88
Schnega Harper Mühle,52.86,10.89
Schnega Kreyenhagen,52.92,10.88
Schnega Külitz,52.87,10.86
Schnega Leisten,52.88,10.90
Schnega Loitze,52.90,10.83
Schnega Lütenthien,52.90,10.86
Schnega Molden,52.89,10.84
Schnega Oldendorf,52.89,10.91
Schnega Oldendorfer Mühle,52.90,10.91
Schnega Proitze,52.89,10.84
Schnega Proitzer Mühle,52.89,10.85
Schnega Schnega,52.89,10.89
Schnega Schnega/Bahnhof,52.87,10.89
Schnega Schäpingen,52.87,10.84
Schnega Solkau,52.91,10.84
Schnega Starrel,52.92,10.91
Schnega Thune,52.86,10.91
Schnega Warpke,52.86,10.87
Schnega Winterweyhe,52.92,10.90
Schneidlingen,51.89,11.44
Schneizlreuth,47.68,12.80
Schnelldorf,49.17,10.23
Schnellin,51.76,12.71
Schneppenbach,49.85,7.42
Schneverdingen,53.12,9.80
Schnorbach,49.98,7.62
Schnürpflingen,48.27,9.99
Schobüll,54.51,9.01
Schochwitz,51.53,11.75
Schoden,49.63,6.58
Scholen,52.73,8.77
Schollbrunn,49.84,9.46
Schollene,52.68,12.22
Schonach im Schwarzwald,48.14,8.20
Schondorf am Ammersee,48.05,11.09
Schondra,50.27,9.86
Schongau,47.81,10.90
Schonstett,47.98,12.25
Schonungen,50.05,10.31
Schopfheim,47.65,7.82
Schopfloch,48.45,8.55
Schopfloch,49.12,10.31
Schopp,49.35,7.68
Schopsdorf,52.24,12.22
Schorndorf,48.81,9.53
Schorndorf,49.16,12.59
Schornsheim,49.83,8.13
Schorstedt,52.71,11.66
Schortens,53.53,7.95
Schortens Accum,53.54,8.01
Schortens Addernhausen,53.55,7.91
Schortens Grafschaft,53.55,7.98
Schortens Heidmühle,53.54,7.93
Schortens Middelsfähr,53.52,8.04
Schortens Oestringfelde,53.54,7.92
Schortens Ostiem,53.53,7.97
Schortens Roffhausen,53.53,8.04
Schortens Schoost,53.52,7.92
Schortens Schortens,53.53,7.95
Schortens Sillenstede,53.57,7.99
Schortens Upjever,53.54,7.88
Schortewitz,51.65,12.02
Schossin,53.54,11.22
Schotten,50.50,9.13
Schraden,51.43,13.69
Schramberg,48.22,8.39
Schrampe,52.89,11.44
Schraplau,51.44,11.67
Schrecksbach,50.83,9.28
Schrenz,51.59,12.07
Schrepkow,52.98,12.11
Schretstaken,53.58,10.55
Schriesheim,49.47,8.66
Schrobenhausen,48.56,11.26
Schrozberg,49.35,9.98
Schrum,54.18,9.25
Schuby,54.52,9.48
Schuhlen-Wiese,52.06,14.11
Schuld,50.45,6.89
Schulenberg,54.13,12.59
Schulenberg im Oberharz,51.83,10.43
Schulendorf,53.47,10.56
Schulpsychologische Beratungsstelle des Oberschulamtes Karlsruhe,49.00,8.40
Schulte-Ufer,51.32,8.00
Schulzendorf,52.36,13.60
Schulzendorf,53.04,13.05
Schuttertal,48.27,7.95
Schutterwald,48.45,7.88
Schutz,50.13,6.75
Schutzbach,50.75,7.90
Schwaan,53.94,12.11
Schwaara,50.90,12.14
Schwabach,49.33,11.02
Schwabbruck,47.83,10.84
Schwabenheim an der Selz,49.93,8.09
Schwabhausen,48.30,11.36
Schwabhausen,50.89,10.73
Schwabmünchen,48.18,10.76
Schwabsoien,47.83,10.83
Schwabstedt,54.40,9.19
Schwaförden,52.74,8.83
Schwaig,49.47,11.20
Schwaigen,47.62,11.15
Schwaigern,49.14,9.06
Schwaikheim,48.88,9.35
Schwalbach,49.30,6.82
Schwalbach am Taunus,50.15,8.53
Schwall,50.15,7.55
Schwallungen,50.69,10.36
Schwalm-Eder-Kreis,51.03,9.41
Schwalmstadt,50.93,9.22
Schwalmtal,50.68,9.30
Schwalmtal,51.22,6.27
Schwanau,48.37,7.76
Schwanbeck,53.73,13.44
Schwandorf,49.32,12.10
Schwanebeck,51.97,11.12
Schwanebeck,52.18,12.63
Schwanebeck,52.63,13.54
Schwanefeld,52.27,11.09
Schwanewede,53.23,8.54
Schwanfeld,49.92,10.14
Schwangau,47.56,10.77
Schwanheide,53.43,10.68
Schwanheim,49.17,7.88
Schwanstetten,49.32,11.12
Schwarme,52.90,9.02
Schwarmstedt,52.68,9.62
Schwartbuck,54.36,10.48
Schwarz,53.22,12.78
Schwarza,50.62,10.53
Schwarzach,48.92,12.81
Schwarzach,49.37,8.98
Schwarzach am Main,49.80,10.23
Schwarzach bei Nabburg,49.41,12.23
Schwarzbach,50.80,11.87
Schwarzbach,51.45,13.93
Schwarzburg,50.64,11.19
Schwarzen,49.97,7.33
Schwarzenbach,49.72,12.00
Schwarzenbach am Wald,50.28,11.62
Schwarzenbach an der Saale,50.22,11.94
Schwarzenbek,53.50,10.48
Schwarzenberg/Erzgebirge,50.54,12.78
Schwarzenborn,50.03,6.72
Schwarzenborn,50.91,9.45
Schwarzenbruck,49.36,11.24
Schwarzenfeld,49.39,12.13
Schwarzerden,49.85,7.52
Schwarzheide,51.48,13.86
Schwarzhofen,49.38,12.34
Schwarzholz,52.75,11.97
Schwebheim,49.99,10.25
Schwedelbach,49.50,7.59
Schwedeneck,54.47,10.08
Schwedt/Oder,53.07,14.27
Schwegenheim,49.27,8.33
Schweich,49.82,6.75
Schweickershausen,50.24,10.63
Schweigen-Rechtenbach,49.05,7.96
Schweighausen,50.28,7.75
Schweighofen,49.04,7.99
Schweina,50.83,10.34
Schweindorf,53.60,7.47
Schweinfurt,50.05,10.23
Schweinfurt,50.05,10.24
Schweinitz,52.11,12.20
Schweinschied,49.70,7.57
Schweisweiler,49.58,7.82
Schweitenkirchen,48.50,11.60
Schweix,49.13,7.52
Schwelm,51.29,7.29
Schwemsal,51.63,12.56
Schwenda,51.56,11.02
Schwendi,48.17,9.98
Schwenningen,48.10,9.00
Schwenningen,48.65,10.65
Schwenninger BKK,48.07,8.54
Schwenninger BKK,49.30,10.58
Schwenninger BKK,50.55,9.67
Schwenninger BKK Geschäftsstelle Münster,51.97,7.63
Schwentinental,54.29,10.22
Schwepnitz,51.33,13.96
Schweppenhausen,49.93,7.80
Schwerbach,49.90,7.35
Schwerin,52.15,13.63
Schwerin,53.63,11.41
Schweringen,52.75,9.18
Schwerinsburg,53.74,13.68
Schwerinsdorf,53.31,7.66
Schwerstedt,51.07,11.28
Schwerstedt,51.16,10.92
Schwerte,51.44,7.57
Schwerz,51.57,12.13
Schwesing,54.49,9.13
Schwetzingen,49.38,8.58
Schwickershausen,50.46,10.37
Schwieberdingen,48.88,9.07
Schwielowsee,52.34,12.97
Schwienau,53.01,10.45
Schwiesau,52.60,11.26
Schwifting,48.05,10.93
Schwindegg,48.27,12.26
Schwinkendorf,53.64,12.68
Schwirzheim,50.23,6.53
Schwissel,53.90,10.30
Schwobfeld,51.28,10.10
Schwollen,49.71,7.17
Schwäbisch Gmünd,48.80,9.80
Schwäbisch Hall,49.11,9.74
Schwörstadt,47.59,7.88
Schwülper,52.35,10.45
Schäftlarn,47.99,11.46
Schäplitz,52.63,11.62
Schöffengrund,50.49,8.47
Schöfweg,48.84,13.23
Schöllkrippen,50.09,9.25
Schöllnach,48.75,13.18
Schömberg,48.21,8.76
Schömberg,48.79,8.64
Schömberg,50.76,12.02
Schömerich,49.63,6.70
Schöna-Kolpien,51.83,13.45
Schönaich,48.66,9.06
Schönau,48.48,12.85
Schönau,49.06,7.75
Schönau,49.44,8.81
Schönau am Königssee,47.60,12.99
Schönau an der Brend,50.38,10.10
Schönau im Schwarzwald,47.79,7.89
Schönau-Berzdorf auf dem Eigen,51.07,14.90
Schönbach,50.22,6.95
Schönbach,51.07,14.57
Schönbeck,53.58,13.57
Schönbek,54.17,9.97
Schönberg,48.33,12.43
Schönberg,48.84,13.34
Schönberg,49.77,6.92
Schönberg,50.87,12.49
Schönberg,52.88,11.83
Schönberg,53.68,10.43
Schönberg,53.84,10.93
Schönberg (Holstein),54.39,10.38
Schönborn,49.63,7.77
Schönborn,49.95,7.47
Schönborn,50.30,7.99
Schönborn,51.60,13.49
Schönbrunn,49.41,8.93
Schönbrunn,49.86,10.69
Schönburg,51.17,11.87
Schöndorf,49.68,6.74
Schöndorf,50.62,11.69
Schönebeck,53.06,12.23
Schönebeck (Elbe),52.02,11.72
Schöneberg,49.92,7.75
Schöneberg,50.67,7.60
Schöneberg,53.01,14.14
Schöneck,50.21,8.83
Schöneck/Vogtland,50.38,12.32
Schönecken,50.16,6.47
Schönefeld,52.39,13.50
Schöneiche,52.22,13.51
Schöneiche bei Berlin,52.46,13.71
Schönenberg,47.79,7.88
Schönenberg-Kübelberg,49.41,7.37
Schönerlinde,52.65,13.45
Schönermark,53.01,13.12
Schönewalde,51.68,13.60
Schönewerda,51.32,11.37
Schönewörde,52.63,10.63
Schönfeld,51.30,13.70
Schönfeld,52.73,12.06
Schönfeld,52.83,13.57
Schönfeld,53.27,14.29
Schönfeld,53.41,13.99
Schönfeld,53.85,12.96
Schönfließ,52.66,13.34
Schöngeising,48.14,11.20
Schöngleina,50.91,11.72
Schönhagen,51.34,10.02
Schönhagen,52.21,13.15
Schönhagen,52.96,12.18
Schönhausen,53.55,13.70
Schönhausen (Elbe),52.58,12.03
Schönheide,50.50,12.52
Schönhorst,54.23,10.11
Schöningen,52.14,10.97
Schönkirchen,54.33,10.23
Schönow,52.68,13.54
Schönow,53.18,14.15
Schönsee,49.51,12.55
Schönstedt,51.12,10.58
Schöntal,49.35,9.51
Schönteichen,51.30,14.05
Schönthal,49.35,12.60
Schönwald,50.20,12.09
Schönwald,51.99,13.72
Schönwald im Schwarzwald,48.11,8.20
Schönwalde,52.62,13.13
Schönwalde,52.68,13.44
Schönwalde,53.54,13.90
Schönwalde (Altmark),52.47,11.80
Schönwalde am Bungsberg,54.18,10.75
Schönwölkau,51.52,12.48
Schöppenstedt,52.14,10.77
Schöppingen,52.10,7.23
Schöps,50.83,11.60
Schöpstal,51.18,14.89
Schülerhilfe,51.57,7.08
Schülldorf,54.30,9.73
Schüller,50.33,6.58
Schülp,54.24,8.93
Schülp bei Nortorf,54.17,9.88
Schülp bei Rendsburg,54.27,9.63
Schürdt,50.67,7.55
Schürensöhlen,53.77,10.48
Schüttorf,52.32,7.22
Schützberg,51.79,12.82
Sebnitz,50.98,14.28
Seck,50.58,8.05
Seckach,49.44,9.33
Seddiner See,52.27,13.02
Seebach,48.58,8.17
Seebach,50.92,10.42
Seebeck-Strubensee,52.94,13.02
Seebenau,52.89,11.03
Seebergen,50.92,10.80
Seeblick,52.67,12.38
Seeburg,51.49,11.70
Seeburg,51.57,10.15
Seeburg,52.51,13.12
Seedorf,53.35,9.23
Seedorf,53.62,10.87
Seedorf,54.05,10.42
Seefeld,48.04,11.21
Seefeld,52.62,13.68
Seefeld,54.10,9.49
Seeg,47.65,10.60
Seega,51.33,11.03
Seehausen,52.10,11.29
Seehausen,52.89,11.75
Seehausen am Staffelsee,47.69,11.19
Seeheilbad Graal-Müritz,54.25,12.25
Seeheim-Jugenheim,49.77,8.65
Seehof,53.69,11.43
Seekirch,48.10,9.65
Seelbach,48.31,7.94
Seelbach,50.32,7.87
Seelbach,50.64,7.57
Seelbach,50.75,7.69
Seelen,49.60,7.72
Seelingstädt,50.77,12.24
Seelitz,51.03,12.82
Seelow,52.53,14.38
Seelze,52.40,9.60
Seeon-Seebruck,47.97,12.47
Seesbach,49.85,7.55
Seesen,51.89,10.18
Seeshaupt,47.82,11.30
Seester,53.72,9.60
Seestermühe,53.70,9.57
Seeth,54.37,9.17
Seeth-Ekholt,53.74,9.73
Seethen,52.59,11.56
Seevetal,53.42,10.02
Seewald,48.59,8.42
Seffern,50.07,6.50
Sefferweich,50.07,6.52
Seggebruch,52.30,9.09
Seggebruch Schierneichen-Deinsen,52.31,9.09
Seggebruch Seggebruch,52.30,9.10
Seggebruch Tallensen-Echtorf,52.29,9.09
Seggerde,52.35,11.08
Segnitz,49.67,10.14
Sehestedt,54.37,9.82
Sehlde,52.04,10.27
Sehlem,49.90,6.83
Sehlem,52.01,9.98
Sehlen,54.44,13.45
Sehmatal,50.52,12.98
Sehnde,52.31,9.97
Seibersbach,49.97,7.72
Seifartsdorf,50.94,11.95
Seifen,50.63,7.57
Seiffen/Erzgebirge,50.65,13.45
Seifhennersdorf,50.93,14.60
Seinsfeld,50.05,6.65
Seinsheim,49.64,10.22
Seisla,50.65,11.53
Seitenroda,50.80,11.62
Seitingen-Oberflacht,48.02,8.72
Seiwerath,50.15,6.50
Selb,50.17,12.13
Selbach,50.75,7.77
Selbelang,52.63,12.71
Selbitz,50.32,11.75
Selbitz,51.81,12.53
Selchenbach,49.50,7.30
Selchow,52.36,13.47
Selent,54.29,10.43
Selfkant,51.02,5.93
Seligenstadt,50.04,8.97
Selk,54.47,9.57
Sellerhausen-Stünz,51.35,12.43
Sellerich,50.23,6.37
Sellin,54.38,13.67
Selm,51.70,7.47
Selmsdorf,53.84,10.89
Selpin,53.99,12.50
Selsingen,53.37,9.21
Selters,50.53,7.76
Selters (Taunus),50.35,8.27
Selzen,49.86,8.26
Sembach,49.51,7.87
Semlow,54.18,12.66
Semmenstedt,52.09,10.70
Senden,48.32,10.04
Senden,51.86,7.48
Sendenhorst,51.86,7.79
Senftenberg,51.53,14.00
Sengenthal,49.23,11.47
Sengerich,50.12,6.22
Senheim-Senhals,50.08,7.21
Seniorenzentrum Haus Unter den Linden,52.11,8.67
Seniorenzentrum St. Markus Hoheluft,53.58,9.97
Sennewitz,51.54,11.95
Sennfeld,50.04,10.26
Senscheid,50.33,6.83
Senst,51.97,12.57
Sensweiler,49.78,7.20
Senzig,52.29,13.70
Serba,50.95,11.82
Sergen,51.70,14.50
Serno,52.00,12.42
Serrig,49.58,6.57
Sersheim,48.97,9.02
Sessenbach,50.48,7.64
Sessenhausen,50.53,7.71
Seth,53.85,10.17
Setzin,53.41,11.08
Setzingen,48.54,10.13
Seubersdorf in der Oberpfalz,49.16,11.63
Seukendorf,49.49,10.88
Seulingen,51.54,10.16
Sevenig,50.02,6.19
Sevenig (Our),50.12,6.17
Severin,53.50,11.77
Sexau,48.10,7.91
Sexy,48.87,8.22
Seybothenreuth,49.89,11.71
Seßlach,50.19,10.84
Sibbesse,52.05,9.90
Sichau,52.51,11.23
Sickerode,51.25,10.12
Sickte,52.22,10.64
Siebeldingen,49.21,8.05
Siebenbach,50.38,7.03
Siebenbäumen,53.75,10.53
Siebeneichen,53.51,10.62
Siebenlehn,51.03,13.31
Siebigerode,51.56,11.43
Siedenbollentin,53.73,13.38
Siedenbrünzow,53.90,13.15
Siedenburg,52.69,8.94
Siedenlangenbeck,52.75,11.09
Siefersheim,49.80,7.95
Siegbach,50.74,8.42
Siegburg,50.80,7.21
Siegelsbach,49.27,9.09
Siegen,50.83,8.02
Siegen,50.87,8.01
Siegenburg,48.75,11.85
Siegmundsburg,50.47,11.05
Siegritz,50.47,10.66
Siegsdorf,47.82,12.64
Sieh an!,49.44,11.85
Siehdichum,52.19,14.53
Siehdichum Pohlitz,52.18,14.58
Siehdichum Rießen,52.20,14.53
Siehdichum Schernsdorf,52.20,14.48
Siek,53.63,10.30
Sielenbach,48.40,11.17
Siemens,49.02,8.35
Sien,49.69,7.50
Sienhachenbach,49.70,7.48
Sierksdorf,54.07,10.77
Sierksrade,53.73,10.60
Sierscheid,50.46,6.92
Siershahn,50.49,7.78
Siersleben,51.60,11.54
Siesbach,49.73,7.23
Siestedt,52.32,11.09
Sietow,53.45,12.56
Sietzing,52.66,14.29
Sietzsch,51.49,12.18
Sieversdorf-Hohenofen,52.83,12.41
Sievershütten,53.84,10.11
Sieverstedt,54.64,9.47
Siezbüttel,54.05,9.45
Siggelkow,53.39,11.94
Sigloch Distribution,49.30,9.96
Sigma,48.03,11.58
Sigmaringen,48.09,9.23
Sigmaringendorf,48.07,9.26
Sigmarszell,47.58,9.77
Silberfeld,50.68,11.96
Silberhausen,51.31,10.34
Silberstedt,54.52,9.38
Silbitz,50.95,12.00
Silkerode,51.57,10.40
Silvana B.V.,48.58,8.00
Silz,49.15,7.95
Silz,53.52,12.44
Silzen,54.03,9.62
Simbach,48.57,12.74
Simbach am Inn,48.27,13.02
Simmelsdorf,49.60,11.34
Simmerath,50.60,6.30
Simmern,49.98,7.52
Simmern,50.39,7.67
Simmersfeld,48.62,8.52
Simmershofen,49.53,10.13
Simmertal,49.81,7.52
Simmozheim,48.75,8.81
Simonsberg,54.43,8.98
Simonswald,48.10,8.05
Sindelfingen,48.71,9.00
Sindelfinger/Böblinger Zeitung,48.70,9.01
Sindelsdorf,47.72,11.33
Singen,47.76,8.84
Singhofen,50.34,7.85
Sinn,50.65,8.33
Sinntal,50.31,9.62
Sinsheim,49.25,8.88
Sinspelt,49.97,6.32
Sinzheim,48.77,8.17
Sinzig,50.54,7.25
Sinzing,49.00,12.03
Sippersfeld,49.55,7.93
Sipplingen,47.80,9.10
Siptenfelde,51.64,11.05
Sirksfelde,53.67,10.50
Sittensen,53.28,9.50
Sitters,49.72,7.78
Sitzendorf,50.63,11.17
Sky Shop by Lufthansa,51.88,8.44
Soderstorf,53.14,10.15
Soennecken eG,50.97,7.33
Soest,51.58,8.11
Sohland am Rotstein,51.12,14.78
Sohland an der Spree,51.05,14.43
Sohren,49.93,7.32
Sohrschied,49.90,7.35
Solingen,51.16,7.00
Solingen,51.17,7.09
Solkwitz,50.70,11.67
Sollerup,54.58,9.32
Sollwitt,54.60,9.22
Solms,50.54,8.41
Solnhofen,48.90,11.00
Solpke,52.51,11.29
Soltau,52.99,9.84
Soltendieck,52.87,10.76
Sommerach,49.83,10.21
Sommerau,49.72,6.73
Sommerhausen,49.70,10.03
Sommerkahl,50.07,9.26
Sommerland,53.80,9.54
Sommerloch,49.88,7.76
Sommersdorf,52.17,11.08
Sommersdorf,53.79,12.89
Sonderhofen,49.59,10.00
Sondershausen,51.37,10.87
Sondheim vor der Rhön,50.47,10.16
Sonneberg,50.36,11.17
Sonneborn,50.99,10.59
Sonnefeld,50.22,11.13
Sonnen,48.68,13.72
Sonnenberg,53.02,13.09
Sonnenberg-Winnenberg,49.67,7.28
Sonnenbühl,48.38,9.18
Sonnewalde,51.69,13.65
Sonnschied,49.82,7.38
Sonsbeck,51.61,6.38
Sontheim,48.01,10.35
Sontheim an der Brenz,48.55,10.29
Sonthofen,47.52,10.28
Sontra,51.07,9.94
Sophienhamm,54.28,9.47
Sorge,51.69,10.70
Sornzig-Ablaß,51.22,13.02
Sosa,50.50,12.65
Sosberg,50.08,7.33
Sotterhausen,51.45,11.40
Sottrum,53.12,9.23
Soyen,48.11,12.21
Sozialgericht,51.51,7.09
Sozialgericht,51.51,7.47
Sozialgericht Koblenz Neues Justizzentrum,50.36,7.60
Sozialgericht Mannheim,49.49,8.47
Sozialgericht Nürnberg,49.45,11.07
Spabrücken,49.90,7.72
Spahnharrenstätte,52.87,7.60
Spaichingen,48.07,8.74
Spall,49.88,7.68
Spalt,49.18,10.92
Spangdahlem,49.98,6.68
Spangenberg,51.12,9.66
Spantekow,53.78,13.52
Spardorf,49.61,11.06
Sparneck,50.16,11.84
Spatzenhausen,47.72,11.20
Spay,50.26,7.65
Spechbach,49.35,8.88
Speicher,49.93,6.63
Speichersdorf,49.87,11.78
Speichrow,52.04,14.22
Speinshart,49.79,11.82
Spelle,52.37,7.47
Spenge,52.14,8.48
Sperenberg,52.14,13.37
Spergau,51.29,12.02
Spesenroth,50.05,7.45
Spessart,50.44,7.11
Speyer,49.32,8.43
Spickendorf,51.55,12.13
Spiegelau,48.92,13.36
Spiegelberg,49.04,9.44
Spiekeroog,53.77,7.69
Spiesen-Elversberg,49.32,7.13
Spiesheim,49.81,8.13
Spirkelbach,49.20,7.88
Splietsdorf,54.12,12.93
Sponheim,49.84,7.73
Sponholz,53.55,13.37
Spora,51.03,12.26
Spornitz,53.41,11.72
Sportklinik Hellersen,51.21,7.66
Sportredaktion Bild Ruhrgebiet,51.45,7.02
Spraitbach,48.88,9.76
Sprakebüll,54.78,9.08
Sprakensehl,52.77,10.49
Spreenhagen,52.34,13.88
Spreenhagen Braunsdorf,52.37,13.97
Spreenhagen Hartmannsdorf,52.37,13.85
Spreenhagen Markgrafpieske,52.33,13.95
Spreenhagen Spreenhagen,52.32,13.90
Spreetal,51.52,14.37
Spremberg,51.57,14.37
Sprendlingen,49.87,7.98
Springe,52.21,9.55
Springstille,50.69,10.53
Sprockhövel,51.35,7.24
Sprötau,51.12,11.20
Spören,51.60,12.12
St Elisabeth Hospital,51.38,7.69
St. Anna-Hospital,51.54,7.16
St. Bernward Krankenhaus,52.15,9.95
St. Bonifatius Hospital,52.53,7.32
St. Elisabeth Krankenhaus,50.97,6.12
St. Elisabeth-Hospital gGmbH,51.48,7.22
St. Hedwigskrankenhaus,52.53,13.40
St. Johannes-Hospital,51.49,6.76
St. Josef-Krankenhaus Betriebsstelle St. Nikolaus,51.54,6.61
St. Josefs-Hospital,50.08,8.25
St. Katharinen-Krankenhaus,50.14,8.71
St. Marien-Krankenhaus Siegen gGmbH,50.88,8.03
St. Marienhospital,52.73,8.29
St. Vincentius-Kliniken gAG,49.00,8.39
St. Vincentius-Krankenhaus,49.32,8.42
St. Vinzenz Krankenhaus,50.14,8.91
St.-Agnes-Hospital,51.85,6.63
St.-Johannes-Hospital,51.51,7.46
St.-Josefs-Hospital,52.85,8.04
St.-Marien-Hospital,51.62,7.52
StA,48.57,13.47
Staatliche Lotterie-Einnahme Glöckle,48.80,9.22
Staatliche Lotterie-Einnahme Harry Neugebauer,50.98,11.33
Staats,52.54,11.64
Staatsanwaltschaft,48.96,10.13
Staatsanwaltschaft,49.30,10.57
Staatsanwaltschaft,49.41,8.69
Staatsanwaltschaft,49.44,7.77
Staatsanwaltschaft,49.48,8.47
Staatsanwaltschaft,50.74,7.12
Staatsanwaltschaft,51.39,8.06
Staatsanwaltschaft,51.96,7.62
Staatsanwaltschaft,52.26,9.05
Staatsanwaltschaft Augsburg,48.35,10.88
Staatsanwaltschaft Berlin,52.53,13.35
Staatsanwaltschaft Bielefeld,52.02,8.53
Staatsanwaltschaft Bochum,51.48,7.22
Staatsanwaltschaft Darmstadt,49.87,8.65
Staatsanwaltschaft Dortmund-Zweigstelle Hamm,51.68,7.82
Staatsanwaltschaft Essen,51.44,7.00
Staatsanwaltschaft Frankenthal,49.53,8.35
Staatsanwaltschaft Hagen,51.35,7.47
Staatsanwaltschaft Koblenz Neues Justizzentrum,50.36,7.60
Staatsanwaltschaft Krefeld,51.33,6.55
Staatsanwaltschaft Köln,50.92,6.94
Staatsanwaltschaft Lüneburg,53.25,10.41
Staatsanwaltschaft München II,48.14,11.56
Staatsanwaltschaft Nbg-Fürth Zweigstelle Erlangen,49.59,11.01
Staatsanwaltschaft Regensburg,49.01,12.09
Staatsanwaltschaft Verden,52.92,9.23
Staatsanwaltschaft Wuppertal,51.26,7.15
Staatsanwaltschaft b. d. Landgericht München I,48.15,11.55
Staatsanwaltschaft b. d. Landgericht München II,48.14,11.56
Staatsanwaltschaft b. d. Oberlandesgericht,48.15,11.55
Staatsanwaltschaft bei dem Landgericht,50.59,8.68
Staatsanwaltschaft beim Landgericht,50.06,8.25
Staatsbad Bad Oeynhausen Eigenbetrieb der Stadt Bad Oeynhausen,52.20,8.80
Staatsbibliothek zu Berlin Preußischer Kulturbesitz,52.52,13.39
Staatskanzlei des Landes NRW,51.22,6.76
Stackelitz,52.01,12.38
Stade,53.59,9.48
Stadecken-Elsheim,49.91,8.13
Stadelhofen,50.00,11.20
Stadensen,52.88,10.56
Stadland,53.38,8.38
Stadlern,49.51,12.61
Stadt,52.68,7.96
Stadt,52.84,8.04
Stadt,53.23,8.79
Stadt Arnsberg,51.44,7.97
Stadt Aschaffenburg,49.97,9.15
Stadt Augsburg,48.37,10.90
Stadt Bad Pyrmont,51.99,9.26
Stadt Bad Salzuflen,52.08,8.76
Stadt Bayreuth,49.95,11.58
Stadt Bielefeld,52.02,8.53
Stadt Bocholt,51.83,6.62
Stadt Brühl Der Bürgermeister,50.83,6.90
Stadt Burgdorf,52.45,10.00
Stadt Bückeburg,52.26,9.05
Stadt Castrop-Rauxel,51.57,7.31
Stadt Celle,52.62,10.09
Stadt Dormagen,51.09,6.84
Stadt Espelkamp,52.38,8.63
Stadt Filderstadt,48.68,9.22
Stadt Frankfurt (Oder) Der Oberbürgermeister,52.34,14.55
Stadt Frankfurt am Main -Der Magistrat-,50.11,8.68
Stadt Friedberg,48.36,10.98
Stadt Fürth,49.48,10.99
Stadt Geesthacht,53.43,10.38
Stadt Geilenkirchen,50.96,6.12
Stadt Gifhorn,52.49,10.55
Stadt Gronau (Westf),52.21,7.03
Stadt Göttingen,51.53,9.94
Stadt Gütersloh/Rathaus,51.91,8.38
Stadt Halle,51.48,11.97
Stadt Halle (Westf.),52.06,8.36
Stadt Hameln,52.11,9.36
Stadt Hattingen,51.40,7.18
Stadt Heilbronn,49.14,9.22
Stadt Herford,52.12,8.67
Stadt Herne,51.54,7.22
Stadt Herzogenaurach,49.57,10.88
Stadt Ingolstadt,48.76,11.43
Stadt Iserlohn,51.38,7.70
Stadt Karlsruhe,49.01,8.40
Stadt Köln Stadthaus,50.94,6.98
Stadt Lauf a. d. Pegnitz,49.51,11.28
Stadt Leipzig Neues Rathaus,51.34,12.37
Stadt Lübbecke,52.30,8.61
Stadt Lüneburg,53.25,10.41
Stadt Mannheim -Technischer Bereich-,49.48,8.47
Stadt Marktredwitz,50.00,12.09
Stadt Marl,51.66,7.09
Stadt Moers,51.45,6.63
Stadt Mönchengladbach Der Oberbürgermeister,51.19,6.44
Stadt Münster,51.96,7.63
Stadt Neukirchen-Vluyn,51.44,6.57
Stadt Neuss,51.20,6.69
Stadt Nordhorn Der Bürgermeister,52.43,7.07
Stadt Oberhausen,51.47,6.86
Stadt Oldenburg (Oldb),53.15,8.19
Stadt Paderborn,51.72,8.75
Stadt Passau,48.58,13.47
Stadt Regensburg,49.02,12.09
Stadt Reinbek,53.51,10.25
Stadt Rheinberg,51.55,6.60
Stadt Rheine,52.28,7.44
Stadt Rietberg,51.81,8.43
Stadt Sankt Augustin,50.78,7.19
Stadt Schwabach,49.33,11.02
Stadt Soest,51.57,8.11
Stadt Solingen,51.18,7.10
Stadt Unterschleißheim,48.27,11.57
Stadt Versmold,52.04,8.15
Stadt Wehlen,50.96,14.03
Stadt Werl,51.55,7.92
Stadt Westerstede,53.26,7.93
Stadt Wetzlar,50.55,8.50
Stadt Wilhelmshaven - Der Oberstadtdirektor -,53.53,8.11
Stadt Willich,51.25,6.48
Stadt Witten,51.44,7.34
Stadt Wunstorf,52.43,9.43
Stadt Würzburg,49.79,9.93
Stadtallendorf,50.82,9.01
Stadtanzeiger,51.36,7.48
Stadtbergen,48.37,10.85
Stadtbücherei,49.49,8.47
Stadtbücherei Münster,51.96,7.63
Stadtbücherei Solingen,51.17,7.08
Stadthagen,52.32,9.20
Stadthagen Enzen,52.33,9.15
Stadthagen Habichhorst-Blyinghausen,52.32,9.24
"Stadthagen Habichhorst-Blyinghausen, Blyinghausen",52.32,9.25
"Stadthagen Habichhorst-Blyinghausen, Habichhorst",52.32,9.24
Stadthagen Hobbensen,52.32,9.14
Stadthagen Hörkamp-Langenbruch,52.29,9.23
Stadthagen Krebshagen,52.30,9.21
Stadthagen Obernwöhren,52.30,9.24
Stadthagen Probsthagen,52.34,9.23
Stadthagen Reinsen-Remeringhausen,52.32,9.27
Stadthagen Stadthagen,52.32,9.20
Stadthagen Wendthagen-Ehlen,52.29,9.21
Stadtilm,50.78,11.08
Stadtkrankenhaus,49.98,8.42
Stadtkrankenhaus Soest,51.57,8.08
Stadtkyll,50.35,6.53
Stadtlauringen,50.19,10.36
Stadtlengsfeld,50.78,10.13
Stadtlohn,51.99,6.92
Stadtoldendorf,51.88,9.63
Stadtprozelten,49.78,9.41
Stadtreinigung Hamburg,53.54,10.04
Stadtroda,50.86,11.73
Stadtsteinach,50.16,11.50
Stadtwerke Hofheim Magistrat der Stadt,50.07,8.43
Stadtwerke München,48.17,11.53
Stadtwerke Plus Card,51.88,8.44
Stadum,54.73,9.05
Staffhorst,52.72,8.97
Stafstedt,54.17,9.67
Stahlberg,49.67,7.78
Stahlhofen,50.39,7.86
Stahlhofen am Wiesensee,50.58,7.98
Stahnsdorf,52.38,13.22
Staig,48.30,9.99
Staitz,50.72,11.99
Stakendorf,54.39,10.42
Stallwang,49.05,12.65
Stammbach,50.15,11.69
Stammham,48.25,12.88
Stammham,48.86,11.46
Stamsried,49.27,12.53
Standenbühl,49.60,7.98
Stangerode,51.66,11.35
Stangheck,54.72,9.87
Stapelburg,51.90,10.66
Stapelfeld,53.60,10.22
Starkenberg,50.98,12.31
Starkenburg,49.97,7.13
Starnberg,48.00,11.34
Starsiedel,51.22,12.14
Starzach,48.43,8.82
Stauchitz,51.24,13.21
Staudach-Egerndach,47.78,12.48
Staudernheim,49.78,7.69
Staudt,50.47,7.83
Staufen im Breisgau,47.88,7.73
Staufenberg,50.66,8.73
Staufenberg,51.35,9.63
Stauferklinik Schwäbisch Gmünd,48.82,9.79
Staupitz,51.53,13.67
Staven,53.63,13.40
Stavern,52.78,7.42
Staßfurt,51.85,11.59
Stebach,50.52,7.65
Stechau,51.70,13.47
Stechlin,53.11,13.04
Stechow-Ferchesar,52.65,12.45
Stecklenberg,51.73,11.09
Stedesand,54.74,8.93
Stedesdorf,53.63,7.67
Stedten,51.44,11.69
Steenfeld,54.15,9.37
Steesow,53.16,11.54
Steffeln,50.28,6.57
Steffenberg,50.85,8.48
Steffenshagen,53.20,12.12
Steffenshagen,54.10,11.82
Stegaurach,49.87,10.84
Stegelitz,52.19,11.91
Stegen,47.98,7.97
Steigra,51.30,11.67
Steimbke,52.65,9.39
Steimbke Lichtenhorst,52.72,9.40
Steimbke Steimbke,52.66,9.39
Steimbke Wenden,52.63,9.39
Steimbke Wendenborstel,52.65,9.43
Steimel,50.62,7.63
Steimke,52.59,10.97
Stein,54.42,10.27
Stein bei Nürnberg,49.41,11.00
Stein-Bockenheim,49.77,7.97
Stein-Neukirch,50.68,8.05
Stein-Wingert,50.72,7.74
Steina,51.20,14.05
Steinach,48.30,8.05
Steinach,48.95,12.61
Steinach,50.43,11.16
Steinalben,49.32,7.65
Steinau,53.68,8.88
Steinau an der Straße,50.31,9.46
Steinbach,50.03,7.60
Steinbach,50.83,10.36
Steinbach,51.42,10.22
Steinbach (Taunus),50.16,8.57
Steinbach am Donnersberg,49.60,7.95
Steinbach am Glan,49.45,7.38
Steinbach am Wald,50.44,11.37
Steinbach-Hallenberg,50.70,10.57
Steinberg,49.28,12.18
Steinberg,50.54,12.48
Steinberg,54.77,9.78
Steinbergkirche,54.75,9.76
Steinborn,50.07,6.63
Steinburg,51.19,11.52
Steinburg,53.72,10.40
Steindorf,48.22,11.00
Steinebach an der Wied,50.63,7.82
Steinebach/Sieg,50.73,7.82
Steineberg,50.18,6.92
Steinefrenz,50.46,7.93
Steinen,47.65,7.73
Steinen,50.58,7.80
Steinenbronn,48.67,9.12
Steineroth,50.76,7.85
Steinfeld,49.05,8.04
Steinfeld,49.95,9.67
Steinfeld,54.11,12.31
Steinfeld,54.60,9.75
Steinfeld (Altmark),52.62,11.70
Steinfeld (Oldenburg),52.59,8.22
Steinfurt,52.15,7.34
Steinförde,53.19,13.09
Steingaden,47.70,10.87
Steinhagen,52.00,8.40
Steinhagen,53.84,11.92
Steinhagen,54.23,12.99
Steinhausen an der Rottum,48.02,9.97
Steinheid,50.47,11.08
Steinheim,51.87,9.09
Steinheim am Albuch,48.69,10.06
Steinheim an der Murr,48.96,9.28
Steinheuterode,51.38,10.07
Steinhorst,52.68,10.40
Steinhorst,53.72,10.48
Steinhöfel,52.40,14.17
Steinhöfel,53.09,13.88
Steinhöfel Arensdorf,52.43,14.25
Steinhöfel Beerfelde,52.43,14.05
Steinhöfel Buchholz,52.42,14.12
Steinhöfel Demnitz,52.38,14.20
Steinhöfel Gölsdorf,52.45,14.10
Steinhöfel Hasenfelde,52.42,14.22
Steinhöfel Heinersdorf,52.45,14.22
Steinhöfel Jänickendorf,52.43,14.02
Steinhöfel Neuendorf im Sande,52.38,14.10
Steinhöfel Schönfelde,52.47,14.05
Steinhöfel Steinhöfel,52.40,14.17
Steinhöfel Tempelberg,52.45,14.17
Steinhöring,48.09,12.03
Steinigtwolmsdorf,51.06,14.35
Steiningen,50.18,6.92
Steinitz,52.83,11.12
Steinkirchen,48.38,12.08
Steinkirchen,53.57,9.61
Steinmauern,48.90,8.20
Steinmocker,53.86,13.43
Steinpleis,50.71,12.40
Steinreich,51.95,13.49
Steinreich Glienig,51.94,13.44
Steinreich Sellendorf,51.96,13.54
Steinrode,51.50,10.49
Steinsberg,50.33,7.95
Steinsdorf,50.75,12.05
Steinsfeld,49.42,10.22
Steinthaleben,51.40,11.03
Steinweiler,49.12,8.14
Steinwenden,49.46,7.53
Steinwiesen,50.29,11.46
Steißlingen,47.80,8.93
Stelle,53.38,10.11
Stelle-Wittenwurth,54.27,9.05
Stelzenberg,49.38,7.74
Stemmen,53.22,9.55
Stempeda,51.53,10.92
Stemshorn,52.45,8.37
Stemwede,52.42,8.45
Stendal,52.61,11.86
Stendell,53.14,14.17
Stepfershausen,50.60,10.30
Stephanskirchen,47.85,12.19
Stephansposching,48.82,12.80
Stephanuswerk Isny Rehabilitationszentrum,47.69,10.04
Sterley,53.62,10.82
Sternberg,53.71,11.83
Sternenfels,49.05,8.85
Sterup,54.73,9.74
Stetten,47.69,9.30
Stetten,48.02,10.44
Stetten,49.67,8.09
Stetten am kalten Markt,48.12,9.08
Stettfeld,49.97,10.72
Steuden,51.42,11.77
Steuerberater Gerhard Baade,52.43,13.44
Steutz,51.88,12.08
Steyerberg,52.57,9.02
Steyerberg Deblinghausen,52.59,8.98
Steyerberg Düdinghausen,52.58,8.97
Steyerberg Steyerberg,52.57,9.03
Steyerberg Voigtei,52.61,8.92
Steyerberg Wellie,52.58,9.08
Stiefenhofen,47.59,10.00
Stiege,51.67,10.88
Stimpfach,49.06,10.09
Stinstedt,53.66,8.97
Stipsdorf,53.95,10.33
Stipshausen,49.85,7.28
Stockach,47.85,9.01
Stockelsdorf,53.89,10.65
Stockem,49.93,6.38
Stockhausen-Illfurth,50.65,7.99
Stockheim,50.31,11.28
Stockheim,50.46,10.27
Stocksee,54.09,10.34
Stockstadt am Main,49.97,9.07
Stockstadt am Rhein,49.81,8.47
Stockum-Püschen,50.60,7.90
Stoetze,53.07,10.78
Stolberg (Harz),51.57,10.95
Stolberg (Rheinland),50.73,6.21
Stolberg (Rheinland),50.74,6.29
Stolberg (Rheinland),50.78,6.22
Stolk,54.60,9.55
Stollberg/Erzgebirge,50.70,12.76
Stolpe,52.66,13.26
Stolpe,53.36,11.74
Stolpe,53.87,13.57
Stolpe,54.13,10.22
Stolpe auf Usedom,53.87,14.00
Stolpe/Oder,52.98,14.12
Stolpen,51.05,14.08
Stoltebüll,54.70,9.88
Stoltenberg,54.35,10.35
Stoltenhagen,54.16,13.08
Stolzenau,52.52,9.07
Stolzenau Anemolter-Schinna,52.54,9.07
"Stolzenau Anemolter-Schinna, Anemolter",52.55,9.07
"Stolzenau Anemolter-Schinna, Schinna",52.54,9.07
Stolzenau Diethe,52.47,9.01
Stolzenau Frestorf,52.49,9.00
Stolzenau Hibben,52.50,9.03
Stolzenau Holzhausen,52.52,9.06
Stolzenau Müsleringen,52.49,9.03
Stolzenau Nendorf,52.50,8.99
Stolzenau Stolzenau,52.51,9.03
Stolzenhagen,52.78,13.44
Stolzenhain,51.84,13.16
Storbeck-Frankendorf,53.01,12.73
Storkau,51.23,11.92
Storkau (Elbe),52.62,12.00
Storkow,53.05,13.44
Storkow (Mark),52.22,13.90
Storkow (Mark) Alt Stahnsdorf,52.28,13.88
Storkow (Mark) Bugk,52.20,13.92
Storkow (Mark) Groß Eichholz,52.17,13.87
Storkow (Mark) Groß Schauen,52.23,13.92
Storkow (Mark) Görsdorf bei Storkow,52.23,13.83
Storkow (Mark) Kummersdorf,52.27,13.87
Storkow (Mark) Limsdorf,52.17,14.02
Storkow (Mark) Schwerin,52.20,13.83
Storkow (Mark) Selchow,52.22,13.87
Storkow (Mark) Storkow,52.25,13.93
Storkow (Mark) Wochowsee,52.23,13.90
Straach,51.95,12.60
Straelen,51.44,6.27
Straguth,52.02,12.17
Strahlungen,50.28,10.23
Strahwalde,51.03,14.72
Stralendorf,53.47,11.91
Stralendorf,53.58,11.30
Stralsund,54.30,13.05
Stralsund,54.33,13.06
Strande,54.43,10.17
Strasburg,53.51,13.75
Straubenhardt,48.85,8.54
Straubing,48.88,12.57
Straufhain,50.36,10.70
Straupitz,51.91,14.12
Strausberg,52.58,13.89
Straußfurt,51.17,10.98
Straßberg,48.18,9.09
Straßberg,51.62,11.05
Straßenhaus,50.53,7.52
Straßgräbchen,51.35,14.06
Straßkirchen,48.83,12.72
Straßlach-Dingharting,48.00,11.51
Streganz,52.20,13.84
Strehla,51.35,13.23
Streithausen,50.69,7.82
Strenznaundorf,51.67,11.69
Stresow,52.26,12.02
Strickscheid,50.13,6.32
Striegistal,50.99,13.19
Strohkirchen,53.40,11.32
Strohn,50.12,6.92
Stromberg,49.94,7.77
Strotzbüsch,50.10,6.95
Strub,47.63,12.97
Struckum,54.58,9.00
Strukdorf,53.92,10.48
Struktur- und Genehmigungsdirektion Nord,50.36,7.60
Strullendorf,49.84,10.97
Struppen,50.93,14.02
Struvenhütten,53.87,10.05
Struxdorf,54.63,9.64
Ströbeck,51.91,10.94
Strübbel,54.27,8.97
Strüth,50.13,7.88
Stubben,53.41,8.78
Stubben,53.73,10.43
Stubbendorf,53.95,12.81
Stubbendorf,54.09,12.52
Stubenberg,48.32,13.08
Studentenwerk,54.34,10.12
Studentenwerk München,48.16,11.58
Studiengemeinschaft Darmstadt,49.81,8.62
Stuer,53.38,12.34
Stuhr,53.03,8.75
Stulln,49.42,12.13
Stumsdorf,51.62,12.06
Stutensee,49.10,8.49
Stuttgart,48.72,9.20
Stuttgart,48.77,9.18
Stuttgart Asemwald,48.73,9.19
Stuttgart Bad Cannstatt,48.81,9.21
Stuttgart Bergheim,48.80,9.09
Stuttgart Birkach,48.71,9.21
Stuttgart Botnang,48.78,9.13
Stuttgart Burgholzhof,48.81,9.21
Stuttgart Büsnau,48.75,9.08
Stuttgart Degerloch,48.72,9.15
Stuttgart Dürrlewang,48.72,9.12
Stuttgart Fasanenhof,48.71,9.15
Stuttgart Feuerbach,48.81,9.16
Stuttgart Flughafen,48.68,9.21
Stuttgart Frauenkopf,48.76,9.22
Stuttgart Freiberg,48.84,9.20
Stuttgart Giebel,48.81,9.09
Stuttgart Hausen,48.82,9.08
Stuttgart Hedelfingen,48.76,9.26
Stuttgart Heumaden,48.75,9.24
Stuttgart Hoffeld,48.74,9.17
Stuttgart Hohenheim,48.71,9.21
Stuttgart Kaltental,48.74,9.13
Stuttgart Lederberg,48.75,9.24
Stuttgart Luginsland,48.79,9.26
Stuttgart Möhringen,48.73,9.15
Stuttgart Mönchfeld,48.84,9.22
Stuttgart Münster,48.82,9.22
Stuttgart Neuwirtshaus,48.84,9.14
Stuttgart Obertürkheim,48.76,9.27
Stuttgart Plieningen,48.70,9.21
Stuttgart Riedenberg,48.74,9.21
Stuttgart Rohr,48.72,9.11
Stuttgart Rohracker,48.76,9.26
Stuttgart Rot,48.83,9.19
Stuttgart Rotenberg,48.78,9.27
Stuttgart Schönberg,48.73,9.20
Stuttgart Sillenbuch,48.75,9.21
Stuttgart Sommerrain,48.81,9.24
Stuttgart Sonnenberg,48.74,9.16
Stuttgart Stammheim,48.85,9.16
Stuttgart Steckfeld,48.72,9.20
Stuttgart Stuttgart-Mitte,48.78,9.18
Stuttgart Stuttgart-Nord,48.80,9.19
Stuttgart Stuttgart-Ost,48.78,9.21
Stuttgart Stuttgart-Süd,48.76,9.17
Stuttgart Stuttgart-West,48.77,9.15
Stuttgart Stuttgart-West,48.77,9.16
Stuttgart Uhlbach,48.78,9.28
Stuttgart Untertürkheim,48.78,9.25
Stuttgart Vaihingen,48.73,9.10
Stuttgart Wangen,48.77,9.25
Stuttgart Weilimdorf,48.81,9.11
Stuttgart Wolfbusch,48.81,9.11
Stuttgart Zazenhausen,48.84,9.19
Stuttgart Zuffenhausen,48.83,9.17
Stuvenborn,53.85,10.13
Stäbelow,54.04,12.02
Städt. Krankenhaus,52.18,10.54
Städt. Krankenhaus München-Schwabing,48.17,11.58
StädteRegion Aachen,50.77,6.10
Städtische Bühnen,52.02,8.54
Städtische Kliniken Dortmund,51.51,7.46
Städtisches Krankenhaus,47.67,9.43
Städtisches Krankenhaus Lüneburg,53.24,10.40
Stöckey,51.53,10.50
Stöckse,52.64,9.34
Stödtlen,49.00,10.30
Stördorf,53.92,9.43
Störkathen,53.98,9.75
Störnstein,49.73,12.21
Stötten am Auerberg,47.74,10.69
Stöttwang,47.88,10.72
Stößen,51.11,11.92
Stücken,52.24,13.08
Stüdenitz-Schönermark,52.89,12.30
Stühlingen,47.75,8.45
Stürzelbach,50.65,7.62
Stützengrün,50.53,12.53
Stützerbach,50.63,10.87
Suckow,53.31,11.97
Suddendorf,52.30,7.23
Suderburg,52.90,10.45
Sudwalde,52.79,8.84
Sugenheim,49.60,10.44
Suhl,50.61,10.70
Suhlendorf,52.93,10.77
Sukow,53.54,11.56
Sukow-Marienhof,53.84,12.62
Sulingen,52.68,8.81
Sulz am Neckar,48.36,8.63
Sulza,50.87,11.62
Sulzbach,49.83,7.33
Sulzbach,50.13,8.53
Sulzbach,50.30,7.75
Sulzbach am Main,49.91,9.15
Sulzbach an der Murr,49.00,9.50
Sulzbach-Laufen,48.97,9.85
Sulzbach-Rosenberg,49.50,11.75
Sulzbach/Saar,49.30,7.07
Sulzbachtal,49.52,7.67
Sulzberg,47.66,10.35
Sulzburg,47.84,7.71
Sulzdorf an der Lederhecke,50.24,10.56
Sulzemoos,48.29,11.26
Sulzfeld,49.10,8.86
Sulzfeld,50.26,10.41
Sulzfeld am Main,49.71,10.13
Sulzheim,49.84,8.09
Sulzheim,49.95,10.33
Sulzthal,50.13,10.03
Sundern,51.33,8.00
Sundhausen,51.17,10.72
Supply Chain S.a.r.l.,52.17,9.99
Surberg,47.87,12.70
Surwold,52.98,7.52
Suschow,51.80,14.09
Sustrum,52.92,7.28
Suthfeld,52.36,9.39
Suthfeld Helsinghausen,52.36,9.39
Suthfeld Kreuzriehe,52.36,9.39
Suthfeld Riehe,52.35,9.40
Swiss Re Europe S.A. Niederlassung Deutschland,48.19,11.65
Swisttal,50.70,6.92
Sydower Fließ,52.73,13.72
Syke,52.91,8.82
Sylda,51.68,11.43
Sylt-Ost,54.86,8.41
Syrau,50.54,12.08
Syrgenstein,48.66,10.31
Sächsische Staatskanzlei,51.06,13.75
Söchtenau,47.93,12.23
Sögel,52.85,7.52
Söhlde,52.19,10.23
Söhrewald,51.21,9.58
Sölden,47.93,7.82
Söllichau,51.64,12.65
Söllingen,52.09,10.93
Sömmerda,51.16,11.12
Sönnebüll,54.63,9.00
Sören,54.20,10.02
Sörgenloch,49.88,8.20
Sörth,50.70,7.68
Sörup,54.72,9.67
Sössen,51.22,12.10
Südbrookmerland,53.48,7.35
Südbrookmerland Bedekaspel,53.44,7.32
Südbrookmerland Forlitz-Blaukirchen,53.42,7.32
Südbrookmerland Moordorf,53.48,7.40
Südbrookmerland Moorhusen,53.52,7.36
Südbrookmerland Münkeboe,53.51,7.38
Südbrookmerland Oldeborg,53.50,7.33
Südbrookmerland Theene,53.46,7.35
Südbrookmerland Uthwerdum,53.48,7.34
Südbrookmerland Victorbur,53.49,7.36
Südbrookmerland Wiegboldsbur,53.45,7.35
Südbund,48.96,9.43
Süderau,53.82,9.52
Süderbrarup,54.63,9.78
Süderdeich,54.20,8.92
Süderdorf,54.22,9.35
Süderende,54.73,8.44
Süderfahrenstedt,54.58,9.58
Südergellersen,53.22,10.30
Süderhackstedt,54.60,9.28
Süderhastedt,54.05,9.21
Süderheistedt,54.24,9.15
Süderholz,54.08,13.13
Süderhöft,54.38,9.23
Süderlügum,54.87,8.91
Südermarsch,54.42,9.08
Süderstapel,54.35,9.22
Südlohn,51.93,6.87
Südwestfunk,47.99,7.86
Südwestfälische Industrie- und Handelskammer (SIHK) zu Hagen,51.36,7.47
Sülfeld,53.80,10.23
Sülm,49.92,6.57
Sülstorf,53.51,11.37
Sülzetal,52.02,11.55
Sülzfeld,50.52,10.36
Sünching,48.88,12.35
Süplingen,52.29,11.32
Süpplingen,52.23,10.90
Süpplingenburg,52.25,10.91
Süsel,54.08,10.70
Süstedt,52.86,8.92
Süßen,48.68,9.76
T-Nova,49.46,11.09
T-Systems,49.46,11.09
TASSO,50.07,8.49
TU Bergakademie Freiberg,50.92,13.34
Taarstedt,54.57,9.68
Tabarz,50.88,10.46
Taben-Rodt,49.55,6.58
Tacherting,48.08,12.57
Taching am See,47.96,12.73
Tackesdorf,54.18,9.48
Tagewerben,51.24,11.95
Tagmersheim,48.82,10.97
Talheim,48.02,8.67
Talheim,49.08,9.19
Talkau,53.58,10.57
Talling,49.77,6.95
Tambach-Dietharz,50.79,10.62
Tamm,48.92,9.12
Tangeln,52.68,11.03
Tangerhütte,52.44,11.81
Tangermünde,52.54,11.98
Tangstedt,53.68,9.85
Tangstedt,53.73,10.08
Tann,48.31,12.89
Tann,50.64,10.02
Tanna,50.49,11.86
Tanne,51.70,10.72
Tannenberg,50.61,12.94
Tannenbergsthal/Vogtland,50.43,12.47
Tannhausen,48.98,10.36
Tannheim,48.00,10.08
Tantow,53.27,14.35
Tapfheim,48.67,10.68
Tappenbeck,52.47,10.74
Tappendorf,54.10,9.69
Tarbek,54.05,10.27
Tarmstedt,53.23,9.08
Tarnow,53.78,12.02
Tarp,54.67,9.40
Tarthun,51.93,11.47
Tasdorf,54.10,10.03
Tastrup,54.77,9.48
Tastungen,51.47,10.31
Tating,54.33,8.71
Taubenheim,51.10,13.47
Tauberbischofsheim,49.62,9.66
Tauberrettersheim,49.49,9.94
Taucha,51.19,12.08
Taucha,51.38,12.48
Tauche,52.13,14.13
Tauche Briescht,52.12,14.12
Tauche Falkenberg,52.17,14.13
Tauche Giesensdorf,52.13,14.13
Tauche Görsdorf bei Beeskow,52.15,14.10
Tauche Kossenblatt,52.12,14.07
Tauche Lindenberg,52.20,14.13
Tauche Mittweide,52.07,14.15
Tauche Ranzig,52.12,14.20
Tauche Stremmen,52.13,14.17
Tauche Tauche,52.15,14.17
Tauche Trebatsch,52.08,14.17
Tauche Werder,52.12,14.03
Tauer,51.90,14.45
Taufkirchen,48.05,11.62
Taufkirchen,48.15,12.45
Taufkirchen (Vils),48.34,12.20
Taugwitz,51.13,11.64
Taugwitz Spielberg,51.15,11.63
Taugwitz Taugwitz,51.12,11.63
Taunusstein,50.14,8.13
Taunusstein,50.15,8.15
Taura,50.92,12.85
Tauscha,51.27,13.80
Tautenburg,51.00,11.72
Tautendorf,50.82,11.90
Tautenhain,50.92,11.92
Tawern,49.67,6.52
Tchibo,53.61,10.02
Techelsdorf,54.22,10.05
Techentin,53.59,11.99
Technische Betriebe Rheine,52.26,7.45
Technische Infrastruktur Niederlsssung Überregional,49.46,11.09
Technische Schule Landsysteme Donnerberg Kaserne,50.79,6.24
Technische Schule Landsysteme Gallwitz Kaserne,50.75,6.11
Technische Schule Landsysteme Körner Kaserne,50.76,6.13
Technische Schule Landsysteme Lützow Kaserne,50.75,6.16
Technischer Überwachungsverein Baden-Württemberg,49.50,8.50
Tecklenburg,52.22,7.81
Teetz-Ganz,53.02,12.51
Tegau,50.65,11.87
Tegernau,47.72,7.79
Tegernheim,49.02,12.17
Tegernsee,47.71,11.76
Tegkwitz,50.98,12.34
Teicha,51.56,11.95
Teichland,51.81,14.44
Teichwitz,50.75,12.08
Teichwolframsdorf,50.72,12.25
Teisendorf,47.85,12.82
Teising,48.23,12.61
Teisnach,49.04,12.99
Teistungen,51.45,10.34
Teldau,53.33,10.83
Telgte,51.98,7.78
Tellig,50.03,7.25
Tellingstedt,54.22,9.28
Teltow,52.40,13.26
Telz,52.24,13.49
Temmels,49.69,6.47
Temmen-Ringenwalde,53.08,13.74
Temnitzquell,53.01,12.64
Temnitztal,52.86,12.64
Temnitztal Garz,52.85,12.63
Temnitztal Wildberg,52.88,12.63
Templin,53.13,13.55
Tengen,47.82,8.66
Teningen,48.13,7.81
Tennenbronn,48.19,8.35
Tensbüttel-Röst,54.10,9.23
Tensfeld,54.04,10.32
Terpe,51.57,14.37
Teschendorf,53.46,13.36
Teschenmoschel,49.63,7.73
Tespe,53.40,10.41
Tessenow,53.35,11.89
Tessin,54.03,12.47
Tessin bei Boizenburg,53.40,10.85
Tessin bei Wittenburg,53.57,11.03
Testorf-Steinfort,53.78,11.27
Tetenbüll,54.35,8.83
Tetenhusen,54.35,9.50
Teterow,53.78,12.57
Tettau,50.47,11.26
Tettau,51.43,13.73
Tettenweis,48.44,13.27
Tettnang,47.67,9.59
Teublitz,49.22,12.09
Teuchern,51.12,12.02
Teugn,48.89,12.01
Teunz,49.48,12.38
Teupitz,52.13,13.62
Teuschnitz,50.40,11.38
Teusin,53.86,13.15
Teutleben,50.95,10.56
Teutschenthal,51.45,11.80
Tewswoos,53.23,11.20
Thaden,54.10,9.43
Thaining,47.97,10.96
Thale,51.75,11.04
Thaleischweiler-Fröschen,49.27,7.58
Thalfang,49.75,7.00
Thalhausen,50.50,7.58
Thalheim,51.65,12.23
Thalheim / Erzgebirge,50.70,12.85
Thallichtenberg,49.56,7.35
Thallwitz,51.43,12.68
Thalmassing,48.91,12.15
Thalmässing,49.09,11.22
Thalwenden,51.35,10.05
Thalwinkel,51.22,11.61
Thandorf,53.76,10.82
Thannhausen,48.28,10.47
Thanstein,49.38,12.47
Tharandt,50.98,13.52
"The Bradford Exchange, Ltd.",49.96,8.82
Thedinghausen,52.97,9.02
Theeßen,52.24,12.05
Theilenhofen,49.08,10.85
Theilheim,49.75,10.03
Theisbergstegen,49.52,7.33
Theisseil,49.69,12.23
Theißen,51.09,12.11
Thelkow,54.04,12.56
Themar,50.50,10.62
Themesgrund,51.77,13.25
Theres,50.01,10.43
Theresienklinik,47.92,7.69
Thesenvitz,54.45,13.39
Theuma,50.47,12.22
Thielbeer,52.85,11.48
Thiendorf,51.29,13.74
Thierhaupten,48.57,10.91
Thierschneck,51.03,11.77
Thiersheim,50.08,12.13
Thierstein,50.11,12.10
Thiessow,54.28,13.72
Thießen,51.96,12.30
Tholey,49.48,7.04
Thomasburg,53.23,10.67
Thomm,49.74,6.80
Thonhausen,50.83,12.32
Thuine,52.50,7.48
Thulendorf,54.09,12.30
Thum,50.67,12.95
Thumby,54.58,9.92
Thundorf in Unterfranken,50.20,10.32
Thurland,51.72,12.22
Thurmansbang,48.77,13.32
Thurnau,50.03,11.39
Thyrnau,48.62,13.53
Thyrow,52.25,13.24
Thörlingen,50.13,7.53
Thörnich,49.83,6.83
Thümmlitzwalde,51.18,12.92
Thüngen,49.94,9.86
Thüngersheim,49.88,9.85
Thür,50.36,7.28
Thüringenhausen,51.27,10.80
Thürkow,53.83,12.56
Tiddische,52.52,10.80
Tiefenbach,48.08,9.65
Tiefenbach,48.50,12.10
Tiefenbach,48.62,13.40
Tiefenbach,49.43,12.58
Tiefenbach,49.94,7.54
Tiefenbach,50.86,12.83
Tiefenbronn,48.82,8.80
Tiefenort,50.84,10.17
Tiefensee,52.68,13.84
Tiefenthal,49.54,8.10
Tiefenthal,49.75,7.90
Tielen,54.28,9.33
Tielenhemme,54.27,9.37
Tietzow,52.71,12.93
Tilleda,51.42,11.14
Timmaspe,54.14,9.89
Timmendorfer Strand,54.00,10.78
Timmenrode,51.77,11.01
Tinningstedt,54.82,8.93
Tirpersdorf,50.43,12.25
Tirschenreuth,49.88,12.33
Tissa,50.85,11.75
Tiste,53.28,9.53
Titisee-Neustadt,47.92,8.19
Titting,49.00,11.21
Tittling,48.73,13.38
Tittmoning,48.06,12.77
Titz,51.01,6.42
Toddin,53.42,11.14
Todenbüttel,54.13,9.55
Todendorf,53.69,10.35
Todenroth,49.97,7.35
Todesfelde,53.90,10.18
Todtenweis,48.52,10.93
Todtmoos,47.74,8.00
Todtnau,47.83,7.94
Tolk,54.58,9.64
Tollwitz,51.29,12.10
Tonna,51.08,10.73
Tonndorf,50.89,11.20
Topfstedt,51.27,10.97
Toppenstedt,53.26,10.11
Torgau,51.56,13.00
Torgelow,53.63,14.01
Torgelow am See,53.57,12.78
Torgelow-Holländerei,53.67,14.03
Tornau,51.64,12.59
Tornau,51.72,12.18
Tornesch,53.70,9.72
Tornitz,51.93,11.85
Tornow,53.06,13.29
Tostedt,53.28,9.72
Tosterglope,53.21,10.82
Tottleben,51.17,10.75
Traben-Trarbach,49.95,7.12
Trabitz,49.80,11.90
Train,48.73,11.83
Traisen,49.82,7.82
Traitsching,49.15,12.65
Tramm,53.52,11.65
Tramm,53.56,10.61
Trantow,53.98,13.20
Trappenkamp,54.04,10.21
Trappstadt,50.32,10.57
Trassem,49.58,6.53
Trassenheide,54.08,13.86
Traunreut,47.96,12.59
Traunstein,47.87,12.64
Trausnitz,49.52,12.26
Trautenstein,51.69,10.79
Trautskirchen,49.46,10.59
Travenbrück,53.85,10.33
Travenhorst,54.02,10.45
Traventhal,53.90,10.32
Trebbichau an der Fuhne,51.65,11.97
Trebbin,52.22,13.22
Trebbus,51.69,13.52
Trebel,53.00,11.32
Treben,51.05,12.42
Trebendorf,51.53,14.57
Trebgast,50.07,11.55
Trebitz,51.75,12.75
Trebnitz,51.09,12.07
Trebra,51.28,10.98
Trebsen/Mulde,51.28,12.75
Trebur,49.93,8.41
Trechtingshausen,50.01,7.85
Trechwitz,52.37,12.72
Treffelstein,49.42,12.62
Treffurt,51.14,10.23
Treia,54.50,9.32
Treis-Karden,50.17,7.30
Tremmen,52.53,12.82
Tremsbüttel,53.74,10.31
Tremsdorf,52.27,13.12
Trendelburg,51.57,9.42
Trennewurth,54.00,9.03
Trent,54.52,13.26
Treplin,52.40,14.40
Treseburg,51.72,10.97
Treuchtlingen,48.95,10.91
Treuen,50.54,12.30
Treuenbrietzen,52.10,12.87
Triaz Waschbär,48.03,7.85
Triberg,48.14,8.24
Tribsees,54.10,12.76
Triebel/Vogtland,50.35,12.13
Triebes,50.68,12.02
Triebischtal,51.09,13.42
Triefenstein,49.80,9.61
Trier,49.74,6.62
Trier,49.75,6.64
Trier,49.77,6.66
Trierscheid,50.35,6.82
Trierweiler,49.76,6.56
Triftern,48.39,13.01
Triglitz,53.22,12.10
Trimbs,50.32,7.30
Trimport,49.92,6.58
Trinum,51.77,11.91
Trinwillershagen,54.25,12.62
Trippstadt,49.36,7.77
Triptis,50.74,11.87
Trittau,53.62,10.40
Trittenheim,49.82,6.90
Triumph International,48.83,10.10
Trochtelfingen,48.31,9.24
Trockenborn-Wolfersdorf,50.78,11.70
Trogen,50.37,11.95
Troisdorf,50.82,7.12
Troisdorf,50.82,7.17
Troistedt,50.93,11.25
Trollenhagen,53.61,13.29
Tromsdorf,51.12,11.48
Trossin,51.62,12.82
Trossingen,48.08,8.64
Trostadt,50.47,10.64
Trostberg,48.02,12.53
Trulben,49.14,7.54
Trunkelsberg,48.00,10.22
Trusetal,50.78,10.42
Tryppehna,52.17,11.91
Tröbitz,51.60,13.43
Tröbnitz,50.83,11.73
Tröchtelborn,51.00,10.82
Tröglitz,51.06,12.18
Tröndel,54.33,10.52
Tröstau,50.02,11.95
Trügleben,50.95,10.63
Tschernitz,51.58,14.62
Tschirn,50.40,11.45
Tucheim,52.29,12.18
Tuchenbach,49.53,10.86
Tunau,47.79,7.92
Tuningen,48.03,8.60
Tuntenhausen,47.94,12.02
Turnow-Preilack,51.88,14.41
Tussenhausen,48.10,10.56
Tutow,53.92,13.25
Tuttlingen,47.98,8.82
Tutzing,47.91,11.28
Twedt,54.60,9.68
Twieflingen,52.12,10.92
Twist,52.66,7.11
Twistetal,51.32,8.95
Twistringen,52.80,8.64
Tylsen,52.82,11.03
Tyrlaching,48.07,12.67
TÜV Rheinland Group,52.46,13.37
Täferrot,48.85,9.84
Tännesberg,49.53,12.33
Töging am Inn,48.26,12.58
Tömmelsdorf,50.72,11.87
Tönisvorst,51.32,6.49
Tönning,54.32,8.94
Töpchin,52.17,13.58
Töpen,50.39,11.87
Töplitz,52.42,12.79
Tübingen,48.52,9.02
Tübingen,48.52,9.06
Tüchen,53.06,12.09
Tülau,52.58,10.88
Tümlauer Koog,54.35,8.68
Türkendorf,51.59,14.46
Türkenfeld,48.11,11.08
Türkheim,48.06,10.64
Tüttendorf,54.40,10.00
Tüttleben,50.95,10.79
Tützpatz,53.72,13.14
Tüßling,48.21,12.60
UNICEF Deutschland,50.92,6.94
US-Army Finance and Accounting Center Europe,49.37,8.68
Ubstadt-Weiher,49.16,8.63
Uchtdorf,52.41,11.75
Uchte,52.50,8.91
Uchtspringe,52.54,11.60
Uckerfelde,53.26,13.97
Uckerland,53.46,13.78
Udenheim,49.86,8.17
Uder,51.36,10.07
Udestedt,51.05,11.13
Udler,50.13,6.88
Uebigau-Wahrenbrück,51.52,13.33
Ueckermünde,53.74,14.04
Uedem,51.67,6.27
Uehlfeld,49.67,10.72
Uehrde,52.10,10.77
Uelitz,53.48,11.44
Uelsby,54.63,9.60
Uelsen,52.50,6.88
Uelversheim,49.81,8.29
Uelvesbüll,54.42,8.92
Uelzen,52.97,10.56
Uelzena eG,52.99,10.56
Uenglingen,52.62,11.81
Uersfeld,50.25,7.02
Uetersen,53.69,9.65
Uettingen,49.79,9.73
Uetz,52.38,11.85
Uetz-Paaren,52.47,12.94
Uetze,52.47,10.16
Ueß,50.25,6.93
Uffenheim,49.54,10.23
Uffing am Staffelsee,47.72,11.15
Uftrungen,51.50,10.98
Uhingen,48.70,9.59
Uhldingen-Mühlhofen,47.73,9.25
Uhler,50.08,7.43
Uhlstädt-Kirchhasel,50.76,11.43
Uhrsleben,52.20,11.26
Uhyst,51.36,14.51
Uichteritz,51.21,11.92
Ullersdorf,52.04,14.37
Ulm,48.42,9.96
Ulm Jungingen,48.45,9.99
Ulmen,50.21,6.98
Ulmet,49.58,7.45
Ulrichstein,50.58,9.19
Ulsnis,54.57,9.75
Ultra Pharm,52.09,8.17
Ulzigerode,51.68,11.37
Umkirch,48.03,7.77
Ummanz,54.44,13.21
Ummendorf,48.07,9.83
Ummendorf,52.16,11.18
Ummern,52.59,10.43
Ummerstadt,50.26,10.81
Umpferstedt,50.94,11.42
Undeloh,53.20,9.98
Undenheim,49.84,8.22
Ungerhausen,48.01,10.27
Uni- u. Landesbibliothek Sachsen/Anhalt,51.49,11.97
Unkel,50.60,7.22
Unkenbach,49.72,7.75
Unlingen,48.17,9.52
Unna,51.53,7.68
Unnau,50.65,7.91
Unseburg,51.93,11.51
Unsleben,50.38,10.25
Unstruttal,51.26,10.45
Unterammergau,47.62,11.03
Unterbodnitz,50.82,11.65
Unterbreizbach,50.82,9.98
Unterdietfurt,48.38,12.67
Unterdießen,47.98,10.83
Unteregg,47.97,10.47
Untereisesheim,49.21,9.20
Unterellen,50.97,10.16
Unterensingen,48.65,9.36
Unterföhring,48.19,11.64
Untergriesbach,48.57,13.67
Unterhaching,48.07,11.62
Unterjeckenbach,49.67,7.48
Unterkaka,51.09,11.97
Unterkatz,50.62,10.26
Unterkirnach,48.08,8.37
Unterleinleiter,49.82,11.19
Unterlüß,52.83,10.30
Untermarchtal,48.24,9.61
Untermaßfeld,50.54,10.37
Untermeitingen,48.16,10.81
Untermerzbach,50.13,10.86
Untermünkheim,49.15,9.73
Unterneukirchen,48.17,12.62
Unterpleichfeld,49.87,10.04
Unterreichenbach,48.83,8.71
Unterreit,48.12,12.33
Unterrißdorf,51.52,11.60
Unterroth,48.20,10.17
Unterschleißheim,48.28,11.58
Unterschneidheim,48.93,10.37
Unterschwaningen,49.08,10.62
Unterschönau,50.72,10.58
Untershausen,50.40,7.85
Untersiemau,50.19,10.97
Unterspreewald,52.09,13.89
Unterstadion,48.20,9.69
Untersteinach,50.13,11.52
Unterthingau,47.77,10.50
Unterwachingen,48.20,9.64
Unterwaldhausen,47.90,9.47
Unterweid,50.61,10.06
Unterweißbach,50.61,11.17
Unterwellenborn,50.65,11.43
Unterwössen,47.73,12.47
Untrasried,47.83,10.38
Unzenberg,49.97,7.44
Upahl,53.82,11.22
Upgant-Schott,53.52,7.28
Uphusum,54.85,8.85
Uplengen,53.31,7.75
Upost,53.88,12.92
Uppershausen,50.03,6.32
Urbach,48.82,9.58
Urbach,50.56,7.58
Urbach,51.48,10.90
Urbar,50.13,7.72
Urbar,50.38,7.63
"Urfeld, Oberbayern",47.62,11.35
Urleben,51.15,10.78
Urlichs,49.48,11.12
Urmersbach,50.25,7.13
Urmitz,50.42,7.52
Urnshausen,50.73,10.17
Ursberg,48.26,10.45
Urschmitt,50.12,7.07
Ursensollen,49.40,11.76
Urspringen,49.90,9.67
Usch,50.10,6.60
Usedom,53.88,13.92
Userin,53.34,12.98
Usingen,50.34,8.54
Uslar,51.66,9.63
Ustersbach,48.32,10.65
Utarp,53.62,7.48
Utecht,53.77,10.77
Utenbach,51.07,11.87
Utendorf,50.62,10.43
Utersum,54.71,8.41
Uthausen,51.76,12.56
Uthleben,51.45,10.84
Uthlede,53.31,8.58
Utscheid,50.00,6.35
Uttenreuth,49.60,11.07
Uttenweiler,48.15,9.62
Utting am Ammersee,48.03,11.09
Utzberg,50.98,11.19
Utzedel,53.86,13.12
Utzenfeld,47.80,7.92
Utzenhain,50.13,7.63
Utzerath,50.22,6.93
V.W. WERKE WIEDERHOLT,51.51,7.60
VEDES Vereinigung der Spielwaren- Fachgeschäfte eG,49.42,11.14
Vaale,54.00,9.38
Vaalermoor,53.99,9.34
Vacha,50.83,10.02
Vachdorf,50.53,10.54
Vachendorf,47.84,12.61
Vahlberg,52.13,10.72
Vahlbruch,51.92,9.34
Vahlde,53.19,9.63
Vahldorf,52.26,11.50
Vaihingen an der Enz,48.94,8.96
Valfitz,52.76,11.12
Vallendar,50.40,7.62
Valley,47.89,11.78
Valluhn,53.53,10.84
Valwig,50.15,7.22
Varchentin,53.58,12.86
Varel,53.40,8.14
Varel Altjührden,53.36,8.08
Varel Borgstede,53.39,8.09
Varel Büppel,53.37,8.14
Varel Dangast,53.45,8.12
Varel Dangastermoor,53.41,8.10
Varel Grünenkamp,53.35,8.05
Varel Hohelucht,53.37,8.17
Varel Hohenberge,53.39,8.17
Varel Jeringhave,53.41,8.07
Varel Jethausen,53.38,8.16
Varel Langendamm,53.40,8.11
Varel Moorhausen,53.42,8.13
Varel Neudorf,53.35,8.16
Varel Neuenwege,53.35,8.13
Varel Obenstrohe,53.37,8.10
Varel Rallenbüschen,53.41,8.12
Varel Rosenberg,53.34,8.12
Varel Seghorn,53.39,8.06
Varel Streek,53.39,8.15
Varel Varel,53.35,8.14
Varel Winkelsheide,53.40,8.09
Varrel,52.62,8.73
Vastorf,53.20,10.55
Vater & Junghänel Rechtsanwälte und Notare,50.09,8.45
Vaterstetten,48.11,11.77
Vatterode,51.60,11.43
Vechelde,52.26,10.36
Vechta,52.73,8.29
Veckenstedt,51.90,10.73
Veelböken,53.75,11.18
Vehlin,52.96,12.14
Vehlitz,52.11,11.88
Vehlow,53.01,12.32
Veilsdorf,50.41,10.81
Veitsbronn,49.51,10.89
Veitshöchheim,49.83,9.88
Veitsrodt,49.76,7.30
Velbert,51.33,7.03
Velbert,51.34,7.06
Velbert,51.35,7.13
Velburg,49.25,11.63
Velden,48.37,12.26
Velden,49.61,11.51
Veldenz,49.89,7.02
Velen,51.89,6.99
Velgast,54.27,12.81
Vellahn,53.40,10.97
Vellberg,49.08,9.88
Vellmar,51.36,9.48
Velpke,52.41,10.94
Velsdorf,52.41,11.25
Velten,52.69,13.18
Veltheim,52.03,10.75
Veltheim,52.22,10.68
Vendersheim,49.87,8.07
Venningen,49.28,8.17
Ventschow,53.79,11.58
Venusberg,50.70,13.02
Ver.di Vereinte Dienstleistungsgewerkschaft,52.49,13.32
Verband Bayerischer Rechtspfleger,48.14,11.56
Verband Hessischer Zeitungsverleger,50.19,8.75
Verband der Vereine Creditreform,51.20,6.71
Verbandsgemeinde Betzdorf-Gebhardshain,50.79,7.87
Verden (Aller),52.92,9.25
Verein der Rechtsreferendare in Bayern,48.14,11.56
Vereinigte Haftpflicht,49.00,8.38
Vereinigte Informationssysteme Tierhaltung (VIT),52.92,9.24
Verfassungsgerichtshof,50.36,7.60
Verfassungsgerichtshof des Landes Berlin,52.49,13.36
Vergabemanagement (VM),48.00,7.83
Veringenstadt,48.19,9.21
Verkehrsverbund Rhein-Ruhr AöR,51.51,7.10
Verkehrsverein Hameln,52.10,9.36
Verl,51.88,8.52
Versicherer im Raum der Kirchen Bruderhilfe Pax Familienfürsorge,51.32,9.48
Versmold,52.04,8.15
Vertretung des Landes Baden-Württemberg beim Bund,52.51,13.36
Vertretung des Landes Mecklenburg-Vorpommern beim Bund,52.51,13.38
Vertretung des Landes Niedersachsen beim Bund Büro Berlin,52.51,13.38
Vertretung des Landes Nordrhein-Westfalen beim Bund,52.51,13.36
Vertretung des Landes Sachsen-Anhalt beim Bund Dienststelle Berlin,52.52,13.38
Vesalius Klinik,49.24,9.11
Vestenbergsgreuth,49.69,10.65
Vetschau,51.79,14.08
Vettelschoß,50.62,7.35
Vettin,53.03,12.17
Vettweiß,50.73,6.60
Viechtach,49.08,12.89
Vielank,53.24,11.14
Vielbach,50.51,7.77
Vielist,53.55,12.64
Vielitz,52.93,13.02
Vienau,52.71,11.48
Vienenburg,51.95,10.56
Vierden,53.33,9.50
Viereck,53.55,14.04
Viereth-Trunstadt,49.92,10.78
Vierherrenborn,49.60,6.67
Vierhöfen,53.27,10.22
Vieritz,52.52,12.26
Vierkirchen,48.37,11.47
Vierkirchen,51.19,14.75
Vierlinden,52.52,14.31
Vierlinden Alt Rosenthal,52.55,14.28
Vierlinden Diedersdorf,52.51,14.33
Vierlinden Friedersdorf,52.51,14.40
Vierlinden Görlsdorf,52.53,14.31
Vierlinden Marxdorf,52.48,14.28
Vierlinden Neuentempel,52.50,14.33
Vierlinden Worin,52.52,14.27
Viernau,50.66,10.56
Viernheim,49.54,8.58
Viernheimer Tageblatt,49.54,8.58
Vierraden,53.10,14.29
Viersen,51.25,6.38
Viersen,51.26,6.39
Viesecke,53.01,12.03
Vietmannsdorf,53.05,13.53
Vietznitz,52.73,12.63
Vilgertshofen,47.95,10.92
Villenbach,48.51,10.61
Villingen-Schwenningen,48.07,8.45
Villingendorf,48.20,8.58
Villmar,50.39,8.19
Vilsbiburg,48.45,12.36
Vilseck,49.61,11.80
Vilsheim,48.45,12.11
Vilshofen,48.63,13.19
Vinningen,49.16,7.55
Vinzelberg,52.55,11.62
Vippachedelhausen,51.08,11.21
Vipperow,53.33,12.69
Virneburg,50.35,7.08
Visbek,52.83,8.32
Visselhövede,52.99,9.58
Vissum,52.82,11.36
Vitense,53.81,11.05
Vitzenburg,51.30,11.57
Vivento,49.46,11.09
Viöl,54.58,9.14
Vlotho,52.14,8.78
Vockerode,51.85,12.35
Voerde,51.63,6.65
Vogelsang,52.18,14.66
Vogelsang-Warsin,53.73,14.18
Vogelsberg,51.13,11.25
Vogelsdorf,52.01,10.90
Vogt,47.77,9.77
Vogtareuth,47.95,12.18
Vogtländisches Oberland,50.59,12.09
Vogtsburg im Kaiserstuhl,48.08,7.63
Vohburg an der Donau,48.77,11.62
Vohenstrauß,49.62,12.34
Voigtsdorf,53.56,13.65
Voigtstedt,51.39,11.31
Volgfelde,52.56,11.64
Volkach,49.86,10.23
Volkenschwand,48.60,11.88
Volkerode,51.27,10.07
Volkertshausen,47.82,8.87
Volkerzen,50.72,7.68
Volkesfeld,50.40,7.15
Volkmannsdorf,50.61,11.73
Volkmarsen,51.41,9.12
Volksfürsorge Schadenzentrum,48.78,9.16
Volksfürsorge Schadenzentrum,50.13,8.68
Volksfürsorge Schadenzentrum,52.50,13.33
Volkstedt,51.56,11.56
Volkswagen Leasing,52.30,10.51
Vollenborn,51.35,10.50
Vollersode,53.33,8.92
Vollersroda,50.94,11.33
Vollerwiek,54.29,8.80
Vollmersbach,49.73,7.32
Vollmershain,50.85,12.30
Vollmersweiler,49.06,8.08
Vollrathsruhe,53.64,12.49
Vollstedt,54.62,9.03
Volsemenhusen,53.97,9.08
Voltlage,52.43,7.75
Volxheim,49.82,7.93
Von Thünen - Institut,53.50,10.20
"Von der Heydt Fachgeschäft für Glas, Porzellan, Hausrat",49.32,8.43
Vorbach,49.82,11.74
Vorbeck,53.91,12.07
Vorderweidenthal,49.13,7.88
Vordorf,52.37,10.52
Vorra,49.56,11.49
Vorwerk,53.18,9.15
Vreden,52.04,6.83
Vrees,52.88,7.77
Vögelsen,53.27,10.35
Vöhl,51.18,8.89
Vöhrenbach,48.05,8.30
Vöhringen,48.28,10.08
Vöhringen,48.33,8.66
Völkershausen,50.80,10.05
Völkersweiler,49.17,7.93
Völklingen,49.25,6.86
Völpke,52.14,11.10
Völschow,53.88,13.34
Vörstetten,48.07,7.85
WAMS,53.55,9.98
WERBEAGENTUR WESEMANN,52.20,9.09
WWF (MVS),48.93,8.44
WWK Investment S.A.,48.14,11.55
Waabs,54.53,9.98
Waake,51.56,10.06
Waakirchen,47.77,11.67
Waal,48.00,10.78
Wabern,51.10,9.35
Wachau,51.16,13.91
Wachenheim,49.61,8.23
Wachenheim an der Weinstraße,49.45,8.17
Wachenroth,49.75,10.71
Wachow,52.53,12.76
Wachsenburggemeinde,50.86,10.88
Wachstedt,51.30,10.25
Wachtberg,50.63,7.10
Wachtendonk,51.40,6.29
Wacken,54.02,9.38
Wackernheim,49.97,8.12
Wackerow,54.10,13.35
Wackersberg,47.73,11.55
Wackersdorf,49.32,12.18
Wackersleben,52.07,11.02
Waddeweitz,53.00,10.97
Waddeweitz Bischof,52.98,10.97
Waddeweitz Diahren,52.98,11.01
Waddeweitz Dickfeitzen,52.99,10.94
Waddeweitz Dommatzen,53.00,10.95
Waddeweitz Gohlau,53.02,10.93
Waddeweitz Groß Gaddau,52.98,10.98
Waddeweitz Hohenvolkfien,53.01,10.90
Waddeweitz Kiefen,52.99,10.96
Waddeweitz Klein Gaddau,52.98,10.99
Waddeweitz Kröte,52.99,10.93
Waddeweitz Kukate,53.00,10.98
Waddeweitz Maddau,53.01,10.96
Waddeweitz Marlin,53.00,11.02
Waddeweitz Salderatzen,52.99,11.01
Waddeweitz Sareitz,53.02,10.96
Waddeweitz Schlanze,52.98,10.98
Waddeweitz Waddeweitz,53.00,10.96
Waddeweitz Wittfeitzen,53.01,10.95
"Waddeweitz Wittfeitzen, Groß Wittfeitzen",53.01,10.95
"Waddeweitz Wittfeitzen, Klein Wittfeitzen",53.01,10.95
Waddeweitz Zebelin,52.99,11.01
Wadern,49.54,6.89
Wadersloh,51.73,8.25
Wadgassen,49.27,6.78
Waffenbrunn,49.27,12.67
Wagenfeld,52.55,8.58
Wagenhausen,50.15,6.98
Wagenhoff,52.55,10.52
Wagersrott,54.67,9.80
Waghäusel,49.25,8.51
Waging am See,47.93,12.73
Wagun,53.87,12.82
Wahl Finance,50.92,6.86
Wahlbach,50.00,7.60
Wahlenau,49.90,7.25
Wahlhausen,51.30,9.98
Wahlheim,49.72,8.11
Wahlitz,52.10,11.78
Wahlrod,50.65,7.72
Wahlsburg,51.63,9.59
Wahlsdorf,51.96,13.33
Wahlstedt,53.95,10.21
Wahlstorf,53.36,12.10
Wahlstorf,54.20,10.32
Wahns,50.63,10.30
Wahnwegen,49.48,7.38
Wahrenberg,52.98,11.68
Wahrenholz,52.62,10.60
Waiblingen,48.83,9.31
Waibstadt,49.30,8.92
Waidhaus,49.64,12.50
Waidhofen,48.58,11.34
Waigandshain,50.64,8.09
Waigolshausen,49.96,10.12
Wain,48.19,10.02
Wainsdorf,51.41,13.51
Waischenfeld,49.85,11.35
Wakendorf I,53.87,10.37
Wakendorf II,53.78,10.08
Walbeck,51.67,11.47
Walbeck,52.28,11.07
Walchum,52.93,7.28
Wald,47.72,10.56
Wald,47.93,9.17
Wald,49.15,12.35
Wald-Michelbach,49.57,8.83
Waldachtal,48.50,8.57
Waldalgesheim,49.95,7.83
Waldaschaff,49.98,9.30
Waldau,51.06,11.93
Waldbreitbach,50.55,7.42
Waldbronn,48.92,8.49
Waldbrunn,49.46,9.09
Waldbrunn,49.76,9.80
Waldbrunn (Westerwald),50.52,8.12
Waldbröl,50.88,7.62
Waldburg,47.76,9.71
Waldböckelheim,49.82,7.72
Waldbüttelbrunn,49.79,9.85
Walddorfhäslach,48.59,9.18
Walddrehna,51.78,13.63
Waldeck,50.92,11.78
Waldeck,51.21,9.06
Waldems,50.25,8.33
Waldenbuch,48.64,9.13
Waldenburg,49.18,9.64
Waldenburg,50.88,12.60
Walderbach,49.18,12.38
Waldershof,49.98,12.06
Waldesch,50.28,7.55
Waldfeucht,51.07,5.99
Waldfischbach-Burgalben,49.28,7.67
Waldgrehweiler,49.67,7.73
Waldhambach,49.17,7.98
Waldheim,51.07,13.02
Waldhof-Falkenstein,49.97,6.18
Waldhufen,51.23,14.79
Waldkappel,51.14,9.94
Waldkirch,48.10,7.96
Waldkirchen,48.73,13.60
Waldkirchen/Erzgebirge,50.77,13.12
Waldkraiburg,48.21,12.40
Waldlaubersheim,49.94,7.75
Waldleiningen,49.40,7.88
Waldmohr,49.38,7.33
Waldmühlen,50.58,8.07
Waldmünchen,49.38,12.71
Waldorf,50.48,7.23
Waldrach,49.75,6.75
Waldrohrbach,49.17,7.97
Waldsassen,50.00,12.30
Waldsee,49.40,8.44
Waldshut-Tiengen,47.62,8.22
Waldsieversdorf,52.54,14.07
Waldsolms,50.42,8.52
Waldstetten,48.35,10.29
Waldstetten,48.77,9.82
Waldthurn,49.67,12.33
Waldweiler,49.62,6.80
Walhausen,50.03,7.28
Walheim,49.01,9.15
Walkendorf,53.95,12.55
Walkenried,51.58,10.62
Walkertshofen,48.23,10.59
Walksfelde,53.63,10.58
Wallbach,50.63,10.40
Walldorf,49.31,8.64
Walldorf,50.62,10.38
Walldürn,49.58,9.37
Wallen,54.28,9.27
Wallenborn,50.15,6.72
Wallendorf,49.88,6.29
Wallendorf,51.36,12.08
Wallenfels,50.27,11.47
Wallenhorst,52.35,8.02
Wallerfangen,49.33,6.71
Wallerfing,48.68,12.88
Wallersdorf,48.74,12.75
Wallersheim,50.20,6.53
Wallerstein,48.89,10.48
Wallertheim,49.84,8.05
Wallgau,47.52,11.28
Wallhalben,49.32,7.52
Wallhausen,49.21,10.06
Wallhausen,49.88,7.77
Wallhausen,51.46,11.21
Wallmenroth,50.80,7.83
Wallmerod,50.48,7.95
Wallsbüll,54.78,9.24
Wallscheid,50.10,6.88
Wallstawe,52.80,11.02
Walluf,50.04,8.16
Wallwitz,51.58,11.93
Wallwitz,52.12,11.91
Walow,53.42,12.47
Walpernhain,51.02,11.95
Walpertskirchen,48.26,11.98
Walschleben,51.07,10.93
Walsdorf,49.87,10.78
Walsdorf,50.28,6.72
Walshausen,49.22,7.48
Walsheim,49.24,8.13
Walsleben,52.76,11.86
Walsleben,52.94,12.66
Walsrode,52.86,9.59
Waltenhausen,48.19,10.36
Waltenhofen,47.67,10.31
Walter Günther,49.92,10.91
Walternienburg,51.97,11.94
Walterschen,50.68,7.57
Waltersdorf,50.83,11.75
Waltersdorf,50.87,14.65
Waltersdorf,52.36,13.56
Waltershausen,50.90,10.56
Walting,48.92,11.30
Waltrop,51.62,7.40
Walzbachtal,49.03,8.59
Wandersleben,50.90,10.85
Wanderup,54.68,9.33
Wandlitz,52.74,13.46
Wanfried,51.18,10.17
Wang,48.50,11.94
Wangelau,53.45,10.55
Wangelnstedt,51.87,9.68
Wangels,54.27,10.77
Wangen,48.73,9.61
Wangen,51.27,11.55
Wangen im Allgäu,47.69,9.83
Wangenheim,51.02,10.62
Wangerland,53.66,7.92
Wangerland Hohenkirchen,53.66,7.92
Wangerland Hooksiel,53.63,8.03
Wangerland Minsen,53.71,7.97
Wangerland Tettens,53.64,7.88
Wangerland Waddewarden,53.61,7.95
Wangerooge,53.79,7.90
Wankendorf,54.11,10.21
Wanna,53.75,8.80
Wannefeld,52.44,11.45
Wannweil,48.52,9.15
Wansdorf,52.64,13.09
Wansleben am See,51.47,11.75
Wanzer,52.99,11.61
Wanzleben,52.06,11.44
Wapelfeld,54.08,9.60
Warberg,52.18,10.92
Warburg,51.49,9.15
Wardenburg,53.07,8.20
Warder,54.22,9.88
Wardow,53.93,12.41
Waren (Müritz),53.52,12.72
Warendorf,51.95,7.99
Warin,53.80,11.71
Warlin,53.57,13.39
Warlitz,53.38,11.15
Warlow,53.34,11.40
Warmensteinach,49.99,11.78
Warmsen,52.46,8.85
Warmsroth,49.95,7.78
Warnau,52.74,12.19
Warnau,54.18,10.17
Warngau,47.83,11.72
Warnkenhagen,53.84,12.45
Warnow,53.79,11.88
Warnow,53.89,11.21
Warnstedt,51.77,11.06
Warpe,52.73,9.10
Warrenzin,53.90,12.95
Warringholz,54.08,9.47
Warsow,52.71,12.64
Warsow,53.53,11.30
Warstein,51.47,8.31
Wartenberg,48.41,11.99
Wartenberg,50.62,9.45
Wartenberg-Rohrbach,49.53,7.85
Wartenburg,51.81,12.78
Warthausen,48.13,9.80
Wartin,53.25,14.16
Wartmannsroth,50.17,9.78
Warwerort,54.15,8.90
Warza,51.00,10.68
Wasbek,54.07,9.90
Wasbüttel,52.41,10.59
Waschow,53.52,11.01
Wasdow,54.00,12.77
Wasenbach,50.32,7.97
Wassenach,50.43,7.28
Wassenberg,51.10,6.15
Wasserburg (Bodensee),47.57,9.63
Wasserburg am Inn,48.05,12.22
Wasserleben,51.92,10.76
Wasserliesch,49.71,6.54
Wasserlosen,50.09,10.03
Wasserschutzpolizeidirektion Baden-Württemberg,49.48,8.47
Wasserthaleben,51.25,10.88
Wassertrüdingen,49.04,10.60
Wasungen,50.66,10.37
Wathlingen,52.54,10.15
Wattenbek,54.17,10.05
Wattendorf,50.03,11.13
Wattenheim,49.52,8.06
Wattmannshagen,53.78,12.41
Watzerath,50.18,6.37
Watzkendorf,53.39,13.31
Wawern,49.65,6.55
Wawern,50.12,6.48
Waxweiler,50.09,6.36
Waßmannsdorf,52.37,13.47
Webau,51.17,12.07
Weberstedt,51.11,10.51
Wechingen,48.89,10.61
Wechmar,50.89,10.78
Wechselburg,51.00,12.78
Weddelbrook,53.90,9.83
Weddersleben,51.77,11.09
Wedderstedt,51.84,11.24
Weddingstedt,54.23,9.09
Wedel,53.58,9.70
Wedemark,52.54,9.74
Wedendorf,53.78,11.12
Wedlitz,51.86,11.78
Weede,53.92,10.37
Weener,53.16,7.35
Weenzen,52.03,9.67
Wees,54.81,9.52
Weesby,54.83,9.15
Weeze,51.63,6.20
Wefensleben,52.18,11.16
Weferlingen,52.31,11.06
Wegberg,51.14,6.28
Wegeleben,51.88,11.17
Wegenstedt,52.39,11.20
Wegscheid,48.60,13.79
Wehingen,48.15,8.79
Wehnde,51.48,10.32
Wehr,47.63,7.90
Wehr,50.42,7.22
Wehrbleck,52.63,8.69
Wehretal,51.15,10.00
Wehrhain,51.72,13.42
Wehrheim,50.30,8.57
Wehringen,48.25,10.80
Weibern,50.41,7.15
Weibersbrunn,49.93,9.37
Weichering,48.72,11.32
Weichs,48.38,11.42
Weickelsdorf,51.05,11.95
Weida,50.77,12.06
Weiden,49.68,12.16
Weiden,49.82,7.30
Weidenbach,49.20,10.64
Weidenbach,50.13,6.72
Weidenbach,50.15,7.88
Weidenberg,49.94,11.72
Weidenhahn,50.55,7.83
Weidenstetten,48.55,10.00
Weidenthal,49.42,8.00
Weidhausen bei Coburg,50.20,11.14
Weiding,49.26,12.76
Weiding,49.48,12.57
Weidingen,50.02,6.38
Weigand,49.97,7.94
Weigendorf,49.50,11.57
Weigenheim,49.58,10.26
Weihenzell,49.35,10.62
Weiherhammer,49.63,12.07
Weihmichl,48.60,12.05
Weikersheim,49.48,9.90
Weil,48.12,10.92
Weil am Rhein,47.59,7.62
Weil der Stadt,48.75,8.87
Weil im Schönbuch,48.62,9.06
Weilar,50.77,10.15
Weilbach,49.67,9.22
Weilburg,50.48,8.26
Weilen unter den Rinnen,48.19,8.76
Weiler,49.96,7.86
Weiler,50.15,7.08
Weiler,50.32,7.12
Weiler bei Monzingen,49.80,7.57
Weiler-Simmerberg,47.58,9.91
Weilerbach,49.48,7.63
Weilersbach,49.75,11.12
Weilerswist,50.75,6.85
Weilheim,47.67,8.23
Weilheim an der Teck,48.62,9.54
Weilheim in Oberbayern,47.84,11.15
Weilmünster,50.43,8.38
Weilrod,50.33,8.42
Weiltingen,49.04,10.45
Weimar,50.75,8.70
Weimar,50.98,11.33
Weinbach,50.44,8.29
Weinböhla,51.17,13.57
Weingarten,47.81,9.64
Weingarten,49.05,8.53
Weingarten,49.26,8.29
Weingarten,50.97,10.54
Weingut Albert Kreuzberg,50.53,7.08
Weinheim,49.55,8.67
Weinolsheim,49.82,8.27
Weinsberg,49.15,9.29
Weinsheim,49.83,7.77
Weinsheim,50.23,6.47
Weinstadt,48.81,9.38
Weinähr,50.32,7.85
Weira,50.70,11.72
Weischlitz,50.44,12.01
Weischütz,51.22,11.70
Weisel,50.12,7.80
Weisen,53.03,11.79
Weisenbach,48.73,8.35
Weisendorf,49.62,10.83
Weisenheim am Berg,49.51,8.15
Weisenheim am Sand,49.52,8.25
Weiskirchen,49.55,6.82
Weismain,50.09,11.24
Weissach,48.85,8.93
Weissach im Tal,48.93,9.48
Weisweil,48.20,7.68
Weitefeld,50.73,7.93
Weitendorf,53.72,11.75
Weitendorf,53.90,12.28
Weitenhagen,54.05,13.41
Weitenhagen,54.23,12.79
Weitersbach,49.87,7.32
Weitersborn,49.85,7.53
Weitersburg,50.42,7.60
Weiterstadt,49.90,8.59
Weitersweiler,49.62,8.00
Weitnau,47.64,10.13
Weitramsdorf,50.26,10.88
Weixdorf,51.15,13.80
Weißandt-Gölzau,51.67,12.07
Weißbach,49.30,9.60
Weißbach,50.82,11.78
Weißdorf,50.18,11.85
Weißenberg,51.20,14.66
Weißenborn,50.92,11.88
Weißenborn,51.03,12.00
Weißenborn,51.13,10.12
Weißenborn-Lüderode,51.53,10.42
Weißenborn/Erzgebirge,50.87,13.42
Weißenbrunn,50.20,11.35
Weißenburg in Bayern,49.03,10.97
Weißendorf,50.68,12.00
Weißenfels,51.20,11.97
Weißenhorn,48.30,10.16
Weißenohe,49.63,11.25
Weißensberg,47.58,9.73
Weißenschirmbach,51.31,11.55
Weißensee,51.20,11.07
Weißenstadt,50.10,11.89
Weißenthurm,50.42,7.45
Weißewarte,52.47,11.88
Weißig am Raschütz,51.35,13.66
Weißkeißel,51.49,14.72
Weißwasser,51.50,14.64
Welbsleben,51.71,11.42
Welcherath,50.32,6.97
Welchweiler,49.58,7.50
Welden,48.46,10.66
Welfesholz,51.64,11.57
Welgesheim,49.88,7.97
Welkenbach,50.63,7.73
Welle,53.24,9.80
Wellen,49.67,6.43
Wellen,52.15,11.44
Wellendingen,48.15,8.70
Wellheim,48.82,11.09
Welling,50.33,7.32
Wellpappe Alzenau,50.08,9.07
Welmbüttel,54.20,9.25
Welschbillig,49.85,6.57
Welschenbach,50.37,7.07
Welschneudorf,50.37,7.80
Welsleben,52.00,11.64
Welsow,53.07,14.00
Welt,54.30,8.79
Welt Report,53.58,9.97
Welterod,50.13,7.88
Weltersburg,50.53,7.96
Welver,51.62,7.97
Welzheim,48.88,9.63
Welzow,51.58,14.17
Wembach,47.77,7.89
Wemding,48.87,10.72
Wenddorf,52.38,11.75
Wendeburg,52.33,10.39
Wendelsheim,49.77,8.00
Wendelstein,49.35,11.15
Wendemark,52.86,11.92
Wenden,50.97,7.87
Wendisch Baggendorf,54.07,12.94
Wendisch Evern,53.22,10.47
Wendisch Priborn,53.34,12.27
Wendisch Rietz,52.22,14.01
Wendisch Waren,53.57,12.13
Wendlingen am Neckar,48.67,9.38
Wendorf,53.67,11.66
Wendorf,54.26,13.08
Wendtorf,54.41,10.29
Weng,48.66,12.37
Wengelsdorf,51.28,12.04
Wennbüttel,54.13,9.33
Wennigsen,52.27,9.57
Wenningstedt,54.94,8.33
Wensickendorf,52.76,13.38
Wensin,53.98,10.42
Wentorf,53.68,10.47
Wentorf bei Hamburg,53.50,10.25
Wenze,52.56,11.13
Wenzenbach,49.08,12.20
Wenzendorf,53.35,9.77
Wenzlow,52.30,12.45
Werbach,49.67,9.64
Werben,51.82,14.18
Werben (Elbe),52.87,11.98
Werbig,52.56,14.38
Werchau,51.78,13.32
Werchow,51.73,13.96
Werda,50.44,12.30
Werdau,50.74,12.38
Werder,52.52,13.94
Werder,53.50,12.01
Werder,53.72,13.36
Werder (Havel),52.37,12.92
Werdohl,51.26,7.77
Werdum,53.66,7.72
Werenzhain,51.65,13.53
Werkhausen,50.73,7.53
Werl,51.55,7.91
Werlaburgdorf,52.05,10.54
Werle,53.26,11.68
Werlte,52.85,7.68
Wermelskirchen,51.14,7.22
Wermsdorf,51.28,12.95
Wernau,48.69,9.42
Wernberg-Köblitz,49.54,12.16
Wernburg,50.68,11.60
Werne,51.66,7.63
Werneck,49.98,10.10
Wernersberg,49.19,7.93
Werneuchen,52.63,13.73
Wernigerode,51.84,10.78
Werningshausen,51.14,11.00
Wernsdorf,52.37,13.70
Wernshausen,50.72,10.35
Wernstedt,52.65,11.34
Weroth,50.46,7.95
Werpeloh,52.87,7.51
Werra-Meißner-Kreis Der Kreisausschuß,51.19,10.05
Werschen,51.13,12.06
Wershofen,50.44,6.81
Wertach,47.60,10.41
Wertheim,49.76,9.51
Wertheim,52.46,13.33
Werther,51.47,10.75
Werther,52.08,8.42
Wertingen,48.56,10.68
Wesel,51.66,6.68
Wesel,51.67,6.62
Weselberg,49.34,7.61
Wesenberg,53.28,12.97
Wesenberg,53.83,10.55
Wesendorf,52.60,10.53
Wesendorf,52.98,13.38
Weserbergland-Klinik,51.79,9.38
Wespen,51.96,11.83
Wesselburen,54.21,8.92
Wesselburener-Deichhausen,54.17,8.93
Wesselburenerkoog,54.25,8.88
Wesseling,50.83,6.97
Wesseln,54.21,9.08
Wessin,53.57,11.73
Wessobrunn,47.87,11.02
West östl. Diven,52.51,13.39
Westdorf,51.74,11.44
Weste,53.06,10.70
Westenbrügge,54.04,11.74
Westendorf,47.93,10.72
Westendorf,48.57,10.84
Westenfeld,50.43,10.50
Westensee,54.27,9.90
Wester-Ohrstedt,54.51,9.19
Westerau,53.78,10.49
Westerborstel,54.23,9.28
Westerburg,50.56,7.97
Westerdeichstrich,54.16,8.86
Westeregeln,51.96,11.39
Westergellersen,53.23,10.25
Westerhausen,51.83,11.19
Westerheim,48.02,10.30
Westerheim,48.52,9.62
Westerhever,54.38,8.68
Westerholt,53.60,7.45
Westerholz,54.82,9.67
Westerhorn,53.86,9.68
Westerkappeln,52.32,7.88
Westerland,54.91,8.30
Westermoor,53.91,9.62
Westerngrund,50.10,9.25
Westernohe,50.59,8.10
Westerrade,53.93,10.45
Westerrönfeld,54.28,9.65
Westerstede,53.26,7.93
Westerstetten,48.52,9.95
Westertimke,53.24,9.13
Westerwald-Brauerei,50.66,7.82
Westerwalsede,53.03,9.37
Westf. Drahtindustrie,51.68,7.81
Westf. Klinik für Psychiatrie und Psychotherapie,51.45,8.36
Westfalia - Werke,51.85,8.31
Westfeld,52.05,9.92
Westfälische Diakonissenanstalt Sarepta,52.01,8.52
Westfälische Nachrichten,51.95,7.64
Westfälisches Zentrum für Psychiatrie und Psychotherapie Herten,51.59,7.13
Westgreußen,51.24,10.92
Westhausen,48.88,10.18
Westhausen,50.32,10.66
Westhausen,51.02,10.68
Westheim,49.00,10.67
Westheim,49.25,8.32
Westhofen,49.70,8.25
Westoverledingen,53.17,7.46
Westre,54.85,8.98
Wethau,51.14,11.86
Wetschen,52.61,8.45
Wettelrode,51.52,11.29
Wettenberg,50.62,8.65
Wetter,50.90,8.72
Wetter (Ruhr),51.39,7.39
Wetteraukreis Der Kreisausschuß Außenstelle Büdingen,50.29,9.11
Wetterzeube,51.00,12.02
Wettin,51.59,11.81
Wettlingen,49.93,6.40
Wettringen,49.26,10.16
Wettringen,52.21,7.32
Wettrup,52.59,7.60
Wettstetten,48.82,11.41
Wetzlar,50.55,8.51
Wetzlar,50.57,8.52
Wewelsfleth,53.85,9.40
Weyarn,47.86,11.80
Weyer,50.18,7.72
Weyerbusch,50.72,7.55
Weyhausen,52.46,10.72
Weyhe,52.99,8.83
Weyher in der Pfalz,49.27,8.09
Weßling,48.07,11.25
Wichmar,51.03,11.68
Wickede,51.50,7.87
Wickenrodt,49.82,7.35
Wickerode,51.48,11.13
Wickerstedt,51.06,11.54
Widdern,49.32,9.42
Wiebelsdorf,50.72,11.95
Wiebelsheim,50.08,7.63
Wiebendorf,53.40,10.82
Wieblitz-Eversdorf,52.81,11.09
Wieck,54.41,12.58
Wied,50.64,7.76
Wieda,51.63,10.59
Wiedemar,51.47,12.20
Wieden,47.84,7.88
Wiedenborstel,54.04,9.76
Wiedensahl,52.38,9.12
Wiedenzhausen,48.30,11.24
Wiedergeltingen,48.04,10.67
Wiederstedt,51.67,11.53
Wiednitz,51.39,14.03
Wiefelstede,53.25,8.12
Wiegendorf,50.98,11.43
Wieglitz,52.36,11.32
Wiehe,51.27,11.41
Wiehl,50.95,7.55
Wiek,54.62,13.29
Wielen,52.55,6.72
Wielenbach,47.87,11.16
Wiemer u. Trachte,52.49,13.32
Wiemersdorf,53.96,9.90
Wiemerstedt,54.27,9.12
Wiendorf,51.71,11.81
Wiendorf,53.95,12.15
Wienhausen,52.58,10.19
Wienrode,51.77,10.97
Wiepke,52.60,11.33
Wieren,52.89,10.66
Wiernsheim,48.88,8.85
Wierschem,50.23,7.35
Wiersdorf,50.00,6.45
Wiershop,53.43,10.45
Wies,47.75,7.77
Wiesa,50.61,13.01
Wiesau,49.91,12.19
Wiesbach,49.33,7.45
Wiesbaden,50.04,8.20
Wiesbaden,50.07,8.26
Wiesbaden,50.08,8.24
Wiesbaum,50.34,6.67
Wiesemscheid,50.33,6.88
Wiesen,50.12,9.37
Wiesenau,52.23,14.59
Wiesenbach,48.27,10.33
Wiesenbach,49.36,8.80
Wiesenbronn,49.75,10.30
Wiesenburg,52.11,12.46
Wiesenfeld,51.27,10.11
Wiesenfelden,49.04,12.54
Wiesengrund,51.70,14.55
Wiesensteig,48.56,9.63
Wiesent,49.02,12.38
Wiesenthal,50.70,10.17
Wiesenthau,49.71,11.14
Wiesentheid,49.79,10.35
Wiesenttal,49.80,11.27
Wieserode,51.68,11.33
Wieseth,49.17,10.48
Wieskau,51.65,11.94
Wieslet,47.69,7.80
Wiesloch,49.30,8.70
Wiesmoor,53.42,7.73
Wiesmoor Marcardsmoor,53.46,7.71
Wiesmoor Voßbarg,53.39,7.69
Wiesmoor Wiesederfehn,53.43,7.76
Wiesmoor Wiesmoor,53.41,7.74
Wiesmoor Zwischenbergen,53.37,7.68
Wiesthal,50.03,9.43
Wiesweiler,49.63,7.57
Wietmarschen,52.52,7.13
Wietstock,53.71,13.79
Wietze,52.65,9.83
Wietzen,52.72,9.08
Wietzendorf,52.92,9.98
Wiggensbach,47.75,10.23
Wilburgstetten,49.02,10.39
Wildau,52.32,13.63
Wildberg,48.62,8.75
Wildberg,51.78,13.32
Wildberg,53.65,13.12
Wildeck,50.95,9.98
Wildemann,51.83,10.28
Wildenberg,48.73,11.90
Wildenbruch,52.28,13.06
Wildenbörten,50.92,12.28
Wildenfels,50.67,12.61
Wildenfels Härtensdorf,50.68,12.61
Wildenfels Schönau,50.66,12.58
Wildenfels Wiesen,50.64,12.56
Wildenfels Wiesenburg,50.65,12.56
Wildenfels Wildenfels,50.68,12.59
Wildenhain,51.31,13.48
Wildenspring,50.60,11.07
Wildeshausen,52.89,8.43
Wildetaube,50.72,12.12
Wildflecken,50.38,9.91
Wildpoldsried,47.77,10.40
Wildsteig,47.70,10.94
Wilgartswiesen,49.21,7.87
Wilhelmsburg,53.64,13.86
Wilhelmsdorf,47.87,9.43
Wilhelmsdorf,49.56,10.74
Wilhelmsdorf,50.63,11.55
Wilhelmsfeld,49.47,8.75
Wilhelmshaven,53.52,8.11
Wilhelmshaven,53.56,8.13
Wilhelmshorst,52.33,13.06
Wilhelmsthal,50.31,11.37
Wilhermsdorf,49.48,10.72
Wilkau-Haßlau,50.67,12.51
Willanzheim,49.68,10.23
Willebadessen,51.63,9.04
Willenscharen,54.02,9.80
Willerstedt,51.09,11.45
Willich,51.26,6.55
Willingen,50.67,8.09
Willingen (Upland),51.30,8.62
Willingshausen,50.85,9.20
Willmars,50.50,10.25
Willmenrod,50.54,7.98
Willmering,49.25,12.67
Willroth,50.57,7.53
Willstätt,48.54,7.89
Willwerscheid,50.03,6.93
Wilmersdorf,52.66,13.69
Wilmersdorf,53.11,13.91
Wilmersdorf,53.16,12.31
Wilmshagen,54.17,13.17
Wilnsdorf,50.82,8.10
Wilschdorf,51.12,13.72
Wilsdruff,51.05,13.54
Wilsecker,50.02,6.58
Wilsleben,51.80,11.43
Wilstedt,53.19,9.10
Wilster,53.92,9.37
Wilsum,52.53,6.85
Wilthen,51.10,14.39
Wiltingen,49.66,6.59
Wilzenberg-Hußweiler,49.70,7.22
Wimbach,50.37,6.92
Wimmelburg,51.52,11.51
Wimsheim,48.85,8.83
Wincheringen,49.61,6.43
Windach,48.07,11.03
Windberg,48.94,12.75
Windberge,52.52,11.71
Windbergen,54.05,9.12
Windeby,54.47,9.82
Windeck,50.79,7.57
Windehausen,51.47,10.87
Windelsbach,49.40,10.30
Winden,49.10,8.12
Winden,50.33,7.83
Winden im Elztal,48.14,8.05
Windesheim,49.90,7.82
Windhagen,50.64,7.35
Windhausen,51.79,10.21
Windischeschenbach,49.80,12.16
Windischleuba,51.02,12.47
Windorf,48.62,13.22
Windsbach,49.25,10.83
Wingerode,51.39,10.24
Wingst,53.74,9.08
Winhöring,48.27,12.65
Winkel,50.15,6.95
Winkel,51.40,11.46
Winkelbach,50.65,7.73
Winkelhaid,49.39,11.30
Winkelsett,52.87,8.53
Winkelstedt,52.68,11.32
Winklarn,49.43,12.48
Winnemark,54.62,9.92
Winnen,50.57,8.01
Winnenden,48.88,9.40
Winnerath,50.43,6.88
Winnert,54.43,9.20
Winnigstedt,52.07,10.77
Winningen,50.32,7.52
Winnweiler,49.57,7.85
Winringen,50.15,6.42
Winseldorf,53.94,9.61
Winsen,53.83,10.02
Winsen (Aller),52.68,9.91
Winsen (Luhe),53.35,10.21
Winterbach,48.47,10.48
Winterbach,48.80,9.48
Winterbach,49.30,7.47
Winterbach,49.87,7.63
Winterberg,51.19,8.53
Winterborn,49.75,7.87
Winterburg,49.87,7.65
Winterfeld,52.74,11.25
Winterhausen,49.71,10.02
Winterlingen,48.18,9.12
Winterrieden,48.12,10.23
Winterscheid,50.23,6.25
Wintersdorf,51.05,12.35
Wintersheim,49.78,8.28
Winterspelt,50.22,6.22
Winterwerb,50.24,7.74
Wintrich,49.88,6.95
Wintzingerode,51.44,10.33
Winzenburg,51.93,9.93
Winzer,48.72,13.08
Wipfeld,49.92,10.17
Wipfratal,50.78,11.00
Wipperdorf,51.46,10.64
Wipperfürth,51.12,7.40
Wippingen,52.92,7.41
Wippra,51.57,11.28
Wirdum,53.48,7.21
Wirft,50.37,6.87
Wirfus,50.20,7.20
Wirges,50.47,7.80
Wirsberg,50.11,11.61
Wirscheid,50.47,7.67
Wirschweiler,49.77,7.17
Wisch,54.41,10.34
Wisch,54.42,9.15
Wischhafen,53.78,9.32
Wischroda,51.16,11.55
Wismar,53.89,11.46
Wismar,53.90,11.40
"Wismar, Mecklenburg",53.89,11.46
Wissen,50.78,7.73
Wissoll,51.42,6.85
Wistedt,53.27,9.68
Witsum,54.70,8.44
Wittbek,54.47,9.20
Wittdün,54.63,8.39
Wittelshofen,49.06,10.48
Witten,51.43,7.33
Witten,51.44,7.36
Witten,51.46,7.37
Wittenbeck,54.12,11.79
Wittenberge,53.01,11.75
Wittenbergen,53.93,9.69
Wittenborn,53.92,10.22
Wittenburg,53.51,11.08
Wittenförden,53.63,11.33
Wittenhagen,54.18,13.07
Wittenmoor,52.54,11.69
Witterda,51.04,10.89
Wittgendorf,50.60,11.23
Wittgendorf,50.98,12.19
Wittgensdorf,50.88,12.87
Wittgert,50.50,7.70
Wittibreut,48.33,12.99
Wittichenau,51.38,14.24
Wittighausen,49.62,9.84
Wittingen,52.73,10.74
Wittislingen,48.62,10.42
Wittlich,49.99,6.89
Wittlingen,47.66,7.65
Wittmannsdorf-Bückchen,52.07,14.05
Wittmar,52.13,10.64
Wittmoldt,54.17,10.37
Wittmund,53.58,7.78
Wittmund Ardorf,53.53,7.69
Wittmund Asel,53.58,7.82
Wittmund Berdum,53.63,7.81
Wittmund Blersum,53.60,7.74
Wittmund Burhafe,53.60,7.71
Wittmund Buttforde,53.62,7.73
Wittmund Carolinensiel,53.69,7.80
Wittmund Eggelingen,53.61,7.83
Wittmund Funnix,53.63,7.78
Wittmund Hovel,53.53,7.73
Wittmund Leerhafe,53.53,7.78
Wittmund Uttel,53.59,7.77
Wittmund Willen,53.56,7.73
Wittmund Wittmund,53.56,7.69
Wittnau,47.95,7.82
Wittorf,53.33,10.38
Wittstock/Dosse,53.15,12.49
Wittstock/Dosse Berlinchen,53.22,12.58
Wittstock/Dosse Christdorf,53.08,12.47
Wittstock/Dosse Dossow,53.12,12.53
Wittstock/Dosse Dranse,53.20,12.62
Wittstock/Dosse Fretzdorf,53.07,12.55
Wittstock/Dosse Freyenstein,53.28,12.35
Wittstock/Dosse Gadow,53.12,12.62
Wittstock/Dosse Goldbeck,53.13,12.52
Wittstock/Dosse Groß Haßlow,53.18,12.55
Wittstock/Dosse Herzsprung,53.07,12.47
Wittstock/Dosse Königsberg,53.07,12.43
Wittstock/Dosse Niemerlang,53.25,12.35
Wittstock/Dosse Rossow,53.05,12.57
Wittstock/Dosse Schweinrich,53.18,12.63
Wittstock/Dosse Sewekow,53.25,12.65
Wittstock/Dosse Wulfersdorf,53.25,12.43
Wittstock/Dosse Zempow,53.22,12.73
Wittstock/Dosse Zootzen,53.13,12.58
Witzeeze,53.45,10.61
Witzenhausen,51.33,9.86
Witzhave,53.57,10.33
Witzin,53.72,11.92
Witzleben,50.82,11.12
Witzmannsberg,48.72,13.42
Witzwort,54.40,8.98
Wißmannsdorf,49.98,6.45
Wobbenbüll,54.53,9.00
Woggersin,53.61,13.23
Wohlde,54.41,9.30
Wohlmirstedt,51.25,11.46
Wohlsborn,51.03,11.37
Wohlsdorf,51.76,11.87
Wohltorf,53.52,10.28
Wohnste,53.35,9.53
Wohnungsbauförderungsanstalt NRW,51.96,7.63
Wohratal,50.94,8.93
Wokuhl-Dabelow,53.27,13.20
Wolde,53.68,13.08
Woldegk,53.46,13.58
Woldert,50.60,7.65
Wolfach,48.29,8.22
Wolfegg,47.82,9.79
Wolfen,51.66,12.27
Wolfenbüttel,52.14,10.55
Wolfenbüttel,52.16,10.54
Wolfenbüttel,52.16,10.56
Wolferode,51.51,11.51
Wolferschwenda,51.23,10.80
Wolfersdorf,48.48,11.71
Wolferstadt,48.90,10.78
Wolferstedt,51.43,11.43
Wolfertschwenden,47.89,10.27
Wolfgang Ritter Kantinenbetrieb,48.14,11.56
Wolfhagen,51.33,9.17
Wolfmannshausen,50.43,10.46
Wolframs-Eschenbach,49.23,10.73
Wolfratshausen,47.91,11.42
Wolfsberg,50.71,10.99
Wolfsberg,51.55,11.10
Wolfsburg,52.42,10.72
Wolfsburg,52.42,10.78
Wolfsburg-Unkeroda,50.93,10.27
Wolfschlugen,48.65,9.28
Wolfsegg,49.11,11.98
Wolfshagen,53.15,12.01
Wolfshain,51.58,14.59
Wolfsheim,49.87,8.04
Wolfstein,49.58,7.61
Wolgast,54.05,13.77
Wolken,50.33,7.47
Wolkenstein,50.66,13.07
Wolkramshausen,51.42,10.74
Wollbach,50.37,10.23
Wollbrandshausen,51.58,10.17
Wollershausen,51.60,10.25
Wolletz,53.02,13.90
Wollin,52.28,12.47
Wollin,53.32,14.22
Wollmerath,50.15,6.98
Wolmersdorf,54.08,9.10
Wolmirsleben,51.95,11.48
Wolmirstedt,52.25,11.63
Wolnzach,48.60,11.63
Wolpertshausen,49.17,9.84
Wolpertswende,47.89,9.61
Wolsdorf,52.19,10.94
Wolsfeld,49.91,6.47
Woltersdorf,52.16,11.78
Woltersdorf,52.45,13.76
Woltersdorf,52.95,11.22
Woltersdorf,53.18,14.22
Woltersdorf,53.57,10.64
Woltershausen,51.98,9.95
Wolzig,52.27,13.84
Womrath,49.92,7.45
Wonfurt,50.02,10.47
Wonneberg,47.92,12.72
Wonsees,49.98,11.30
Wonsheim,49.78,7.97
Woosmer,53.20,11.18
Wootz,53.07,11.35
Woppenroth,49.87,7.42
Worbis,51.42,10.36
Woringen,47.92,10.20
Worms,49.63,8.36
Worms,49.64,8.33
Wormsdorf,52.13,11.19
Worpswede,53.22,8.93
Worth,53.47,10.42
Wotenick,53.94,12.99
Wrangelsburg,54.02,13.59
Wredenhagen,53.29,12.52
Wremen,53.65,8.52
Wrestedt,52.90,10.57
Wriedel,53.03,10.30
Wriezen,52.72,14.13
Wriezener Höhe,52.70,14.06
Wrist,53.93,9.77
Wrixum,54.70,8.55
Wrohm,54.21,9.38
Wulfen,51.82,11.93
Wulferstedt,52.02,11.13
Wulfsen,53.30,10.15
Wulfsmoor,53.91,9.72
Wulften,51.66,10.17
Wulkau,52.76,12.07
Wulkenzin,53.54,13.17
Wulkow,52.50,12.13
Wulsbüttel,53.32,8.67
Wundersleben,51.15,11.04
Wunsiedel,50.04,12.00
Wunstorf,52.42,9.44
Wuppertal,51.24,7.17
Wuppertal,51.25,7.10
Wuppertal,51.26,7.13
Wuppertal,51.26,7.15
Wuppertal,51.31,7.25
Wurmannsquick,48.35,12.79
Wurmberg,48.87,8.82
Wurmlingen,48.00,8.78
Wurmsham,48.35,12.33
Wurzbach,50.46,11.54
Wurzen,51.39,12.80
Wust,52.41,12.61
Wust,52.55,12.11
Wusterhausen (Dosse),52.88,12.47
Wusterhusen,54.11,13.62
Wustermark,52.55,12.95
Wusterwitz,52.37,12.38
Wustrow,52.92,11.13
Wustrow,53.23,12.97
Wustrow,54.35,12.40
Wutach,47.83,8.43
Wutha-Farnroda,50.95,10.39
Wutike,53.02,12.37
Wutöschingen,47.66,8.37
Wußwerk,51.93,14.05
Wyhl am Kaiserstuhl,48.17,7.65
Wyhratal,51.09,12.52
Wyk auf Föhr,54.69,8.57
Wymeer,53.13,7.24
Wächtersbach,50.26,9.30
Wäschenbeuren,48.76,9.69
Wöbbelin,53.40,11.50
Wöhrden,54.17,9.00
Wölferbütt,50.77,10.05
Wölferlingen,50.56,7.85
Wölfershausen,50.48,10.43
Wölfersheim,50.40,8.82
Wölfis,50.81,10.78
Wöllstadt,50.28,8.77
Wöllstein,49.82,7.97
Wölmersen,50.72,7.60
Wölpinghausen,52.42,9.23
Wölpinghausen Bergkirchen,52.41,9.26
Wölpinghausen Schmalenbruch-Windhorn,52.42,9.27
Wölpinghausen Wiedenbrügge,52.43,9.26
Wölpinghausen Wölpinghausen,52.42,9.23
Wörbzig,51.72,11.89
Wörlitz,51.84,12.42
Wörmlitz,52.17,11.84
Wörnersberg,48.57,8.57
Wörnitz,49.26,10.24
Wörpen,51.93,12.50
Wörrstadt,49.85,8.12
Wört,49.03,10.27
Wörth,48.25,11.90
Wörth am Main,49.80,9.15
Wörth am Rhein,49.05,8.26
Wörth an der Donau,49.00,12.41
Wörth an der Isar,48.62,12.34
Wörthsee,48.07,11.20
Wülfershausen an der Saale,50.33,10.34
Wülfrath,51.28,7.04
Wülknitz,51.37,13.40
Wülknitz,51.72,11.93
Wülperode,51.98,10.60
Wünsch,51.35,11.80
Wünschendorf,50.77,12.04
Wünsdorf,52.16,13.47
Würchwitz,51.02,12.23
Würrich,49.98,7.30
Würselen,50.82,6.13
Würzburg,49.80,9.93
Würzburg,49.80,9.98
Würzweiler,49.65,7.87
Wüschheim,50.02,7.42
Wüstenfelde,53.94,13.15
Wüstenjerichow,52.22,12.12
Wüstenrot,49.08,9.46
Wüstheuterode,51.32,10.06
Xanten,51.66,6.45
ZDF Hauptstadtstudio Berlin,52.52,13.39
ZDF Landesstudio Bayern,48.19,11.66
ZDF Sendezentrum,49.96,8.21
ZG Raiffeisen eG,49.00,8.40
ZVS Zentralstelle für die Vergabe von Studienplätzen,51.51,7.45
Zabakuck,52.46,12.21
Zabelsdorf,53.05,13.25
Zabeltitz,51.35,13.50
Zabenstedt,51.62,11.67
Zaberfeld,49.06,8.93
Zabitz,51.78,11.92
Zachenberg,48.97,13.00
Zachow,52.48,12.78
Zadelsdorf,50.67,11.94
Zahna,51.91,12.79
Zahrensdorf,53.76,11.67
Zaisenhausen,49.11,8.81
Zalando Lounge,52.38,13.31
Zandt,49.15,12.73
Zangberg,48.27,12.42
Zapel,53.55,11.67
Zapfendorf,50.02,10.93
Zappendorf,51.51,11.80
Zarnekow,53.90,12.90
Zarnewanz,54.06,12.49
Zarpen,53.87,10.52
Zarrendorf,54.24,13.10
Zarrentin,53.55,10.92
Zechin,52.61,14.45
Zechin Buschdorf,52.60,14.44
Zechin Friedrichsaue,52.60,14.47
Zechin Zechin,52.61,14.46
Zeckerin,51.71,13.63
Zeddenick,52.14,11.90
Zedlitz,50.82,12.03
Zeesen,52.28,13.64
Zeestow,52.57,12.96
Zehbitz,51.67,12.13
Zehdenick,52.98,13.33
Zehlendorf,52.78,13.39
Zehna,53.72,12.14
Zehnhausen bei Rennerod,50.65,8.06
Zehnhausen bei Wallmerod,50.48,7.92
Zeil am Main,50.00,10.61
Zeilarn,48.31,12.90
Zeiskam,49.23,8.25
Zeithain,51.33,13.34
Zeitlarn,49.08,12.11
Zeitlofs,50.26,9.67
Zeitz,51.05,12.14
Zell,49.14,12.41
Zell,50.03,7.18
Zell,50.13,11.80
Zell am Harmersbach,48.35,8.07
Zell am Main,49.81,9.87
Zell im Wiesental,47.71,7.85
Zell unter Aichelberg,48.65,9.57
Zell-Zellertal,49.65,8.14
Zella,50.67,10.11
Zella-Mehlis,50.66,10.66
Zellingen,49.90,9.82
Zeltingen-Rachtig,49.95,7.02
Zemitz,53.98,13.76
Zemmer,49.90,6.70
Zemnick,51.87,12.84
Zempin,54.06,13.95
Zendscheid,50.10,6.60
Zenith Maschinenfabrik,50.78,8.02
Zens,51.94,11.72
Zenting,48.79,13.26
Zentrale Paketermittlung,51.21,7.06
Zentrale Zahlstelle Justiz,51.68,7.83
Zentrale Zulagenstelle für Altersvermögen der BfA,52.49,13.31
Zentrales Mahngericht,52.55,13.38
Zentrales Testamentsregister,52.51,13.39
Zentralinstitut für Seelische Gesundheit,49.49,8.46
Zentralkrankenhaus Bremen-Ost,53.07,8.94
Zentralstelle für Arbeitsvermittlung,50.71,7.06
Zentrum Bayern Familie und Soziales (ZBFS),49.80,9.92
Zentrum Bayern Familie und Soziales -Region Schwaben-,48.36,10.89
Zentrum Bayern Familie und Soziales Region Mittelfranken,49.45,11.06
Zentrum Bayern Familie und Soziales Region Niederbayern,48.54,12.16
Zentrum Bayern Familie und Soziales Region Oberbayern II,48.14,11.55
Zentrum Bayern Familie und Soziales Region Oberfranken,49.93,11.57
Zentrum Bayern Familie und Soziales Region Oberpfalz,49.01,12.12
Zentrum für Nachwuchsgewinnung,53.52,8.07
Zepelin,53.83,12.05
Zepernick,52.65,13.54
Zepkow,53.30,12.49
Zeppernick,52.13,12.02
Zerbst,51.97,12.09
Zerf,49.60,6.68
Zernien,53.07,10.88
Zernitz,52.02,12.08
Zernitz-Lohm,52.88,12.34
Zernsdorf,52.30,13.70
Zerpenschleuse,52.85,13.53
Zerrenthin,53.49,14.09
Zeschdorf,52.42,14.39
Zeschdorf Alt Zeschdorf,52.42,14.45
Zeschdorf Döbberin,52.44,14.37
Zeschdorf Petershagen,52.40,14.34
Zetel,53.42,7.98
Zetel Neuenburg,53.39,7.95
Zetel Zetel,53.39,7.95
Zethlingen,52.70,11.29
Zettemin,53.65,12.83
Zettingen,50.23,7.20
Zettlitz,51.07,12.83
Zeuchfeld,51.24,11.83
Zeulenroda,50.65,11.98
Zeuthen,52.35,13.62
Zeven,53.30,9.28
Zichow,53.19,14.04
Zichtau,52.61,11.30
Zickeritz,51.63,11.73
Zickhusen,53.76,11.41
Ziegelheim,50.93,12.55
Ziegelroda,51.33,11.47
Ziegendorf,53.30,11.81
Ziegenhain,50.68,7.53
Ziegenrück,50.61,11.65
Ziegra-Knobelsdorf,51.09,13.07
Zieko,51.91,12.41
Zielitz,52.29,11.68
Ziemendorf,52.91,11.49
Ziemetshausen,48.29,10.54
Ziepel,52.15,11.87
Zierenberg,51.37,9.30
Zierow,53.93,11.38
Ziertheim,48.65,10.40
Zierzow,53.28,11.68
Ziesar,52.24,12.35
Ziesendorf,53.99,12.04
Ziethen,52.97,13.92
Ziethen,53.69,10.81
Ziethen,53.89,13.68
Zilly,51.95,10.83
Zilshausen,50.12,7.38
Ziltendorf,52.21,14.62
Ziltendorf Aurith,52.25,14.68
Ziltendorf Ernst-Thälmann-Siedlung,52.23,14.63
Zimmern,51.00,11.63
Zimmern ob Rottweil,48.17,8.59
Zimmern unter der Burg,48.22,8.72
Zimmernsupra,50.98,10.87
Zimmerschied,50.35,7.78
Zingst,54.44,12.69
Zinna,51.57,12.95
Zinndorf,52.50,13.92
Zinnowitz,54.07,13.90
Zinzow,53.71,13.55
Zirchow,53.89,14.14
Zirkow,54.39,13.54
Zirndorf,49.44,10.95
Zirzow,53.58,13.20
Zislow,53.43,12.31
Zittau,50.90,14.81
Zivilsenate des Oberlandesgerichts,51.31,9.50
Zobbenitz,52.40,11.37
Zoll- u. Außenwirtschaftszweckgem. Dornier Friedrichshafen GbR,47.67,9.39
Zollchow,52.53,12.21
Zolling,48.45,11.77
Zootzen,53.15,13.21
Zorbau,51.19,12.02
Zorge,51.63,10.63
Zorneding,48.08,11.82
Zornheim,49.89,8.22
Zossen,52.22,13.45
Zotzenheim,49.87,7.97
Zschadraß,51.13,12.82
Zschaitz-Ottewig,51.17,13.20
Zschepplin,51.50,12.60
Zscherben,51.47,11.87
Zschopau,50.75,13.08
Zschorlau,50.57,12.65
Zschornewitz,51.72,12.40
Zschortau,51.48,12.36
Zuchau,51.85,11.85
Zudar,54.26,13.35
Zur Rose Pharma Abt. VfG,51.47,11.99
Zurow,53.86,11.61
Zusamaltheim,48.53,10.64
Zusmarshausen,48.40,10.60
Zuzenhausen,49.30,8.82
Zweckverband Krankenhaus B.O. Mühlenkreisklinik,52.19,8.80
Zweckverband Stadt-und Kreiskrankenhaus Ansbach,49.32,10.56
Zweibrücken,49.25,7.37
Zweifelscheid,50.03,6.25
Zweiflingen,49.26,9.52
Zweigart & Sawitzki,48.71,8.98
Zweimen,51.36,12.14
Zwenkau,51.22,12.33
Zweygart Fachgroßhandel,48.69,8.98
Zwickau,50.71,12.49
Zwiefalten,48.23,9.46
Zwiesel,49.02,13.24
Zwinge,51.55,10.38
Zwingenberg,49.42,9.04
Zwingenberg,49.72,8.61
Zwochau,51.46,12.27
Zwota,50.35,12.42
Zwönitz,50.63,12.81
Zöblitz,50.66,13.23
Zölkow,53.56,11.82
Zöllnitz,50.87,11.64
Zörbig,51.63,12.12
Zörnigall,51.87,12.76
Zöschen,51.36,12.12
Zöschingen,48.67,10.33
Zühlsdorf,52.73,13.39
Zülow,53.58,11.27
Zülpich,50.70,6.65
Züsch,49.65,7.00
Züsedom,53.44,14.02
Züsow,53.92,11.67
Züssow,53.98,13.55
anwr Ariston-Nord-West-Ring eG,50.02,9.00
bol.de,51.34,7.51
creation L,49.03,12.13
edding Aktiengesellschaft,53.69,10.26
harmony.fm,50.19,8.75
hkk,53.08,8.80
knpbmedia b.v.,50.86,6.08
mhplus,48.55,12.55
planet Radio,50.19,8.75
pronova BKK,49.48,8.46
rhenag,50.80,7.20
"tekla Technik, Tor + Tür-Teckentrup",51.90,8.46
v. Bodelschwinghsche Anstalten Bethel Buchhandlung,52.01,8.52
v. Bodelschwinghsche Anstalten Sarepta Abendfrieden,52.01,8.53
von Bülow & Collegen Rechtsanwälte,49.14,9.22
Ärzteversorgung Westfalen-Lippe,51.95,7.61
Ärztliche Verrechnungsstelle Büdingen,50.29,9.11
Ärztliche Verrechnungsstelle Büdingen,50.60,8.69
Öhningen,47.66,8.89
Öhringen,49.20,9.51
Ölbronn-Dürrn,48.97,8.75
Öllingen,48.53,10.15
Ölsen,50.73,7.60
Ölsig,51.68,13.38
Öpfingen,48.29,9.80
Östringen,49.22,8.71
Ötigheim,48.89,8.23
Ötisheim,48.97,8.80
Ötzingen,50.50,7.83
"ÜGP MVZ Institut für Pathologie, Dermatopathologie, Zytologie und",50.54,8.53
Übach-Palenberg,50.92,6.12
Übereisenbach,50.00,6.15
Überherrn,49.24,6.70
Überlingen,47.77,9.17
Übersee,47.82,12.48
Üchtelhausen,50.09,10.27
Ückeritz,54.01,14.05
Üdersdorf,50.15,6.80
Ühlingen-Birkendorf,47.72,8.32
Ürzig,49.98,7.01
Üttfeld,50.13,6.25
Üxheim,50.35,6.75
